"FormatVersion","v1.0"
"Disclaimer","This pricing list is for informational purposes only. All prices are subject to the additional terms included in the pricing pages on http://aws.amazon.com. All Free Tier prices are also subject to the terms included at https://aws.amazon.com/free/"
"Publication Date","2026-10-08T18:48:50Z"
"Version","20261008184850"
"OfferCode","AmazonEC2"
"SKU","OfferTermCode","RateCode","TermType","PriceDescription","EffectiveDate","StartingRange","EndingRange","Unit","PricePerUnit","Currency","RelatedTo","LeaseContractLength","PurchaseOption","OfferingClass","Product Family","serviceCode","Location","Location Type","Instance Type","Current Generation","Instance Family","vCPU","Physical Processor","Clock Speed","Memory","Storage","Network Performance","Processor Architecture","Storage Media","Volume Type","Max Volume Size","Max IOPS/volume","Max IOPS Burst Performance","Max throughput/volume","Provisioned","Tenancy","Operating System","License Model","Group","Group Description","To Location","usageType","operation","AvailabilityZone","CapacityStatus","ClassicNetworkingSupport","Dedicated EBS Throughput","Dedicated EBS Throughput Description","ECU","Enhanced Networking Supported","GPU","GPU Memory","Instance","Instance Capacity - 12xlarge","Instance Capacity - 16xlarge","Instance Capacity - 18xlarge","Instance Capacity - 24xlarge","Instance Capacity - 2xlarge","Instance Capacity - 32xlarge","Instance Capacity - 4xlarge","Instance Capacity - 8xlarge","Instance Capacity - 9xlarge","Instance Capacity - large","Instance Capacity - metal","Instance Capacity - xlarge","Instance Family Category","instanceSKU","Intel AVX2 Available","Intel AVX Available","Intel Turbo Available","MarketOption","Normalization Size Factor","Physical Cores","Pre Installed S/W","Processor Features","Product Type","Region Code","Resource Type","serviceName","SnapshotArchiveFeeType","To Region Code","Volume API Name","VPCNetworkingSupport"
"24A3KUKS6W3XPB6G","JRTCKXETXF","24A3KUKS6W3XPB6G.JRTCKXETXF.6YS6EN2CT7","OnDemand","$2.79972 per Dedicated Windows BYOL c7i.12xlarge Instance Hour","2026-10-01","0","Inf","Hrs","2.7997200000","USD",,,,,"Compute Instance","AmazonEC2","EU (Paris)","AWS Region","c7i.12xlarge","Yes","Compute optimized","48","Intel Xeon Scalable (Sapphire Rapids)","3.2 GHz","96 GiB","EBS only","18750 Megabit","64-bit",,,,,,,,"Dedicated","Windows","Bring your own license",,,,"EUW3-DedicatedUsage:c7i.12xlarge","RunInstances:0800","NA","Used","false","15000 Mbps","15000 Mbps","NA","Yes",,"NA",,,,,,,,,,,,,,"Compute Optimized",,"Yes","Yes","Yes","OnDemand","96",,"NA","Intel AVX; Intel AVX2; Intel AVX512; Intel Turbo; Intel AMX",,"eu-west-3",,"Amazon Elastic Compute Cloud",,,,"true"
"25ZU62NYXKAERXKA","JRTCKXETXF","25ZU62NYXKAERXKA.JRTCKXETXF.6YS6EN2CT7","OnDemand","$6.3304 per Unused Reservation RHEL with HA and SQL Standard c7i.8xlarge Instance Hour","2026-10-01","0","Inf","Hrs","6.3304000000","USD",,,,,"Compute Instance","AmazonEC2","EU (Paris)","AWS Region","c7i.8xlarge","Yes","Compute optimized","32","Intel Xeon Scalable (Sapphire Rapids)","3.2 GHz","64 GiB","EBS only","12500 Megabit","64-bit",,,,,,,,"Shared","Red Hat Enterprise Linux with HA","No License required",,,,"EUW3-UnusedBox:c7i.8xlarge","RunInstances:1014","NA","UnusedCapacityReservation","false","10000 Mbps","10000 Mbps","NA","Yes",,"NA",,,,,,,,,,,,,,"Compute Optimized","7DX85SUF5C474GMS","Yes","Yes","Yes","OnDemand","64",,"SQL Std","Intel AVX; Intel AVX2; Intel AVX512; Intel Turbo; Intel AMX",,"eu-west-3",,"Amazon Elastic Compute Cloud",,,,"true"
"2A4QQGUWE3ZYFHBR","JRTCKXETXF","2A4QQGUWE3ZYFHBR.JRTCKXETXF.6YS6EN2CT7","OnDemand","$2.6724 per On Demand Windows with SQL Server Enterprise without licenses c8i.12xlarge Instance Hour","2026-10-01","0","Inf","Hrs","2.6724000000","USD",,,,,"Compute Instance","AmazonEC2","EU (Paris)","AWS Region","c8i.12xlarge","Yes","Compute optimized","48","Intel Xeon Scalable (Granite Rapids)","3.9 GHz","96 GiB","EBS only","22500 Megabit","64-bit",,,,,,,,"Shared","Windows","License Included - Infrastructure",,,,"EUW3-BoxUsage:c8i.12xlarge","RunInstances:0102:box","NA","Used","false","15000 Mbps","15000 Mbps","NA","Yes",,"NA",,,,,,,,,,,,,,"Compute Optimized",,"Yes","Yes","Yes","OnDemand","96",,"SQL Ent","Intel AVX; Intel AVX2; Intel AVX512; Intel Turbo; Intel AMX",,"eu-west-3",,"Amazon Elastic Compute Cloud",,,,"true"
"2C5R9S4BDX7RW9WM","38NPMPTW36","2C5R9S4BDX7RW9WM.38NPMPTW36.6YS6EN2CT7","Reserved","Windows with SQL Server Standard (Amazon VPC), c7i.12xlarge reserved instance applied","2026-10-08","0","Inf","Hrs","4.5195000000","USD",,"3yr","Partial Upfront","standard","Compute Instance","AmazonEC2","EU (Paris)","AWS Region","c7i.12xlarge","Yes","Compute optimized","48","Intel Xeon Scalable (Sapphire Rapids)","3.2 GHz","96 GiB","EBS only","18750 Megabit","64-bit",,,,,,,,"Shared","Windows","No License required",,,,"EUW3-BoxUsage:c7i.12xlarge","RunInstances:0006","NA","Used","false","15000 Mbps","15000 Mbps","NA","Yes",,"NA",,,,,,,,,,,,,,"Compute Optimized",,"Yes","Yes","Yes","OnDemand","96",,"SQL Std","Intel AVX; Intel AVX2; Intel AVX512; Intel Turbo; Intel AMX",,"eu-west-3",,"Amazon Elastic Compute Cloud",,,,"true"
"2C5R9S4BDX7RW9WM","38NPMPTW36","2C5R9S4BDX7RW9WM.38NPMPTW36.2TG2D8R56U","Reserved","Upfront Fee","2026-10-08",,,"Quantity","118772","USD",,"3yr","Partial Upfront","standard","Compute Instance","AmazonEC2","EU (Paris)","AWS Region","c7i.12xlarge","Yes","Compute optimized","48","Intel Xeon Scalable (Sapphire Rapids)","3.2 GHz","96 GiB","EBS only","18750 Megabit","64-bit",,,,,,,,"Shared","Windows","No License required",,,,"EUW3-BoxUsage:c7i.12xlarge","RunInstances:0006","NA","Used","false","15000 Mbps","15000 Mbps","NA","Yes",,"NA",,,,,,,,,,,,,,"Compute Optimized",,"Yes","Yes","Yes","OnDemand","96",,"SQL Std","Intel AVX; Intel AVX2; Intel AVX512; Intel Turbo; Intel AMX",,"eu-west-3",,"Amazon Elastic Compute Cloud",,,,"true"
"2C5R9S4BDX7RW9WM","4NA7Y494T4","2C5R9S4BDX7RW9WM.4NA7Y494T4.6YS6EN2CT7","Reserved","Windows with SQL Server Standard (Amazon VPC), c7i.12xlarge reserved instance applied","2026-10-08","0","Inf","Hrs","9.6482000000","USD",,"1yr","No Upfront","standard","Compute Instance","AmazonEC2","EU (Paris)","AWS Region","c7i.12xlarge","Yes","Compute optimized","48","Intel Xeon Scalable (Sapphire Rapids)","3.2 GHz","96 GiB","EBS only","18750 Megabit","64-bit",,,,,,,,"Shared","Windows","No License required",,,,"EUW3-BoxUsage:c7i.12xlarge","RunInstances:0006","NA","Used","false","15000 Mbps","15000 Mbps","NA","Yes",,"NA",,,,,,,,,,,,,,"Compute Optimized",,"Yes","Yes","Yes","OnDemand","96",,"SQL Std","Intel AVX; Intel AVX2; Intel AVX512; Intel Turbo; Intel AMX",,"eu-west-3",,"Amazon Elastic Compute Cloud",,,,"true"
"2C5R9S4BDX7RW9WM","6QCMYABX3D","2C5R9S4BDX7RW9WM.6QCMYABX3D.6YS6EN2CT7","Reserved","USD 0.0 per Windows with SQL Server Standard (Amazon VPC), c7i.12xlarge reserved instance applied","2026-10-08","0","Inf","Hrs","0.0000000000","USD",,"1yr","All Upfront","standard","Compute Instance","AmazonEC2","EU (Paris)","AWS Region","c7i.12xlarge","Yes","Compute optimized","48","Intel Xeon Scalable (Sapphire Rapids)","3.2 GHz","96 GiB","EBS only","18750 Megabit","64-bit",,,,,,,,"Shared","Windows","No License required",,,,"EUW3-BoxUsage:c7i.12xlarge","RunInstances:0006","NA","Used","false","15000 Mbps","15000 Mbps","NA","Yes",,"NA",,,,,,,,,,,,,,"Compute Optimized",,"Yes","Yes","Yes","OnDemand","96",,"SQL Std","Intel AVX; Intel AVX2; Intel AVX512; Intel Turbo; Intel AMX",,"eu-west-3",,"Amazon Elastic Compute Cloud",,,,"true"
"2C5R9S4BDX7RW9WM","6QCMYABX3D","2C5R9S4BDX7RW9WM.6QCMYABX3D.2TG2D8R56U","Reserved","Upfront Fee","2026-10-08",,,"Quantity","83537","USD",,"1yr","All Upfront","standard","Compute Instance","AmazonEC2","EU (Paris)","AWS Region","c7i.12xlarge","Yes","Compute optimized","48","Intel Xeon Scalable (Sapphire Rapids)","3.2 GHz","96 GiB","EBS only","18750 Megabit","64-bit",,,,,,,,"Shared","Windows","No License required",,,,"EUW3-BoxUsage:c7i.12xlarge","RunInstances:0006","NA","Used","false","15000 Mbps","15000 Mbps","NA","Yes",,"NA",,,,,,,,,,,,,,"Compute Optimized",,"Yes","Yes","Yes","OnDemand","96",,"SQL Std","Intel AVX; Intel AVX2; Intel AVX512; Intel Turbo; Intel AMX",,"eu-west-3",,"Amazon Elastic Compute Cloud",,,,"true"
"2C5R9S4BDX7RW9WM","7NE97W5U4E","2C5R9S4BDX7RW9WM.7NE97W5U4E.6YS6EN2CT7","Reserved","Windows with SQL Server Standard (Amazon VPC), c7i.12xlarge reserved instance applied","2026-10-08","0","Inf","Hrs","9.9075100000","USD",,"1yr","No Upfront","convertible","Compute Instance","AmazonEC2","EU (Paris)","AWS Region","c7i.12xlarge","Yes","Compute optimized","48","Intel Xeon Scalable (Sapphire Rapids)","3.2 GHz","96 GiB","EBS only","18750 Megabit","64-bit",,,,,,,,"Shared","Windows","No License required",,,,"EUW3-BoxUsage:c7i.12xlarge","RunInstances:0006","NA","Used","false","15000 Mbps","15000 Mbps","NA","Yes",,"NA",,,,,,,,,,,,,,"Compute Optimized",,"Yes","Yes","Yes","OnDemand","96",,"SQL Std","Intel AVX; Intel AVX2; Intel AVX512; Intel Turbo; Intel AMX",,"eu-west-3",,"Amazon Elastic Compute Cloud",,,,"true"
"2C5R9S4BDX7RW9WM","BPH4J8HBKS","2C5R9S4BDX7RW9WM.BPH4J8HBKS.6YS6EN2CT7","Reserved","Windows with SQL Server Standard (Amazon VPC), c7i.12xlarge reserved instance applied","2026-10-08","0","Inf","Hrs","9.1246700000","USD",,"3yr","No Upfront","standard","Compute Instance","AmazonEC2","EU (Paris)","AWS Region","c7i.12xlarge","Yes","Compute optimized","48","Intel Xeon Scalable (Sapphire Rapids)","3.2 GHz","96 GiB","EBS only","18750 Megabit","64-bit",,,,,,,,"Shared","Windows","No License required",,,,"EUW3-BoxUsage:c7i.12xlarge","RunInstances:0006","NA","Used","false","15000 Mbps","15000 Mbps","NA","Yes",,"NA",,,,,,,,,,,,,,"Compute Optimized",,"Yes","Yes","Yes","OnDemand","96",,"SQL Std","Intel AVX; Intel AVX2; Intel AVX512; Intel Turbo; Intel AMX",,"eu-west-3",,"Amazon Elastic Compute Cloud",,,,"true"
"2C5R9S4BDX7RW9WM","CUZHX8X6JH","2C5R9S4BDX7RW9WM.CUZHX8X6JH.6YS6EN2CT7","Reserved","Windows with SQL Server Standard (Amazon VPC), c7i.12xlarge reserved instance applied","2026-10-08","0","Inf","Hrs","4.9075800000","USD",,"1yr","Partial Upfront","convertible","Compute Instance","AmazonEC2","EU (Paris)","AWS Region","c7i.12xlarge","Yes","Compute optimized","48","Intel Xeon Scalable (Sapphire Rapids)","3.2 GHz","96 GiB","EBS only","18750 Megabit","64-bit",,,,,,,,"Shared","Windows","No License required",,,,"EUW3-BoxUsage:c7i.12xlarge","RunInstances:0006","NA","Used","false","15000 Mbps","15000 Mbps","NA","Yes",,"NA",,,,,,,,,,,,,,"Compute Optimized",,"Yes","Yes","Yes","OnDemand","96",,"SQL Std","Intel AVX; Intel AVX2; Intel AVX512; Intel Turbo; Intel AMX",,"eu-west-3",,"Amazon Elastic Compute Cloud",,,,"true"
"2C5R9S4BDX7RW9WM","CUZHX8X6JH","2C5R9S4BDX7RW9WM.CUZHX8X6JH.2TG2D8R56U","Reserved","Upfront Fee","2026-10-08",,,"Quantity","42990","USD",,"1yr","Partial Upfront","convertible","Compute Instance","AmazonEC2","EU (Paris)","AWS Region","c7i.12xlarge","Yes","Compute optimized","48","Intel Xeon Scalable (Sapphire Rapids)","3.2 GHz","96 GiB","EBS only","18750 Megabit","64-bit",,,,,,,,"Shared","Windows","No License required",,,,"EUW3-BoxUsage:c7i.12xlarge","RunInstances:0006","NA","Used","false","15000 Mbps","15000 Mbps","NA","Yes",,"NA",,,,,,,,,,,,,,"Compute Optimized",,"Yes","Yes","Yes","OnDemand","96",,"SQL Std","Intel AVX; Intel AVX2; Intel AVX512; Intel Turbo; Intel AMX",,"eu-west-3",,"Amazon Elastic Compute Cloud",,,,"true"
"2C5R9S4BDX7RW9WM","HU7G6KETJZ","2C5R9S4BDX7RW9WM.HU7G6KETJZ.6YS6EN2CT7","Reserved","Windows with SQL Server Standard (Amazon VPC), c7i.12xlarge reserved instance applied","2026-10-08","0","Inf","Hrs","4.7841000000","USD",,"1yr","Partial Upfront","standard","Compute Instance","AmazonEC2","EU (Paris)","AWS Region","c7i.12xlarge","Yes","Compute optimized","48","Intel Xeon Scalable (Sapphire Rapids)","3.2 GHz","96 GiB","EBS only","18750 Megabit","64-bit",,,,,,,,"Shared","Windows","No License required",,,,"EUW3-BoxUsage:c7i.12xlarge","RunInstances:0006","NA","Used","false","15000 Mbps","15000 Mbps","NA","Yes",,"NA",,,,,,,,,,,,,,"Compute Optimized",,"Yes","Yes","Yes","OnDemand","96",,"SQL Std","Intel AVX; Intel AVX2; Intel AVX512; Intel Turbo; Intel AMX",,"eu-west-3",,"Amazon Elastic Compute Cloud",,,,"true"
"2C5R9S4BDX7RW9WM","HU7G6KETJZ","2C5R9S4BDX7RW9WM.HU7G6KETJZ.2TG2D8R56U","Reserved","Upfront Fee","2026-10-08",,,"Quantity","41909","USD",,"1yr","Partial Upfront","standard","Compute Instance","AmazonEC2","EU (Paris)","AWS Region","c7i.12xlarge","Yes","Compute optimized","48","Intel Xeon Scalable (Sapphire Rapids)","3.2 GHz","96 GiB","EBS only","18750 Megabit","64-bit",,,,,,,,"Shared","Windows","No License required",,,,"EUW3-BoxUsage:c7i.12xlarge","RunInstances:0006","NA","Used","false","15000 Mbps","15000 Mbps","NA","Yes",,"NA",,,,,,,,,,,,,,"Compute Optimized",,"Yes","Yes","Yes","OnDemand","96",,"SQL Std","Intel AVX; Intel AVX2; Intel AVX512; Intel Turbo; Intel AMX",,"eu-west-3",,"Amazon Elastic Compute Cloud",,,,"true"
"2C5R9S4BDX7RW9WM","JRTCKXETXF","2C5R9S4BDX7RW9WM.JRTCKXETXF.6YS6EN2CT7","OnDemand","$10.5132 per On Demand Windows with SQL Std c7i.12xlarge Instance Hour","2026-10-01","0","Inf","Hrs","10.5132000000","USD",,,,,"Compute Instance","AmazonEC2","EU (Paris)","AWS Region","c7i.12xlarge","Yes","Compute optimized","48","Intel Xeon Scalable (Sapphire Rapids)","3.2 GHz","96 GiB","EBS only","18750 Megabit","64-bit",,,,,,,,"Shared","Windows","No License required",,,,"EUW3-BoxUsage:c7i.12xlarge","RunInstances:0006","NA","Used","false","15000 Mbps","15000 Mbps","NA","Yes",,"NA",,,,,,,,,,,,,,"Compute Optimized",,"Yes","Yes","Yes","OnDemand","96",,"SQL Std","Intel AVX; Intel AVX2; Intel AVX512; Intel Turbo; Intel AMX",,"eu-west-3",,"Amazon Elastic Compute Cloud",,,,"true"
"2C5R9S4BDX7RW9WM","MZU6U2429S","2C5R9S4BDX7RW9WM.MZU6U2429S.6YS6EN2CT7","Reserved","USD 0.0 per Windows with SQL Server Standard (Amazon VPC), c7i.12xlarge reserved instance applied","2026-10-08","0","Inf","Hrs","0.0000000000","USD",,"3yr","All Upfront","convertible","Compute Instance","AmazonEC2","EU (Paris)","AWS Region","c7i.12xlarge","Yes","Compute optimized","48","Intel Xeon Scalable (Sapphire Rapids)","3.2 GHz","96 GiB","EBS only","18750 Megabit","64-bit",,,,,,,,"Shared","Windows","No License required",,,,"EUW3-BoxUsage:c7i.12xlarge","RunInstances:0006","NA","Used","false","15000 Mbps","15000 Mbps","NA","Yes",,"NA",,,,,,,,,,,,,,"Compute Optimized",,"Yes","Yes","Yes","OnDemand","96",,"SQL Std","Intel AVX; Intel AVX2; Intel AVX512; Intel Turbo; Intel AMX",,"eu-west-3",,"Amazon Elastic Compute Cloud",,,,"true"
"2C5R9S4BDX7RW9WM","MZU6U2429S","2C5R9S4BDX7RW9WM.MZU6U2429S.2TG2D8R56U","Reserved","Upfront Fee","2026-10-08",,,"Quantity","241071","USD",,"3yr","All Upfront","convertible","Compute Instance","AmazonEC2","EU (Paris)","AWS Region","c7i.12xlarge","Yes","Compute optimized","48","Intel Xeon Scalable (Sapphire Rapids)","3.2 GHz","96 GiB","EBS only","18750 Megabit","64-bit",,,,,,,,"Shared","Windows","No License required",,,,"EUW3-BoxUsage:c7i.12xlarge","RunInstances:0006","NA","Used","false","15000 Mbps","15000 Mbps","NA","Yes",,"NA",,,,,,,,,,,,,,"Compute Optimized",,"Yes","Yes","Yes","OnDemand","96",,"SQL Std","Intel AVX; Intel AVX2; Intel AVX512; Intel Turbo; Intel AMX",,"eu-west-3",,"Amazon Elastic Compute Cloud",,,,"true"
"2C5R9S4BDX7RW9WM","NQ3QZPMQV9","2C5R9S4BDX7RW9WM.NQ3QZPMQV9.6YS6EN2CT7","Reserved","USD 0.0 per Windows with SQL Server Standard (Amazon VPC), c7i.12xlarge reserved instance applied","2026-10-08","0","Inf","Hrs","0.0000000000","USD",,"3yr","All Upfront","standard","Compute Instance","AmazonEC2","EU (Paris)","AWS Region","c7i.12xlarge","Yes","Compute optimized","48","Intel Xeon Scalable (Sapphire Rapids)","3.2 GHz","96 GiB","EBS only","18750 Megabit","64-bit",,,,,,,,"Shared","Windows","No License required",,,,"EUW3-BoxUsage:c7i.12xlarge","RunInstances:0006","NA","Used","false","15000 Mbps","15000 Mbps","NA","Yes",,"NA",,,,,,,,,,,,,,"Compute Optimized",,"Yes","Yes","Yes","OnDemand","96",,"SQL Std","Intel AVX; Intel AVX2; Intel AVX512; Intel Turbo; Intel AMX",,"eu-west-3",,"Amazon Elastic Compute Cloud",,,,"true"
"2C5R9S4BDX7RW9WM","NQ3QZPMQV9","2C5R9S4BDX7RW9WM.NQ3QZPMQV9.2TG2D8R56U","Reserved","Upfront Fee","2026-10-08",,,"Quantity","235856","USD",,"3yr","All Upfront","standard","Compute Instance","AmazonEC2","EU (Paris)","AWS Region","c7i.12xlarge","Yes","Compute optimized","48","Intel Xeon Scalable (Sapphire Rapids)","3.2 GHz","96 GiB","EBS only","18750 Megabit","64-bit",,,,,,,,"Shared","Windows","No License required",,,,"EUW3-BoxUsage:c7i.12xlarge","RunInstances:0006","NA","Used","false","15000 Mbps","15000 Mbps","NA","Yes",,"NA",,,,,,,,,,,,,,"Compute Optimized",,"Yes","Yes","Yes","OnDemand","96",,"SQL Std","Intel AVX; Intel AVX2; Intel AVX512; Intel Turbo; Intel AMX",,"eu-west-3",,"Amazon Elastic Compute Cloud",,,,"true"
"2C5R9S4BDX7RW9WM","R5XV2EPZQZ","2C5R9S4BDX7RW9WM.R5XV2EPZQZ.6YS6EN2CT7","Reserved","Windows with SQL Server Standard (Amazon VPC), c7i.12xlarge reserved instance applied","2026-10-08","0","Inf","Hrs","4.5988800000","USD",,"3yr","Partial Upfront","convertible","Compute Instance","AmazonEC2","EU (Paris)","AWS Region","c7i.12xlarge","Yes","Compute optimized","48","Intel Xeon Scalable (Sapphire Rapids)","3.2 GHz","96 GiB","EBS only","18750 Megabit","64-bit",,,,,,,,"Shared","Windows","No License required",,,,"EUW3-BoxUsage:c7i.12xlarge","RunInstances:0006","NA","Used","false","15000 Mbps","15000 Mbps","NA","Yes",,"NA",,,,,,,,,,,,,,"Compute Optimized",,"Yes","Yes","Yes","OnDemand","96",,"SQL Std","Intel AVX; Intel AVX2; Intel AVX512; Intel Turbo; Intel AMX",,"eu-west-3",,"Amazon Elastic Compute Cloud",,,,"true"
"2C5R9S4BDX7RW9WM","R5XV2EPZQZ","2C5R9S4BDX7RW9WM.R5XV2EPZQZ.2TG2D8R56U","Reserved","Upfront Fee","2026-10-08",,,"Quantity","120859","USD",,"3yr","Partial Upfront","convertible","Compute Instance","AmazonEC2","EU (Paris)","AWS Region","c7i.12xlarge","Yes","Compute optimized","48","Intel Xeon Scalable (Sapphire Rapids)","3.2 GHz","96 GiB","EBS only","18750 Megabit","64-bit",,,,,,,,"Shared","Windows","No License required",,,,"EUW3-BoxUsage:c7i.12xlarge","RunInstances:0006","NA","Used","false","15000 Mbps","15000 Mbps","NA","Yes",,"NA",,,,,,,,,,,,,,"Compute Optimized",,"Yes","Yes","Yes","OnDemand","96",,"SQL Std","Intel AVX; Intel AVX2; Intel AVX512; Intel Turbo; Intel AMX",,"eu-west-3",,"Amazon Elastic Compute Cloud",,,,"true"
"2C5R9S4BDX7RW9WM","VJWZNREJX2","2C5R9S4BDX7RW9WM.VJWZNREJX2.6YS6EN2CT7","Reserved","USD 0.0 per Windows with SQL Server Standard (Amazon VPC), c7i.12xlarge reserved instance applied","2026-10-08","0","Inf","Hrs","0.0000000000","USD",,"1yr","All Upfront","convertible","Compute Instance","AmazonEC2","EU (Paris)","AWS Region","c7i.12xlarge","Yes","Compute optimized","48","Intel Xeon Scalable (Sapphire Rapids)","3.2 GHz","96 GiB","EBS only","18750 Megabit","64-bit",,,,,,,,"Shared","Windows","No License required",,,,"EUW3-BoxUsage:c7i.12xlarge","RunInstances:0006","NA","Used","false","15000 Mbps","15000 Mbps","NA","Yes",,"NA",,,,,,,,,,,,,,"Compute Optimized",,"Yes","Yes","Yes","OnDemand","96",,"SQL Std","Intel AVX; Intel AVX2; Intel AVX512; Intel Turbo; Intel AMX",,"eu-west-3",,"Amazon Elastic Compute Cloud",,,,"true"
"2C5R9S4BDX7RW9WM","VJWZNREJX2","2C5R9S4BDX7RW9WM.VJWZNREJX2.2TG2D8R56U","Reserved","Upfront Fee","2026-10-08",,,"Quantity","85657","USD",,"1yr","All Upfront","convertible","Compute Instance","AmazonEC2","EU (Paris)","AWS Region","c7i.12xlarge","Yes","Compute optimized","48","Intel Xeon Scalable (Sapphire Rapids)","3.2 GHz","96 GiB","EBS only","18750 Megabit","64-bit",,,,,,,,"Shared","Windows","No License required",,,,"EUW3-BoxUsage:c7i.12xlarge","RunInstances:0006","NA","Used","false","15000 Mbps","15000 Mbps","NA","Yes",,"NA",,,,,,,,,,,,,,"Compute Optimized",,"Yes","Yes","Yes","OnDemand","96",,"SQL Std","Intel AVX; Intel AVX2; Intel AVX512; Intel Turbo; Intel AMX",,"eu-west-3",,"Amazon Elastic Compute Cloud",,,,"true"
"2C5R9S4BDX7RW9WM","Z2E3P23VKM","2C5R9S4BDX7RW9WM.Z2E3P23VKM.6YS6EN2CT7","Reserved","Windows with SQL Server Standard (Amazon VPC), c7i.12xlarge reserved instance applied","2026-10-08","0","Inf","Hrs","9.2961500000","USD",,"3yr","No Upfront","convertible","Compute Instance","AmazonEC2","EU (Paris)","AWS Region","c7i.12xlarge","Yes","Compute optimized","48","Intel Xeon Scalable (Sapphire Rapids)","3.2 GHz","96 GiB","EBS only","18750 Megabit","64-bit",,,,,,,,"Shared","Windows","No License required",,,,"EUW3-BoxUsage:c7i.12xlarge","RunInstances:0006","NA","Used","false","15000 Mbps","15000 Mbps","NA","Yes",,"NA",,,,,,,,,,,,,,"Compute Optimized",,"Yes","Yes","Yes","OnDemand","96",,"SQL Std","Intel AVX; Intel AVX2; Intel AVX512; Intel Turbo; Intel AMX",,"eu-west-3",,"Amazon Elastic Compute Cloud",,,,"true"
"2DPJEAH2MNBVQPWX","JRTCKXETXF","2DPJEAH2MNBVQPWX.JRTCKXETXF.6YS6EN2CT7","OnDemand","$1.6968 per On Demand Windows with SQL Std without licenses c7i.8xlarge Instance Hour","2026-10-01","0","Inf","Hrs","1.6968000000","USD",,,,,"Compute Instance","AmazonEC2","EU (Paris)","AWS Region","c7i.8xlarge","Yes","Compute optimized","32","Intel Xeon Scalable (Sapphire Rapids)","3.2 GHz","64 GiB","EBS only","12500 Megabit","64-bit",,,,,,,,"Shared","Windows","License Included - Infrastructure",,,,"EUW3-BoxUsage:c7i.8xlarge","RunInstances:0006:box","NA","Used","false","10000 Mbps","10000 Mbps","NA","Yes",,"NA",,,,,,,,,,,,,,"Compute Optimized",,"Yes","Yes","Yes","OnDemand","64",,"SQL Std","Intel AVX; Intel AVX2; Intel AVX512; Intel Turbo; Intel AMX",,"eu-west-3",,"Amazon Elastic Compute Cloud",,,,"true"
"2G5B9RXFXA9DRK2R","JRTCKXETXF","2G5B9RXFXA9DRK2R.JRTCKXETXF.6YS6EN2CT7","OnDemand","$1.6968 per Unused Reservation Linux c7i.8xlarge Instance Hour","2026-10-01","0","Inf","Hrs","1.6968000000","USD",,,,,"Compute Instance","AmazonEC2","EU (Paris)","AWS Region","c7i.8xlarge","Yes","Compute optimized","32","Intel Xeon Scalable (Sapphire Rapids)","3.2 GHz","64 GiB","EBS only","12500 Megabit","64-bit",,,,,,,,"Shared","Linux","No License required",,,,"EUW3-UnusedBox:c7i.8xlarge","RunInstances","NA","UnusedCapacityReservation","false","10000 Mbps","10000 Mbps","NA","Yes",,"NA",,,,,,,,,,,,,,"Compute Optimized","G8GC6G2TANHZ9UYS","Yes","Yes","Yes","OnDemand","64",,"NA","Intel AVX; Intel AVX2; Intel AVX512; Intel Turbo; Intel AMX",,"eu-west-3",,"Amazon Elastic Compute Cloud",,,,"true"
"2G6ZM7VUM6S756GS","JRTCKXETXF","2G6ZM7VUM6S756GS.JRTCKXETXF.6YS6EN2CT7","OnDemand","$0.00 per Dedicated Reservation Linux with SQL Web c7i.8xlarge Instance Hour","2026-10-01","0","Inf","Hrs","0.0000000000","USD",,,,,"Compute Instance","AmazonEC2","EU (Paris)","AWS Region","c7i.8xlarge","Yes","Compute optimized","32","Intel Xeon Scalable (Sapphire Rapids)","3.2 GHz","64 GiB","EBS only","12500 Megabit","64-bit",,,,,,,,"Dedicated","Linux","No License required",,,,"EUW3-DedicatedRes:c7i.8xlarge","RunInstances:0200","NA","AllocatedCapacityReservation","false","10000 Mbps","10000 Mbps","NA","Yes",,"NA",,,,,,,,,,,,,,"Compute Optimized","MS3QHKT2PU5TT2CC","Yes","Yes","Yes","OnDemand","64",,"SQL Web","Intel AVX; Intel AVX2; Intel AVX512; Intel Turbo; Intel AMX",,"eu-west-3",,"Amazon Elastic Compute Cloud",,,,"true"
"2JSTP8P766URZXXZ","JRTCKXETXF","2JSTP8P766URZXXZ.JRTCKXETXF.6YS6EN2CT7","OnDemand","$3.8628 per On Demand Red Hat Enterprise Linux with HA c8i.12xlarge Instance Hour","2026-10-01","0","Inf","Hrs","3.8628000000","USD",,,,,"Compute Instance","AmazonEC2","EU (Paris)","AWS Region","c8i.12xlarge","Yes","Compute optimized","48","Intel Xeon Scalable (Granite Rapids)","3.9 GHz","96 GiB","EBS only","22500 Megabit","64-bit",,,,,,,,"Shared","Red Hat Enterprise Linux with HA","No License required",,,,"EUW3-BoxUsage:c8i.12xlarge","RunInstances:1010","NA","Used","false","15000 Mbps","15000 Mbps","NA","Yes",,"NA",,,,,,,,,,,,,,"Compute Optimized",,"Yes","Yes","Yes","OnDemand","96",,"NA","Intel AVX; Intel AVX2; Intel AVX512; Intel Turbo; Intel AMX",,"eu-west-3",,"Amazon Elastic Compute Cloud",,,,"true"
"2N7S5KG3D4GEVRCA","JRTCKXETXF","2N7S5KG3D4GEVRCA.JRTCKXETXF.6YS6EN2CT7","OnDemand","$22.7532 per Unused Reservation Windows with SQL Server Enterprise c7i.12xlarge Instance Hour","2026-10-01","0","Inf","Hrs","22.7532000000","USD",,,,,"Compute Instance","AmazonEC2","EU (Paris)","AWS Region","c7i.12xlarge","Yes","Compute optimized","48","Intel Xeon Scalable (Sapphire Rapids)","3.2 GHz","96 GiB","EBS only","18750 Megabit","64-bit",,,,,,,,"Shared","Windows","No License required",,,,"EUW3-UnusedBox:c7i.12xlarge","RunInstances:0102","NA","UnusedCapacityReservation","false","15000 Mbps","15000 Mbps","NA","Yes",,"NA",,,,,,,,,,,,,,"Compute Optimized","DDJHJJPD9MS2F7XR","Yes","Yes","Yes","OnDemand","96",,"SQL Ent","Intel AVX; Intel AVX2; Intel AVX512; Intel Turbo; Intel AMX",,"eu-west-3",,"Amazon Elastic Compute Cloud",,,,"true"
"2Q2GF3YA6544SURX","JRTCKXETXF","2Q2GF3YA6544SURX.JRTCKXETXF.6YS6EN2CT7","OnDemand","$0.00 per Reservation RHEL with SQL Standard c7i.8xlarge Instance Hour","2026-10-01","0","Inf","Hrs","0.0000000000","USD",,,,,"Compute Instance","AmazonEC2","EU (Paris)","AWS Region","c7i.8xlarge","Yes","Compute optimized","32","Intel Xeon Scalable (Sapphire Rapids)","3.2 GHz","64 GiB","EBS only","12500 Megabit","64-bit",,,,,,,,"Shared","RHEL","No License required",,,,"EUW3-Reservation:c7i.8xlarge","RunInstances:0014","NA","AllocatedCapacityReservation","false","10000 Mbps","10000 Mbps","NA","Yes",,"NA",,,,,,,,,,,,,,"Compute Optimized","PVMFD4CZ3EE3VABS","Yes","Yes","Yes","OnDemand","64",,"SQL Std","Intel AVX; Intel AVX2; Intel AVX512; Intel Turbo; Intel AMX",,"eu-west-3",,"Amazon Elastic Compute Cloud",,,,"true"
"2X8DZXEYBVFEGJPE","JRTCKXETXF","2X8DZXEYBVFEGJPE.JRTCKXETXF.6YS6EN2CT7","OnDemand","$0.00 per Dedicated Reservation Windows with SQL Server Enterprise c8i.12xlarge Instance Hour","2026-10-01","0","Inf","Hrs","0.0000000000","USD",,,,,"Compute Instance","AmazonEC2","EU (Paris)","AWS Region","c8i.12xlarge","Yes","Compute optimized","48","Intel Xeon Scalable (Granite Rapids)","3.9 GHz","96 GiB","EBS only","22500 Megabit","64-bit",,,,,,,,"Dedicated","Windows","No License required",,,,"EUW3-DedicatedRes:c8i.12xlarge","RunInstances:0102","NA","AllocatedCapacityReservation","false","15000 Mbps","15000 Mbps","NA","Yes",,"NA",,,,,,,,,,,,,,"Compute Optimized","C8SQ6JNHFFBN8UNT","Yes","Yes","Yes","OnDemand","96",,"SQL Ent","Intel AVX; Intel AVX2; Intel AVX512; Intel Turbo; Intel AMX",,"eu-west-3",,"Amazon Elastic Compute Cloud",,,,"true"
"2Y3AQ2MRN5UFTGJ5","JRTCKXETXF","2Y3AQ2MRN5UFTGJ5.JRTCKXETXF.6YS6EN2CT7","OnDemand","$2.5452 per On Demand Windows BYOL c7i.12xlarge Instance Hour","2026-10-01","0","Inf","Hrs","2.5452000000","USD",,,,,"Compute Instance","AmazonEC2","EU (Paris)","AWS Region","c7i.12xlarge","Yes","Compute optimized","48","Intel Xeon Scalable (Sapphire Rapids)","3.2 GHz","96 GiB","EBS only","18750 Megabit","64-bit",,,,,,,,"Shared","Windows","Bring your own license",,,,"EUW3-BoxUsage:c7i.12xlarge","RunInstances:0800","NA","Used","false","15000 Mbps","15000 Mbps","NA","Yes",,"NA",,,,,,,,,,,,,,"Compute Optimized",,"Yes","Yes","Yes","OnDemand","96",,"NA","Intel AVX; Intel AVX2; Intel AVX512; Intel Turbo; Intel AMX",,"eu-west-3",,"Amazon Elastic Compute Cloud",,,,"true"
"2YJNTTS2RA4ZCSQQ","JRTCKXETXF","2YJNTTS2RA4ZCSQQ.JRTCKXETXF.6YS6EN2CT7","OnDemand","$14.0424 per Unused Reservation RHEL with SQL Server Enterprise c7i.8xlarge Instance Hour","2026-10-01","0","Inf","Hrs","14.0424000000","USD",,,,,"Compute Instance","AmazonEC2","EU (Paris)","AWS Region","c7i.8xlarge","Yes","Compute optimized","32","Intel Xeon Scalable (Sapphire Rapids)","3.2 GHz","64 GiB","EBS only","12500 Megabit","64-bit",,,,,,,,"Shared","RHEL","No License required",,,,"EUW3-UnusedBox:c7i.8xlarge","RunInstances:0110","NA","UnusedCapacityReservation","false","10000 Mbps","10000 Mbps","NA","Yes",,"NA",,,,,,,,,,,,,,"Compute Optimized","X4CPSGBHEKWC29UC","Yes","Yes","Yes","OnDemand","64",,"SQL Ent","Intel AVX; Intel AVX2; Intel AVX512; Intel Turbo; Intel AMX",,"eu-west-3",,"Amazon Elastic Compute Cloud",,,,"true"
"324Q9UGT6WKN57Q5","JRTCKXETXF","324Q9UGT6WKN57Q5.JRTCKXETXF.6YS6EN2CT7","OnDemand","$4.8804 per On Demand Windows c8i.12xlarge Instance Hour","2026-10-01","0","Inf","Hrs","4.8804000000","USD",,,,,"Compute Instance","AmazonEC2","EU (Paris)","AWS Region","c8i.12xlarge","Yes","Compute optimized","48","Intel Xeon Scalable (Granite Rapids)","3.9 GHz","96 GiB","EBS only","22500 Megabit","64-bit",,,,,,,,"Shared","Windows","No License required",,,,"EUW3-BoxUsage:c8i.12xlarge","RunInstances:0002","NA","Used","false","15000 Mbps","15000 Mbps","NA","Yes",,"NA",,,,,,,,,,,,,,"Compute Optimized",,"Yes","Yes","Yes","OnDemand","96",,"NA","Intel AVX; Intel AVX2; Intel AVX512; Intel Turbo; Intel AMX",,"eu-west-3",,"Amazon Elastic Compute Cloud",,,,"true"
"34S5VBME6BZP6EMV","JRTCKXETXF","34S5VBME6BZP6EMV.JRTCKXETXF.6YS6EN2CT7","OnDemand","$4.002 per Unused Reservation RHEL with SQL Web c8i.12xlarge Instance Hour","2026-10-01","0","Inf","Hrs","4.0020000000","USD",,,,,"Compute Instance","AmazonEC2","EU (Paris)","AWS Region","c8i.12xlarge","Yes","Compute optimized","48","Intel Xeon Scalable (Granite Rapids)","3.9 GHz","96 GiB","EBS only","22500 Megabit","64-bit",,,,,,,,"Shared","RHEL","No License required",,,,"EUW3-UnusedBox:c8i.12xlarge","RunInstances:0210","NA","UnusedCapacityReservation","false","15000 Mbps","15000 Mbps","NA","Yes",,"NA",,,,,,,,,,,,,,"Compute Optimized","WK6SEKNKF9N28XJ8","Yes","Yes","Yes","OnDemand","96",,"SQL Web","Intel AVX; Intel AVX2; Intel AVX512; Intel Turbo; Intel AMX",,"eu-west-3",,"Amazon Elastic Compute Cloud",,,,"true"
"36KSQSP2FQ5RTWDC","38NPMPTW36","36KSQSP2FQ5RTWDC.38NPMPTW36.6YS6EN2CT7","Reserved","Red Hat Enterprise Linux (Amazon VPC), c7i.8xlarge reserved instance applied","2026-10-08","0","Inf","Hrs","0.5227000000","USD",,"3yr","Partial Upfront","standard","Compute Instance","AmazonEC2","EU (Paris)","AWS Region","c7i.8xlarge","Yes","Compute optimized","32","Intel Xeon Scalable (Sapphire Rapids)","3.2 GHz","64 GiB","EBS only","12500 Megabit","64-bit",,,,,,,,"Dedicated","RHEL","No License required",,,,"EUW3-DedicatedUsage:c7i.8xlarge","RunInstances:0010","NA","Used","false","10000 Mbps","10000 Mbps","NA","Yes",,"NA",,,,,,,,,,,,,,"Compute Optimized",,"Yes","Yes","Yes","OnDemand","64",,"NA","Intel AVX; Intel AVX2; Intel AVX512; Intel Turbo; Intel AMX",,"eu-west-3",,"Amazon Elastic Compute Cloud",,,,"true"
"36KSQSP2FQ5RTWDC","38NPMPTW36","36KSQSP2FQ5RTWDC.38NPMPTW36.2TG2D8R56U","Reserved","Upfront Fee","2026-10-08",,,"Quantity","10320","USD",,"3yr","Partial Upfront","standard","Compute Instance","AmazonEC2","EU (Paris)","AWS Region","c7i.8xlarge","Yes","Compute optimized","32","Intel Xeon Scalable (Sapphire Rapids)","3.2 GHz","64 GiB","EBS only","12500 Megabit","64-bit",,,,,,,,"Dedicated","RHEL","No License required",,,,"EUW3-DedicatedUsage:c7i.8xlarge","RunInstances:0010","NA","Used","false","10000 Mbps","10000 Mbps","NA","Yes",,"NA",,,,,,,,,,,,,,"Compute Optimized",,"Yes","Yes","Yes","OnDemand","64",,"NA","Intel AVX; Intel AVX2; Intel AVX512; Intel Turbo; Intel AMX",,"eu-west-3",,"Amazon Elastic Compute Cloud",,,,"true"
"36KSQSP2FQ5RTWDC","4NA7Y494T4","36KSQSP2FQ5RTWDC.4NA7Y494T4.6YS6EN2CT7","Reserved","Red Hat Enterprise Linux (Amazon VPC), c7i.8xlarge reserved instance applied","2026-10-08","0","Inf","Hrs","1.3621500000","USD",,"1yr","No Upfront","standard","Compute Instance","AmazonEC2","EU (Paris)","AWS Region","c7i.8xlarge","Yes","Compute optimized","32","Intel Xeon Scalable (Sapphire Rapids)","3.2 GHz","64 GiB","EBS only","12500 Megabit","64-bit",,,,,,,,"Dedicated","RHEL","No License required",,,,"EUW3-DedicatedUsage:c7i.8xlarge","RunInstances:0010","NA","Used","false","10000 Mbps","10000 Mbps","NA","Yes",,"NA",,,,,,,,,,,,,,"Compute Optimized",,"Yes","Yes","Yes","OnDemand","64",,"NA","Intel AVX; Intel AVX2; Intel AVX512; Intel Turbo; Intel AMX",,"eu-west-3",,"Amazon Elastic Compute Cloud",,,,"true"
"36KSQSP2FQ5RTWDC","6QCMYABX3D","36KSQSP2FQ5RTWDC.6QCMYABX3D.6YS6EN2CT7","Reserved","USD 0.0 per Red Hat Enterprise Linux (Amazon VPC), c7i.8xlarge reserved instance applied","2026-10-08","0","Inf","Hrs","0.0000000000","USD",,"1yr","All Upfront","standard","Compute Instance","AmazonEC2","EU (Paris)","AWS Region","c7i.8xlarge","Yes","Compute optimized","32","Intel Xeon Scalable (Sapphire Rapids)","3.2 GHz","64 GiB","EBS only","12500 Megabit","64-bit",,,,,,,,"Dedicated","RHEL","No License required",,,,"EUW3-DedicatedUsage:c7i.8xlarge","RunInstances:0010","NA","Used","false","10000 Mbps","10000 Mbps","NA","Yes",,"NA",,,,,,,,,,,,,,"Compute Optimized",,"Yes","Yes","Yes","OnDemand","64",,"NA","Intel AVX; Intel AVX2; Intel AVX512; Intel Turbo; Intel AMX",,"eu-west-3",,"Amazon Elastic Compute Cloud",,,,"true"
"36KSQSP2FQ5RTWDC","6QCMYABX3D","36KSQSP2FQ5RTWDC.6QCMYABX3D.2TG2D8R56U","Reserved","Upfront Fee","2026-10-08",,,"Quantity","11213","USD",,"1yr","All Upfront","standard","Compute Instance","AmazonEC2","EU (Paris)","AWS Region","c7i.8xlarge","Yes","Compute optimized","32","Intel Xeon Scalable (Sapphire Rapids)","3.2 GHz","64 GiB","EBS only","12500 Megabit","64-bit",,,,,,,,"Dedicated","RHEL","No License required",,,,"EUW3-DedicatedUsage:c7i.8xlarge","RunInstances:0010","NA","Used","false","10000 Mbps","10000 Mbps","NA","Yes",,"NA",,,,,,,,,,,,,,"Compute Optimized",,"Yes","Yes","Yes","OnDemand","64",,"NA","Intel AVX; Intel AVX2; Intel AVX512; Intel Turbo; Intel AMX",,"eu-west-3",,"Amazon Elastic Compute Cloud",,,,"true"
"36KSQSP2FQ5RTWDC","7NE97W5U4E","36KSQSP2FQ5RTWDC.7NE97W5U4E.6YS6EN2CT7","Reserved","Red Hat Enterprise Linux (Amazon VPC), c7i.8xlarge reserved instance applied","2026-10-08","0","Inf","Hrs","1.5523100000","USD",,"1yr","No Upfront","convertible","Compute Instance","AmazonEC2","EU (Paris)","AWS Region","c7i.8xlarge","Yes","Compute optimized","32","Intel Xeon Scalable (Sapphire Rapids)","3.2 GHz","64 GiB","EBS only","12500 Megabit","64-bit",,,,,,,,"Dedicated","RHEL","No License required",,,,"EUW3-DedicatedUsage:c7i.8xlarge","RunInstances:0010","NA","Used","false","10000 Mbps","10000 Mbps","NA","Yes",,"NA",,,,,,,,,,,,,,"Compute Optimized",,"Yes","Yes","Yes","OnDemand","64",,"NA","Intel AVX; Intel AVX2; Intel AVX512; Intel Turbo; Intel AMX",,"eu-west-3",,"Amazon Elastic Compute Cloud",,,,"true"
"36KSQSP2FQ5RTWDC","BPH4J8HBKS","36KSQSP2FQ5RTWDC.BPH4J8HBKS.6YS6EN2CT7","Reserved","Red Hat Enterprise Linux (Amazon VPC), c7i.8xlarge reserved instance applied","2026-10-08","0","Inf","Hrs","0.9782300000","USD",,"3yr","No Upfront","standard","Compute Instance","AmazonEC2","EU (Paris)","AWS Region","c7i.8xlarge","Yes","Compute optimized","32","Intel Xeon Scalable (Sapphire Rapids)","3.2 GHz","64 GiB","EBS only","12500 Megabit","64-bit",,,,,,,,"Dedicated","RHEL","No License required",,,,"EUW3-DedicatedUsage:c7i.8xlarge","RunInstances:0010","NA","Used","false","10000 Mbps","10000 Mbps","NA","Yes",,"NA",,,,,,,,,,,,,,"Compute Optimized",,"Yes","Yes","Yes","OnDemand","64",,"NA","Intel AVX; Intel AVX2; Intel AVX512; Intel Turbo; Intel AMX",,"eu-west-3",,"Amazon Elastic Compute Cloud",,,,"true"
"36KSQSP2FQ5RTWDC","CUZHX8X6JH","36KSQSP2FQ5RTWDC.CUZHX8X6JH.6YS6EN2CT7","Reserved","Red Hat Enterprise Linux (Amazon VPC), c7i.8xlarge reserved instance applied","2026-10-08","0","Inf","Hrs","0.8072900000","USD",,"1yr","Partial Upfront","convertible","Compute Instance","AmazonEC2","EU (Paris)","AWS Region","c7i.8xlarge","Yes","Compute optimized","32","Intel Xeon Scalable (Sapphire Rapids)","3.2 GHz","64 GiB","EBS only","12500 Megabit","64-bit",,,,,,,,"Dedicated","RHEL","No License required",,,,"EUW3-DedicatedUsage:c7i.8xlarge","RunInstances:0010","NA","Used","false","10000 Mbps","10000 Mbps","NA","Yes",,"NA",,,,,,,,,,,,,,"Compute Optimized",,"Yes","Yes","Yes","OnDemand","64",,"NA","Intel AVX; Intel AVX2; Intel AVX512; Intel Turbo; Intel AMX",,"eu-west-3",,"Amazon Elastic Compute Cloud",,,,"true"
"36KSQSP2FQ5RTWDC","CUZHX8X6JH","36KSQSP2FQ5RTWDC.CUZHX8X6JH.2TG2D8R56U","Reserved","Upfront Fee","2026-10-08",,,"Quantity","5933","USD",,"1yr","Partial Upfront","convertible","Compute Instance","AmazonEC2","EU (Paris)","AWS Region","c7i.8xlarge","Yes","Compute optimized","32","Intel Xeon Scalable (Sapphire Rapids)","3.2 GHz","64 GiB","EBS only","12500 Megabit","64-bit",,,,,,,,"Dedicated","RHEL","No License required",,,,"EUW3-DedicatedUsage:c7i.8xlarge","RunInstances:0010","NA","Used","false","10000 Mbps","10000 Mbps","NA","Yes",,"NA",,,,,,,,,,,,,,"Compute Optimized",,"Yes","Yes","Yes","OnDemand","64",,"NA","Intel AVX; Intel AVX2; Intel AVX512; Intel Turbo; Intel AMX",,"eu-west-3",,"Amazon Elastic Compute Cloud",,,,"true"
"36KSQSP2FQ5RTWDC","HU7G6KETJZ","36KSQSP2FQ5RTWDC.HU7G6KETJZ.6YS6EN2CT7","Reserved","Red Hat Enterprise Linux (Amazon VPC), c7i.8xlarge reserved instance applied","2026-10-08","0","Inf","Hrs","0.7167400000","USD",,"1yr","Partial Upfront","standard","Compute Instance","AmazonEC2","EU (Paris)","AWS Region","c7i.8xlarge","Yes","Compute optimized","32","Intel Xeon Scalable (Sapphire Rapids)","3.2 GHz","64 GiB","EBS only","12500 Megabit","64-bit",,,,,,,,"Dedicated","RHEL","No License required",,,,"EUW3-DedicatedUsage:c7i.8xlarge","RunInstances:0010","NA","Used","false","10000 Mbps","10000 Mbps","NA","Yes",,"NA",,,,,,,,,,,,,,"Compute Optimized",,"Yes","Yes","Yes","OnDemand","64",,"NA","Intel AVX; Intel AVX2; Intel AVX512; Intel Turbo; Intel AMX",,"eu-west-3",,"Amazon Elastic Compute Cloud",,,,"true"
"36KSQSP2FQ5RTWDC","HU7G6KETJZ","36KSQSP2FQ5RTWDC.HU7G6KETJZ.2TG2D8R56U","Reserved","Upfront Fee","2026-10-08",,,"Quantity","5140","USD",,"1yr","Partial Upfront","standard","Compute Instance","AmazonEC2","EU (Paris)","AWS Region","c7i.8xlarge","Yes","Compute optimized","32","Intel Xeon Scalable (Sapphire Rapids)","3.2 GHz","64 GiB","EBS only","12500 Megabit","64-bit",,,,,,,,"Dedicated","RHEL","No License required",,,,"EUW3-DedicatedUsage:c7i.8xlarge","RunInstances:0010","NA","Used","false","10000 Mbps","10000 Mbps","NA","Yes",,"NA",,,,,,,,,,,,,,"Compute Optimized",,"Yes","Yes","Yes","OnDemand","64",,"NA","Intel AVX; Intel AVX2; Intel AVX512; Intel Turbo; Intel AMX",,"eu-west-3",,"Amazon Elastic Compute Cloud",,,,"true"
"36KSQSP2FQ5RTWDC","JRTCKXETXF","36KSQSP2FQ5RTWDC.JRTCKXETXF.6YS6EN2CT7","OnDemand","$2.21208 per Dedicated RHEL c7i.8xlarge Instance Hour","2026-10-01","0","Inf","Hrs","2.2120800000","USD",,,,,"Compute Instance","AmazonEC2","EU (Paris)","AWS Region","c7i.8xlarge","Yes","Compute optimized","32","Intel Xeon Scalable (Sapphire Rapids)","3.2 GHz","64 GiB","EBS only","12500 Megabit","64-bit",,,,,,,,"Dedicated","RHEL","No License required",,,,"EUW3-DedicatedUsage:c7i.8xlarge","RunInstances:0010","NA","Used","false","10000 Mbps","10000 Mbps","NA","Yes",,"NA",,,,,,,,,,,,,,"Compute Optimized",,"Yes","Yes","Yes","OnDemand","64",,"NA","Intel AVX; Intel AVX2; Intel AVX512; Intel Turbo; Intel AMX",,"eu-west-3",,"Amazon Elastic Compute Cloud",,,,"true"
"36KSQSP2FQ5RTWDC","MZU6U2429S","36KSQSP2FQ5RTWDC.MZU6U2429S.6YS6EN2CT7","Reserved","USD 0.0 per Red Hat Enterprise Linux (Amazon VPC), c7i.8xlarge reserved instance applied","2026-10-08","0","Inf","Hrs","0.0000000000","USD",,"3yr","All Upfront","convertible","Compute Instance","AmazonEC2","EU (Paris)","AWS Region","c7i.8xlarge","Yes","Compute optimized","32","Intel Xeon Scalable (Sapphire Rapids)","3.2 GHz","64 GiB","EBS only","12500 Megabit","64-bit",,,,,,,,"Dedicated","RHEL","No License required",,,,"EUW3-DedicatedUsage:c7i.8xlarge","RunInstances:0010","NA","Used","false","10000 Mbps","10000 Mbps","NA","Yes",,"NA",,,,,,,,,,,,,,"Compute Optimized",,"Yes","Yes","Yes","OnDemand","64",,"NA","Intel AVX; Intel AVX2; Intel AVX512; Intel Turbo; Intel AMX",,"eu-west-3",,"Amazon Elastic Compute Cloud",,,,"true"
"36KSQSP2FQ5RTWDC","MZU6U2429S","36KSQSP2FQ5RTWDC.MZU6U2429S.2TG2D8R56U","Reserved","Upfront Fee","2026-10-08",,,"Quantity","26642","USD",,"3yr","All Upfront","convertible","Compute Instance","AmazonEC2","EU (Paris)","AWS Region","c7i.8xlarge","Yes","Compute optimized","32","Intel Xeon Scalable (Sapphire Rapids)","3.2 GHz","64 GiB","EBS only","12500 Megabit","64-bit",,,,,,,,"Dedicated","RHEL","No License required",,,,"EUW3-DedicatedUsage:c7i.8xlarge","RunInstances:0010","NA","Used","false","10000 Mbps","10000 Mbps","NA","Yes",,"NA",,,,,,,,,,,,,,"Compute Optimized",,"Yes","Yes","Yes","OnDemand","64",,"NA","Intel AVX; Intel AVX2; Intel AVX512; Intel Turbo; Intel AMX",,"eu-west-3",,"Amazon Elastic Compute Cloud",,,,"true"
"36KSQSP2FQ5RTWDC","NQ3QZPMQV9","36KSQSP2FQ5RTWDC.NQ3QZPMQV9.6YS6EN2CT7","Reserved","USD 0.0 per Red Hat Enterprise Linux (Amazon VPC), c7i.8xlarge reserved instance applied","2026-10-08","0","Inf","Hrs","0.0000000000","USD",,"3yr","All Upfront","standard","Compute Instance","AmazonEC2","EU (Paris)","AWS Region","c7i.8xlarge","Yes","Compute optimized","32","Intel Xeon Scalable (Sapphire Rapids)","3.2 GHz","64 GiB","EBS only","12500 Megabit","64-bit",,,,,,,,"Dedicated","RHEL","No License required",,,,"EUW3-DedicatedUsage:c7i.8xlarge","RunInstances:0010","NA","Used","false","10000 Mbps","10000 Mbps","NA","Yes",,"NA",,,,,,,,,,,,,,"Compute Optimized",,"Yes","Yes","Yes","OnDemand","64",,"NA","Intel AVX; Intel AVX2; Intel AVX512; Intel Turbo; Intel AMX",,"eu-west-3",,"Amazon Elastic Compute Cloud",,,,"true"
"36KSQSP2FQ5RTWDC","NQ3QZPMQV9","36KSQSP2FQ5RTWDC.NQ3QZPMQV9.2TG2D8R56U","Reserved","Upfront Fee","2026-10-08",,,"Quantity","22818","USD",,"3yr","All Upfront","standard","Compute Instance","AmazonEC2","EU (Paris)","AWS Region","c7i.8xlarge","Yes","Compute optimized","32","Intel Xeon Scalable (Sapphire Rapids)","3.2 GHz","64 GiB","EBS only","12500 Megabit","64-bit",,,,,,,,"Dedicated","RHEL","No License required",,,,"EUW3-DedicatedUsage:c7i.8xlarge","RunInstances:0010","NA","Used","false","10000 Mbps","10000 Mbps","NA","Yes",,"NA",,,,,,,,,,,,,,"Compute Optimized",,"Yes","Yes","Yes","OnDemand","64",,"NA","Intel AVX; Intel AVX2; Intel AVX512; Intel Turbo; Intel AMX",,"eu-west-3",,"Amazon Elastic Compute Cloud",,,,"true"
"36KSQSP2FQ5RTWDC","R5XV2EPZQZ","36KSQSP2FQ5RTWDC.R5XV2EPZQZ.6YS6EN2CT7","Reserved","Red Hat Enterprise Linux (Amazon VPC), c7i.8xlarge reserved instance applied","2026-10-08","0","Inf","Hrs","0.5809100000","USD",,"3yr","Partial Upfront","convertible","Compute Instance","AmazonEC2","EU (Paris)","AWS Region","c7i.8xlarge","Yes","Compute optimized","32","Intel Xeon Scalable (Sapphire Rapids)","3.2 GHz","64 GiB","EBS only","12500 Megabit","64-bit",,,,,,,,"Dedicated","RHEL","No License required",,,,"EUW3-DedicatedUsage:c7i.8xlarge","RunInstances:0010","NA","Used","false","10000 Mbps","10000 Mbps","NA","Yes",,"NA",,,,,,,,,,,,,,"Compute Optimized",,"Yes","Yes","Yes","OnDemand","64",,"NA","Intel AVX; Intel AVX2; Intel AVX512; Intel Turbo; Intel AMX",,"eu-west-3",,"Amazon Elastic Compute Cloud",,,,"true"
"36KSQSP2FQ5RTWDC","R5XV2EPZQZ","36KSQSP2FQ5RTWDC.R5XV2EPZQZ.2TG2D8R56U","Reserved","Upfront Fee","2026-10-08",,,"Quantity","11850","USD",,"3yr","Partial Upfront","convertible","Compute Instance","AmazonEC2","EU (Paris)","AWS Region","c7i.8xlarge","Yes","Compute optimized","32","Intel Xeon Scalable (Sapphire Rapids)","3.2 GHz","64 GiB","EBS only","12500 Megabit","64-bit",,,,,,,,"Dedicated","RHEL","No License required",,,,"EUW3-DedicatedUsage:c7i.8xlarge","RunInstances:0010","NA","Used","false","10000 Mbps","10000 Mbps","NA","Yes",,"NA",,,,,,,,,,,,,,"Compute Optimized",,"Yes","Yes","Yes","OnDemand","64",,"NA","Intel AVX; Intel AVX2; Intel AVX512; Intel Turbo; Intel AMX",,"eu-west-3",,"Amazon Elastic Compute Cloud",,,,"true"
"36KSQSP2FQ5RTWDC","VJWZNREJX2","36KSQSP2FQ5RTWDC.VJWZNREJX2.6YS6EN2CT7","Reserved","USD 0.0 per Red Hat Enterprise Linux (Amazon VPC), c7i.8xlarge reserved instance applied","2026-10-08","0","Inf","Hrs","0.0000000000","USD",,"1yr","All Upfront","convertible","Compute Instance","AmazonEC2","EU (Paris)","AWS Region","c7i.8xlarge","Yes","Compute optimized","32","Intel Xeon Scalable (Sapphire Rapids)","3.2 GHz","64 GiB","EBS only","12500 Megabit","64-bit",,,,,,,,"Dedicated","RHEL","No License required",,,,"EUW3-DedicatedUsage:c7i.8xlarge","RunInstances:0010","NA","Used","false","10000 Mbps","10000 Mbps","NA","Yes",,"NA",,,,,,,,,,,,,,"Compute Optimized",,"Yes","Yes","Yes","OnDemand","64",,"NA","Intel AVX; Intel AVX2; Intel AVX512; Intel Turbo; Intel AMX",,"eu-west-3",,"Amazon Elastic Compute Cloud",,,,"true"
"36KSQSP2FQ5RTWDC","VJWZNREJX2","36KSQSP2FQ5RTWDC.VJWZNREJX2.2TG2D8R56U","Reserved","Upfront Fee","2026-10-08",,,"Quantity","12768","USD",,"1yr","All Upfront","convertible","Compute Instance","AmazonEC2","EU (Paris)","AWS Region","c7i.8xlarge","Yes","Compute optimized","32","Intel Xeon Scalable (Sapphire Rapids)","3.2 GHz","64 GiB","EBS only","12500 Megabit","64-bit",,,,,,,,"Dedicated","RHEL","No License required",,,,"EUW3-DedicatedUsage:c7i.8xlarge","RunInstances:0010","NA","Used","false","10000 Mbps","10000 Mbps","NA","Yes",,"NA",,,,,,,,,,,,,,"Compute Optimized",,"Yes","Yes","Yes","OnDemand","64",,"NA","Intel AVX; Intel AVX2; Intel AVX512; Intel Turbo; Intel AMX",,"eu-west-3",,"Amazon Elastic Compute Cloud",,,,"true"
"36KSQSP2FQ5RTWDC","Z2E3P23VKM","36KSQSP2FQ5RTWDC.Z2E3P23VKM.6YS6EN2CT7","Reserved","Red Hat Enterprise Linux (Amazon VPC), c7i.8xlarge reserved instance applied","2026-10-08","0","Inf","Hrs","1.1039700000","USD",,"3yr","No Upfront","convertible","Compute Instance","AmazonEC2","EU (Paris)","AWS Region","c7i.8xlarge","Yes","Compute optimized","32","Intel Xeon Scalable (Sapphire Rapids)","3.2 GHz","64 GiB","EBS only","12500 Megabit","64-bit",,,,,,,,"Dedicated","RHEL","No License required",,,,"EUW3-DedicatedUsage:c7i.8xlarge","RunInstances:0010","NA","Used","false","10000 Mbps","10000 Mbps","NA","Yes",,"NA",,,,,,,,,,,,,,"Compute Optimized",,"Yes","Yes","Yes","OnDemand","64",,"NA","Intel AVX; Intel AVX2; Intel AVX512; Intel Turbo; Intel AMX",,"eu-west-3",,"Amazon Elastic Compute Cloud",,,,"true"
"384U9JRUM6YDW7K7","JRTCKXETXF","384U9JRUM6YDW7K7.JRTCKXETXF.6YS6EN2CT7","OnDemand","$0.00 per Windows BYOL c7i.8xlarge Dedicated Host Instance hour","2026-10-01","0","Inf","Hrs","0.0000000000","USD",,,,,"Compute Instance","AmazonEC2","EU (Paris)","AWS Region","c7i.8xlarge","Yes","Compute optimized","32","Intel Xeon Scalable (Sapphire Rapids)","3.2 GHz","64 GiB","EBS only","12500 Megabit","64-bit",,,,,,,,"Host","Windows","Bring your own license",,,,"EUW3-HostBoxUsage:c7i.8xlarge","RunInstances:0800","NA","Used","false","10000 Mbps","10000 Mbps","NA","Yes",,"NA",,,,,,,,,,,,,,"Compute Optimized",,"Yes","Yes","Yes","OnDemand","64",,"NA","Intel AVX; Intel AVX2; Intel AVX512; Intel Turbo; Intel AMX",,"eu-west-3",,"Amazon Elastic Compute Cloud",,,,"true"
"386G566QDYCUQ92B","JRTCKXETXF","386G566QDYCUQ92B.JRTCKXETXF.6YS6EN2CT7","OnDemand","$0.00 per Reservation Red Hat Enterprise Linux with HA c7i.8xlarge Instance Hour","2026-10-01","0","Inf","Hrs","0.0000000000","USD",,,,,"Compute Instance","AmazonEC2","EU (Paris)","AWS Region","c7i.8xlarge","Yes","Compute optimized","32","Intel Xeon Scalable (Sapphire Rapids)","3.2 GHz","64 GiB","EBS only","12500 Megabit","64-bit",,,,,,,,"Shared","Red Hat Enterprise Linux with HA","No License required",,,,"EUW3-Reservation:c7i.8xlarge","RunInstances:1010","NA","AllocatedCapacityReservation","false","10000 Mbps","10000 Mbps","NA","Yes",,"NA",,,,,,,,,,,,,,"Compute Optimized","ECW9A2T264JHQBAG","Yes","Yes","Yes","OnDemand","64",,"NA","Intel AVX; Intel AVX2; Intel AVX512; Intel Turbo; Intel AMX",,"eu-west-3",,"Amazon Elastic Compute Cloud",,,,"true"
"39K6B9Y6RXF6MHDT","JRTCKXETXF","39K6B9Y6RXF6MHDT.JRTCKXETXF.6YS6EN2CT7","OnDemand","$3.4836 per Unused Reservation Linux with SQL Web c8i.12xlarge Instance Hour","2026-10-01","0","Inf","Hrs","3.4836000000","USD",,,,,"Compute Instance","AmazonEC2","EU (Paris)","AWS Region","c8i.12xlarge","Yes","Compute optimized","48","Intel Xeon Scalable (Granite Rapids)","3.9 GHz","96 GiB","EBS only","22500 Megabit","64-bit",,,,,,,,"Shared","Linux","No License required",,,,"EUW3-UnusedBox:c8i.12xlarge","RunInstances:0200","NA","UnusedCapacityReservation","false","15000 Mbps","15000 Mbps","NA","Yes",,"NA",,,,,,,,,,,,,,"Compute Optimized","HK4DA7X5DJRFZMM7","Yes","Yes","Yes","OnDemand","96",,"SQL Web","Intel AVX; Intel AVX2; Intel AVX512; Intel Turbo; Intel AMX",,"eu-west-3",,"Amazon Elastic Compute Cloud",,,,"true"
"39Y23QF9DJHR4Y8T","JRTCKXETXF","39Y23QF9DJHR4Y8T.JRTCKXETXF.6YS6EN2CT7","OnDemand","$0.00 per Linux with SQL Server Enterprise c8i.12xlarge Dedicated Host Instance hour","2026-10-01","0","Inf","Hrs","0.0000000000","USD",,,,,"Compute Instance","AmazonEC2","EU (Paris)","AWS Region","c8i.12xlarge","Yes","Compute optimized","48","Intel Xeon Scalable (Granite Rapids)","3.9 GHz","96 GiB","EBS only","22500 Megabit","64-bit",,,,,,,,"Host","Linux","No License required",,,,"EUW3-HostBoxUsage:c8i.12xlarge","RunInstances:0100","NA","Used","false","15000 Mbps","15000 Mbps","NA","Yes",,"NA",,,,,,,,,,,,,,"Compute Optimized",,"Yes","Yes","Yes","OnDemand","96",,"SQL Ent","Intel AVX; Intel AVX2; Intel AVX512; Intel Turbo; Intel AMX",,"eu-west-3",,"Amazon Elastic Compute Cloud",,,,"true"
"3BAKZCY2PYUGRWQ6","JRTCKXETXF","3BAKZCY2PYUGRWQ6.JRTCKXETXF.6YS6EN2CT7","OnDemand","$0.00 per Reservation Linux c8i.12xlarge Instance Hour","2026-10-01","0","Inf","Hrs","0.0000000000","USD",,,,,"Compute Instance","AmazonEC2","EU (Paris)","AWS Region","c8i.12xlarge","Yes","Compute optimized","48","Intel Xeon Scalable (Granite Rapids)","3.9 GHz","96 GiB","EBS only","22500 Megabit","64-bit",,,,,,,,"Shared","Linux","No License required",,,,"EUW3-Reservation:c8i.12xlarge","RunInstances","NA","AllocatedCapacityReservation","false","15000 Mbps","15000 Mbps","NA","Yes",,"NA",,,,,,,,,,,,,,"Compute Optimized","D3UHFM3YDNHDZH83","Yes","Yes","Yes","OnDemand","96",,"NA","Intel AVX; Intel AVX2; Intel AVX512; Intel Turbo; Intel AMX",,"eu-west-3",,"Amazon Elastic Compute Cloud",,,,"true"
"3K3G8FZEV7BGQAW4","JRTCKXETXF","3K3G8FZEV7BGQAW4.JRTCKXETXF.6YS6EN2CT7","OnDemand","$13.6968 per Unused Reservation Linux with SQL Server Enterprise c7i.8xlarge Instance Hour","2026-10-01","0","Inf","Hrs","13.6968000000","USD",,,,,"Compute Instance","AmazonEC2","EU (Paris)","AWS Region","c7i.8xlarge","Yes","Compute optimized","32","Intel Xeon Scalable (Sapphire Rapids)","3.2 GHz","64 GiB","EBS only","12500 Megabit","64-bit",,,,,,,,"Shared","Linux","No License required",,,,"EUW3-UnusedBox:c7i.8xlarge","RunInstances:0100","NA","UnusedCapacityReservation","false","10000 Mbps","10000 Mbps","NA","Yes",,"NA",,,,,,,,,,,,,,"Compute Optimized","NX2TD79ZBWMEP9MM","Yes","Yes","Yes","OnDemand","64",,"SQL Ent","Intel AVX; Intel AVX2; Intel AVX512; Intel Turbo; Intel AMX",,"eu-west-3",,"Amazon Elastic Compute Cloud",,,,"true"
"3MPSG8YTG829UA99","38NPMPTW36","3MPSG8YTG829UA99.38NPMPTW36.6YS6EN2CT7","Reserved","Windows with SQL Server Standard (Amazon VPC), c7i.8xlarge reserved instance applied","2026-10-08","0","Inf","Hrs","3.0130000000","USD",,"3yr","Partial Upfront","standard","Compute Instance","AmazonEC2","EU (Paris)","AWS Region","c7i.8xlarge","Yes","Compute optimized","32","Intel Xeon Scalable (Sapphire Rapids)","3.2 GHz","64 GiB","EBS only","12500 Megabit","64-bit",,,,,,,,"Shared","Windows","No License required",,,,"EUW3-BoxUsage:c7i.8xlarge","RunInstances:0006","NA","Used","false","10000 Mbps","10000 Mbps","NA","Yes",,"NA",,,,,,,,,,,,,,"Compute Optimized",,"Yes","Yes","Yes","OnDemand","64",,"SQL Std","Intel AVX; Intel AVX2; Intel AVX512; Intel Turbo; Intel AMX",,"eu-west-3",,"Amazon Elastic Compute Cloud",,,,"true"
"3MPSG8YTG829UA99","38NPMPTW36","3MPSG8YTG829UA99.38NPMPTW36.2TG2D8R56U","Reserved","Upfront Fee","2026-10-08",,,"Quantity","79182","USD",,"3yr","Partial Upfront","standard","Compute Instance","AmazonEC2","EU (Paris)","AWS Region","c7i.8xlarge","Yes","Compute optimized","32","Intel Xeon Scalable (Sapphire Rapids)","3.2 GHz","64 GiB","EBS only","12500 Megabit","64-bit",,,,,,,,"Shared","Windows","No License required",,,,"EUW3-BoxUsage:c7i.8xlarge","RunInstances:0006","NA","Used","false","10000 Mbps","10000 Mbps","NA","Yes",,"NA",,,,,,,,,,,,,,"Compute Optimized",,"Yes","Yes","Yes","OnDemand","64",,"SQL Std","Intel AVX; Intel AVX2; Intel AVX512; Intel Turbo; Intel AMX",,"eu-west-3",,"Amazon Elastic Compute Cloud",,,,"true"
"3MPSG8YTG829UA99","4NA7Y494T4","3MPSG8YTG829UA99.4NA7Y494T4.6YS6EN2CT7","Reserved","Windows with SQL Server Standard (Amazon VPC), c7i.8xlarge reserved instance applied","2026-10-08","0","Inf","Hrs","6.4321300000","USD",,"1yr","No Upfront","standard","Compute Instance","AmazonEC2","EU (Paris)","AWS Region","c7i.8xlarge","Yes","Compute optimized","32","Intel Xeon Scalable (Sapphire Rapids)","3.2 GHz","64 GiB","EBS only","12500 Megabit","64-bit",,,,,,,,"Shared","Windows","No License required",,,,"EUW3-BoxUsage:c7i.8xlarge","RunInstances:0006","NA","Used","false","10000 Mbps","10000 Mbps","NA","Yes",,"NA",,,,,,,,,,,,,,"Compute Optimized",,"Yes","Yes","Yes","OnDemand","64",,"SQL Std","Intel AVX; Intel AVX2; Intel AVX512; Intel Turbo; Intel AMX",,"eu-west-3",,"Amazon Elastic Compute Cloud",,,,"true"
"3MPSG8YTG829UA99","6QCMYABX3D","3MPSG8YTG829UA99.6QCMYABX3D.6YS6EN2CT7","Reserved","USD 0.0 per Windows with SQL Server Standard (Amazon VPC), c7i.8xlarge reserved instance applied","2026-10-08","0","Inf","Hrs","0.0000000000","USD",,"1yr","All Upfront","standard","Compute Instance","AmazonEC2","EU (Paris)","AWS Region","c7i.8xlarge","Yes","Compute optimized","32","Intel Xeon Scalable (Sapphire Rapids)","3.2 GHz","64 GiB","EBS only","12500 Megabit","64-bit",,,,,,,,"Shared","Windows","No License required",,,,"EUW3-BoxUsage:c7i.8xlarge","RunInstances:0006","NA","Used","false","10000 Mbps","10000 Mbps","NA","Yes",,"NA",,,,,,,,,,,,,,"Compute Optimized",,"Yes","Yes","Yes","OnDemand","64",,"SQL Std","Intel AVX; Intel AVX2; Intel AVX512; Intel Turbo; Intel AMX",,"eu-west-3",,"Amazon Elastic Compute Cloud",,,,"true"
"3MPSG8YTG829UA99","6QCMYABX3D","3MPSG8YTG829UA99.6QCMYABX3D.2TG2D8R56U","Reserved","Upfront Fee","2026-10-08",,,"Quantity","55691","USD",,"1yr","All Upfront","standard","Compute Instance","AmazonEC2","EU (Paris)","AWS Region","c7i.8xlarge","Yes","Compute optimized","32","Intel Xeon Scalable (Sapphire Rapids)","3.2 GHz","64 GiB","EBS only","12500 Megabit","64-bit",,,,,,,,"Shared","Windows","No License required",,,,"EUW3-BoxUsage:c7i.8xlarge","RunInstances:0006","NA","Used","false","10000 Mbps","10000 Mbps","NA","Yes",,"NA",,,,,,,,,,,,,,"Compute Optimized",,"Yes","Yes","Yes","OnDemand","64",,"SQL Std","Intel AVX; Intel AVX2; Intel AVX512; Intel Turbo; Intel AMX",,"eu-west-3",,"Amazon Elastic Compute Cloud",,,,"true"
"3MPSG8YTG829UA99","7NE97W5U4E","3MPSG8YTG829UA99.7NE97W5U4E.6YS6EN2CT7","Reserved","Windows with SQL Server Standard (Amazon VPC), c7i.8xlarge reserved instance applied","2026-10-08","0","Inf","Hrs","6.6050100000","USD",,"1yr","No Upfront","convertible","Compute Instance","AmazonEC2","EU (Paris)","AWS Region","c7i.8xlarge","Yes","Compute optimized","32","Intel Xeon Scalable (Sapphire Rapids)","3.2 GHz","64 GiB","EBS only","12500 Megabit","64-bit",,,,,,,,"Shared","Windows","No License required",,,,"EUW3-BoxUsage:c7i.8xlarge","RunInstances:0006","NA","Used","false","10000 Mbps","10000 Mbps","NA","Yes",,"NA",,,,,,,,,,,,,,"Compute Optimized",,"Yes","Yes","Yes","OnDemand","64",,"SQL Std","Intel AVX; Intel AVX2; Intel AVX512; Intel Turbo; Intel AMX",,"eu-west-3",,"Amazon Elastic Compute Cloud",,,,"true"
"3MPSG8YTG829UA99","BPH4J8HBKS","3MPSG8YTG829UA99.BPH4J8HBKS.6YS6EN2CT7","Reserved","Windows with SQL Server Standard (Amazon VPC), c7i.8xlarge reserved instance applied","2026-10-08","0","Inf","Hrs","6.0831200000","USD",,"3yr","No Upfront","standard","Compute Instance","AmazonEC2","EU (Paris)","AWS Region","c7i.8xlarge","Yes","Compute optimized","32","Intel Xeon Scalable (Sapphire Rapids)","3.2 GHz","64 GiB","EBS only","12500 Megabit","64-bit",,,,,,,,"Shared","Windows","No License required",,,,"EUW3-BoxUsage:c7i.8xlarge","RunInstances:0006","NA","Used","false","10000 Mbps","10000 Mbps","NA","Yes",,"NA",,,,,,,,,,,,,,"Compute Optimized",,"Yes","Yes","Yes","OnDemand","64",,"SQL Std","Intel AVX; Intel AVX2; Intel AVX512; Intel Turbo; Intel AMX",,"eu-west-3",,"Amazon Elastic Compute Cloud",,,,"true"
"3MPSG8YTG829UA99","CUZHX8X6JH","3MPSG8YTG829UA99.CUZHX8X6JH.6YS6EN2CT7","Reserved","Windows with SQL Server Standard (Amazon VPC), c7i.8xlarge reserved instance applied","2026-10-08","0","Inf","Hrs","3.2717200000","USD",,"1yr","Partial Upfront","convertible","Compute Instance","AmazonEC2","EU (Paris)","AWS Region","c7i.8xlarge","Yes","Compute optimized","32","Intel Xeon Scalable (Sapphire Rapids)","3.2 GHz","64 GiB","EBS only","12500 Megabit","64-bit",,,,,,,,"Shared","Windows","No License required",,,,"EUW3-BoxUsage:c7i.8xlarge","RunInstances:0006","NA","Used","false","10000 Mbps","10000 Mbps","NA","Yes",,"NA",,,,,,,,,,,,,,"Compute Optimized",,"Yes","Yes","Yes","OnDemand","64",,"SQL Std","Intel AVX; Intel AVX2; Intel AVX512; Intel Turbo; Intel AMX",,"eu-west-3",,"Amazon Elastic Compute Cloud",,,,"true"
"3MPSG8YTG829UA99","CUZHX8X6JH","3MPSG8YTG829UA99.CUZHX8X6JH.2TG2D8R56U","Reserved","Upfront Fee","2026-10-08",,,"Quantity","28660","USD",,"1yr","Partial Upfront","convertible","Compute Instance","AmazonEC2","EU (Paris)","AWS Region","c7i.8xlarge","Yes","Compute optimized","32","Intel Xeon Scalable (Sapphire Rapids)","3.2 GHz","64 GiB","EBS only","12500 Megabit","64-bit",,,,,,,,"Shared","Windows","No License required",,,,"EUW3-BoxUsage:c7i.8xlarge","RunInstances:0006","NA","Used","false","10000 Mbps","10000 Mbps","NA","Yes",,"NA",,,,,,,,,,,,,,"Compute Optimized",,"Yes","Yes","Yes","OnDemand","64",,"SQL Std","Intel AVX; Intel AVX2; Intel AVX512; Intel Turbo; Intel AMX",,"eu-west-3",,"Amazon Elastic Compute Cloud",,,,"true"
"3MPSG8YTG829UA99","HU7G6KETJZ","3MPSG8YTG829UA99.HU7G6KETJZ.6YS6EN2CT7","Reserved","Windows with SQL Server Standard (Amazon VPC), c7i.8xlarge reserved instance applied","2026-10-08","0","Inf","Hrs","3.1894000000","USD",,"1yr","Partial Upfront","standard","Compute Instance","AmazonEC2","EU (Paris)","AWS Region","c7i.8xlarge","Yes","Compute optimized","32","Intel Xeon Scalable (Sapphire Rapids)","3.2 GHz","64 GiB","EBS only","12500 Megabit","64-bit",,,,,,,,"Shared","Windows","No License required",,,,"EUW3-BoxUsage:c7i.8xlarge","RunInstances:0006","NA","Used","false","10000 Mbps","10000 Mbps","NA","Yes",,"NA",,,,,,,,,,,,,,"Compute Optimized",,"Yes","Yes","Yes","OnDemand","64",,"SQL Std","Intel AVX; Intel AVX2; Intel AVX512; Intel Turbo; Intel AMX",,"eu-west-3",,"Amazon Elastic Compute Cloud",,,,"true"
"3MPSG8YTG829UA99","HU7G6KETJZ","3MPSG8YTG829UA99.HU7G6KETJZ.2TG2D8R56U","Reserved","Upfront Fee","2026-10-08",,,"Quantity","27939","USD",,"1yr","Partial Upfront","standard","Compute Instance","AmazonEC2","EU (Paris)","AWS Region","c7i.8xlarge","Yes","Compute optimized","32","Intel Xeon Scalable (Sapphire Rapids)","3.2 GHz","64 GiB","EBS only","12500 Megabit","64-bit",,,,,,,,"Shared","Windows","No License required",,,,"EUW3-BoxUsage:c7i.8xlarge","RunInstances:0006","NA","Used","false","10000 Mbps","10000 Mbps","NA","Yes",,"NA",,,,,,,,,,,,,,"Compute Optimized",,"Yes","Yes","Yes","OnDemand","64",,"SQL Std","Intel AVX; Intel AVX2; Intel AVX512; Intel Turbo; Intel AMX",,"eu-west-3",,"Amazon Elastic Compute Cloud",,,,"true"
"3MPSG8YTG829UA99","JRTCKXETXF","3MPSG8YTG829UA99.JRTCKXETXF.6YS6EN2CT7","OnDemand","$7.0088 per On Demand Windows with SQL Std c7i.8xlarge Instance Hour","2026-10-01","0","Inf","Hrs","7.0088000000","USD",,,,,"Compute Instance","AmazonEC2","EU (Paris)","AWS Region","c7i.8xlarge","Yes","Compute optimized","32","Intel Xeon Scalable (Sapphire Rapids)","3.2 GHz","64 GiB","EBS only","12500 Megabit","64-bit",,,,,,,,"Shared","Windows","No License required",,,,"EUW3-BoxUsage:c7i.8xlarge","RunInstances:0006","NA","Used","false","10000 Mbps","10000 Mbps","NA","Yes",,"NA",,,,,,,,,,,,,,"Compute Optimized",,"Yes","Yes","Yes","OnDemand","64",,"SQL Std","Intel AVX; Intel AVX2; Intel AVX512; Intel Turbo; Intel AMX",,"eu-west-3",,"Amazon Elastic Compute Cloud",,,,"true"
"3MPSG8YTG829UA99","MZU6U2429S","3MPSG8YTG829UA99.MZU6U2429S.6YS6EN2CT7","Reserved","USD 0.0 per Windows with SQL Server Standard (Amazon VPC), c7i.8xlarge reserved instance applied","2026-10-08","0","Inf","Hrs","0.0000000000","USD",,"3yr","All Upfront","convertible","Compute Instance","AmazonEC2","EU (Paris)","AWS Region","c7i.8xlarge","Yes","Compute optimized","32","Intel Xeon Scalable (Sapphire Rapids)","3.2 GHz","64 GiB","EBS only","12500 Megabit","64-bit",,,,,,,,"Shared","Windows","No License required",,,,"EUW3-BoxUsage:c7i.8xlarge","RunInstances:0006","NA","Used","false","10000 Mbps","10000 Mbps","NA","Yes",,"NA",,,,,,,,,,,,,,"Compute Optimized",,"Yes","Yes","Yes","OnDemand","64",,"SQL Std","Intel AVX; Intel AVX2; Intel AVX512; Intel Turbo; Intel AMX",,"eu-west-3",,"Amazon Elastic Compute Cloud",,,,"true"
"3MPSG8YTG829UA99","MZU6U2429S","3MPSG8YTG829UA99.MZU6U2429S.2TG2D8R56U","Reserved","Upfront Fee","2026-10-08",,,"Quantity","160714","USD",,"3yr","All Upfront","convertible","Compute Instance","AmazonEC2","EU (Paris)","AWS Region","c7i.8xlarge","Yes","Compute optimized","32","Intel Xeon Scalable (Sapphire Rapids)","3.2 GHz","64 GiB","EBS only","12500 Megabit","64-bit",,,,,,,,"Shared","Windows","No License required",,,,"EUW3-BoxUsage:c7i.8xlarge","RunInstances:0006","NA","Used","false","10000 Mbps","10000 Mbps","NA","Yes",,"NA",,,,,,,,,,,,,,"Compute Optimized",,"Yes","Yes","Yes","OnDemand","64",,"SQL Std","Intel AVX; Intel AVX2; Intel AVX512; Intel Turbo; Intel AMX",,"eu-west-3",,"Amazon Elastic Compute Cloud",,,,"true"
"3MPSG8YTG829UA99","NQ3QZPMQV9","3MPSG8YTG829UA99.NQ3QZPMQV9.6YS6EN2CT7","Reserved","USD 0.0 per Windows with SQL Server Standard (Amazon VPC), c7i.8xlarge reserved instance applied","2026-10-08","0","Inf","Hrs","0.0000000000","USD",,"3yr","All Upfront","standard","Compute Instance","AmazonEC2","EU (Paris)","AWS Region","c7i.8xlarge","Yes","Compute optimized","32","Intel Xeon Scalable (Sapphire Rapids)","3.2 GHz","64 GiB","EBS only","12500 Megabit","64-bit",,,,,,,,"Shared","Windows","No License required",,,,"EUW3-BoxUsage:c7i.8xlarge","RunInstances:0006","NA","Used","false","10000 Mbps","10000 Mbps","NA","Yes",,"NA",,,,,,,,,,,,,,"Compute Optimized",,"Yes","Yes","Yes","OnDemand","64",,"SQL Std","Intel AVX; Intel AVX2; Intel AVX512; Intel Turbo; Intel AMX",,"eu-west-3",,"Amazon Elastic Compute Cloud",,,,"true"
"3MPSG8YTG829UA99","NQ3QZPMQV9","3MPSG8YTG829UA99.NQ3QZPMQV9.2TG2D8R56U","Reserved","Upfront Fee","2026-10-08",,,"Quantity","157237","USD",,"3yr","All Upfront","standard","Compute Instance","AmazonEC2","EU (Paris)","AWS Region","c7i.8xlarge","Yes","Compute optimized","32","Intel Xeon Scalable (Sapphire Rapids)","3.2 GHz","64 GiB","EBS only","12500 Megabit","64-bit",,,,,,,,"Shared","Windows","No License required",,,,"EUW3-BoxUsage:c7i.8xlarge","RunInstances:0006","NA","Used","false","10000 Mbps","10000 Mbps","NA","Yes",,"NA",,,,,,,,,,,,,,"Compute Optimized",,"Yes","Yes","Yes","OnDemand","64",,"SQL Std","Intel AVX; Intel AVX2; Intel AVX512; Intel Turbo; Intel AMX",,"eu-west-3",,"Amazon Elastic Compute Cloud",,,,"true"
"3MPSG8YTG829UA99","R5XV2EPZQZ","3MPSG8YTG829UA99.R5XV2EPZQZ.6YS6EN2CT7","Reserved","Windows with SQL Server Standard (Amazon VPC), c7i.8xlarge reserved instance applied","2026-10-08","0","Inf","Hrs","3.0659200000","USD",,"3yr","Partial Upfront","convertible","Compute Instance","AmazonEC2","EU (Paris)","AWS Region","c7i.8xlarge","Yes","Compute optimized","32","Intel Xeon Scalable (Sapphire Rapids)","3.2 GHz","64 GiB","EBS only","12500 Megabit","64-bit",,,,,,,,"Shared","Windows","No License required",,,,"EUW3-BoxUsage:c7i.8xlarge","RunInstances:0006","NA","Used","false","10000 Mbps","10000 Mbps","NA","Yes",,"NA",,,,,,,,,,,,,,"Compute Optimized",,"Yes","Yes","Yes","OnDemand","64",,"SQL Std","Intel AVX; Intel AVX2; Intel AVX512; Intel Turbo; Intel AMX",,"eu-west-3",,"Amazon Elastic Compute Cloud",,,,"true"
"3MPSG8YTG829UA99","R5XV2EPZQZ","3MPSG8YTG829UA99.R5XV2EPZQZ.2TG2D8R56U","Reserved","Upfront Fee","2026-10-08",,,"Quantity","80572","USD",,"3yr","Partial Upfront","convertible","Compute Instance","AmazonEC2","EU (Paris)","AWS Region","c7i.8xlarge","Yes","Compute optimized","32","Intel Xeon Scalable (Sapphire Rapids)","3.2 GHz","64 GiB","EBS only","12500 Megabit","64-bit",,,,,,,,"Shared","Windows","No License required",,,,"EUW3-BoxUsage:c7i.8xlarge","RunInstances:0006","NA","Used","false","10000 Mbps","10000 Mbps","NA","Yes",,"NA",,,,,,,,,,,,,,"Compute Optimized",,"Yes","Yes","Yes","OnDemand","64",,"SQL Std","Intel AVX; Intel AVX2; Intel AVX512; Intel Turbo; Intel AMX",,"eu-west-3",,"Amazon Elastic Compute Cloud",,,,"true"
"3MPSG8YTG829UA99","VJWZNREJX2","3MPSG8YTG829UA99.VJWZNREJX2.6YS6EN2CT7","Reserved","USD 0.0 per Windows with SQL Server Standard (Amazon VPC), c7i.8xlarge reserved instance applied","2026-10-08","0","Inf","Hrs","0.0000000000","USD",,"1yr","All Upfront","convertible","Compute Instance","AmazonEC2","EU (Paris)","AWS Region","c7i.8xlarge","Yes","Compute optimized","32","Intel Xeon Scalable (Sapphire Rapids)","3.2 GHz","64 GiB","EBS only","12500 Megabit","64-bit",,,,,,,,"Shared","Windows","No License required",,,,"EUW3-BoxUsage:c7i.8xlarge","RunInstances:0006","NA","Used","false","10000 Mbps","10000 Mbps","NA","Yes",,"NA",,,,,,,,,,,,,,"Compute Optimized",,"Yes","Yes","Yes","OnDemand","64",,"SQL Std","Intel AVX; Intel AVX2; Intel AVX512; Intel Turbo; Intel AMX",,"eu-west-3",,"Amazon Elastic Compute Cloud",,,,"true"
"3MPSG8YTG829UA99","VJWZNREJX2","3MPSG8YTG829UA99.VJWZNREJX2.2TG2D8R56U","Reserved","Upfront Fee","2026-10-08",,,"Quantity","57105","USD",,"1yr","All Upfront","convertible","Compute Instance","AmazonEC2","EU (Paris)","AWS Region","c7i.8xlarge","Yes","Compute optimized","32","Intel Xeon Scalable (Sapphire Rapids)","3.2 GHz","64 GiB","EBS only","12500 Megabit","64-bit",,,,,,,,"Shared","Windows","No License required",,,,"EUW3-BoxUsage:c7i.8xlarge","RunInstances:0006","NA","Used","false","10000 Mbps","10000 Mbps","NA","Yes",,"NA",,,,,,,,,,,,,,"Compute Optimized",,"Yes","Yes","Yes","OnDemand","64",,"SQL Std","Intel AVX; Intel AVX2; Intel AVX512; Intel Turbo; Intel AMX",,"eu-west-3",,"Amazon Elastic Compute Cloud",,,,"true"
"3MPSG8YTG829UA99","Z2E3P23VKM","3MPSG8YTG829UA99.Z2E3P23VKM.6YS6EN2CT7","Reserved","Windows with SQL Server Standard (Amazon VPC), c7i.8xlarge reserved instance applied","2026-10-08","0","Inf","Hrs","6.1974300000","USD",,"3yr","No Upfront","convertible","Compute Instance","AmazonEC2","EU (Paris)","AWS Region","c7i.8xlarge","Yes","Compute optimized","32","Intel Xeon Scalable (Sapphire Rapids)","3.2 GHz","64 GiB","EBS only","12500 Megabit","64-bit",,,,,,,,"Shared","Windows","No License required",,,,"EUW3-BoxUsage:c7i.8xlarge","RunInstances:0006","NA","Used","false","10000 Mbps","10000 Mbps","NA","Yes",,"NA",,,,,,,,,,,,,,"Compute Optimized",,"Yes","Yes","Yes","OnDemand","64",,"SQL Std","Intel AVX; Intel AVX2; Intel AVX512; Intel Turbo; Intel AMX",,"eu-west-3",,"Amazon Elastic Compute Cloud",,,,"true"
"3UK775H5S29Y3XBU","JRTCKXETXF","3UK775H5S29Y3XBU.JRTCKXETXF.6YS6EN2CT7","OnDemand","$0.00 per Reservation Linux with SQL Server Enterprise c7i.8xlarge Instance Hour","2026-10-01","0","Inf","Hrs","0.0000000000","USD",,,,,"Compute Instance","AmazonEC2","EU (Paris)","AWS Region","c7i.8xlarge","Yes","Compute optimized","32","Intel Xeon Scalable (Sapphire Rapids)","3.2 GHz","64 GiB","EBS only","12500 Megabit","64-bit",,,,,,,,"Shared","Linux","No License required",,,,"EUW3-Reservation:c7i.8xlarge","RunInstances:0100","NA","AllocatedCapacityReservation","false","10000 Mbps","10000 Mbps","NA","Yes",,"NA",,,,,,,,,,,,,,"Compute Optimized","NX2TD79ZBWMEP9MM","Yes","Yes","Yes","OnDemand","64",,"SQL Ent","Intel AVX; Intel AVX2; Intel AVX512; Intel Turbo; Intel AMX",,"eu-west-3",,"Amazon Elastic Compute Cloud",,,,"true"
"3WQB596KBK5QW4KT","JRTCKXETXF","3WQB596KBK5QW4KT.JRTCKXETXF.6YS6EN2CT7","OnDemand","$0.00 per Windows with SQL Web c7i.8xlarge Dedicated Host Instance hour","2026-10-01","0","Inf","Hrs","0.0000000000","USD",,,,,"Compute Instance","AmazonEC2","EU (Paris)","AWS Region","c7i.8xlarge","Yes","Compute optimized","32","Intel Xeon Scalable (Sapphire Rapids)","3.2 GHz","64 GiB","EBS only","12500 Megabit","64-bit",,,,,,,,"Host","Windows","No License required",,,,"EUW3-HostBoxUsage:c7i.8xlarge","RunInstances:0202","NA","Used","false","10000 Mbps","10000 Mbps","NA","Yes",,"NA",,,,,,,,,,,,,,"Compute Optimized",,"Yes","Yes","Yes","OnDemand","64",,"SQL Web","Intel AVX; Intel AVX2; Intel AVX512; Intel Turbo; Intel AMX",,"eu-west-3",,"Amazon Elastic Compute Cloud",,,,"true"
"3WY65WJMBEHXCFRF","JRTCKXETXF","3WY65WJMBEHXCFRF.JRTCKXETXF.6YS6EN2CT7","OnDemand","$8.8236 per Unused Reservation RHEL with SQL Standard c7i.12xlarge Instance Hour","2026-10-01","0","Inf","Hrs","8.8236000000","USD",,,,,"Compute Instance","AmazonEC2","EU (Paris)","AWS Region","c7i.12xlarge","Yes","Compute optimized","48","Intel Xeon Scalable (Sapphire Rapids)","3.2 GHz","96 GiB","EBS only","18750 Megabit","64-bit",,,,,,,,"Shared","RHEL","No License required",,,,"EUW3-UnusedBox:c7i.12xlarge","RunInstances:0014","NA","UnusedCapacityReservation","false","15000 Mbps","15000 Mbps","NA","Yes",,"NA",,,,,,,,,,,,,,"Compute Optimized","WUXZS5MTQGGFQJR4","Yes","Yes","Yes","OnDemand","96",,"SQL Std","Intel AVX; Intel AVX2; Intel AVX512; Intel Turbo; Intel AMX",,"eu-west-3",,"Amazon Elastic Compute Cloud",,,,"true"
"3YNC2RU5J8YZHTS6","JRTCKXETXF","3YNC2RU5J8YZHTS6.JRTCKXETXF.6YS6EN2CT7","OnDemand","$0.00 per Dedicated Reservation RHEL with SQL Web c8i.12xlarge Instance Hour","2026-10-01","0","Inf","Hrs","0.0000000000","USD",,,,,"Compute Instance","AmazonEC2","EU (Paris)","AWS Region","c8i.12xlarge","Yes","Compute optimized","48","Intel Xeon Scalable (Granite Rapids)","3.9 GHz","96 GiB","EBS only","22500 Megabit","64-bit",,,,,,,,"Dedicated","RHEL","No License required",,,,"EUW3-DedicatedRes:c8i.12xlarge","RunInstances:0210","NA","AllocatedCapacityReservation","false","15000 Mbps","15000 Mbps","NA","Yes",,"NA",,,,,,,,,,,,,,"Compute Optimized","KQM2WV4R8C5RFZFP","Yes","Yes","Yes","OnDemand","96",,"SQL Web","Intel AVX; Intel AVX2; Intel AVX512; Intel Turbo; Intel AMX",,"eu-west-3",,"Amazon Elastic Compute Cloud",,,,"true"
"46SNB296DQUVTWZK","38NPMPTW36","46SNB296DQUVTWZK.38NPMPTW36.6YS6EN2CT7","Reserved","Linux with SQL Server Enterprise (Amazon VPC), c7i.12xlarge reserved instance applied","2026-10-08","0","Inf","Hrs","9.5890500000","USD",,"3yr","Partial Upfront","standard","Compute Instance","AmazonEC2","EU (Paris)","AWS Region","c7i.12xlarge","Yes","Compute optimized","48","Intel Xeon Scalable (Sapphire Rapids)","3.2 GHz","96 GiB","EBS only","18750 Megabit","64-bit",,,,,,,,"Dedicated","Linux","No License required",,,,"EUW3-DedicatedUsage:c7i.12xlarge","RunInstances:0100","NA","Used","false","15000 Mbps","15000 Mbps","NA","Yes",,"NA",,,,,,,,,,,,,,"Compute Optimized",,"Yes","Yes","Yes","OnDemand","96",,"SQL Ent","Intel AVX; Intel AVX2; Intel AVX512; Intel Turbo; Intel AMX",,"eu-west-3",,"Amazon Elastic Compute Cloud",,,,"true"
"46SNB296DQUVTWZK","38NPMPTW36","46SNB296DQUVTWZK.38NPMPTW36.2TG2D8R56U","Reserved","Upfront Fee","2026-10-08",,,"Quantity","252000","USD",,"3yr","Partial Upfront","standard","Compute Instance","AmazonEC2","EU (Paris)","AWS Region","c7i.12xlarge","Yes","Compute optimized","48","Intel Xeon Scalable (Sapphire Rapids)","3.2 GHz","96 GiB","EBS only","18750 Megabit","64-bit",,,,,,,,"Dedicated","Linux","No License required",,,,"EUW3-DedicatedUsage:c7i.12xlarge","RunInstances:0100","NA","Used","false","15000 Mbps","15000 Mbps","NA","Yes",,"NA",,,,,,,,,,,,,,"Compute Optimized",,"Yes","Yes","Yes","OnDemand","96",,"SQL Ent","Intel AVX; Intel AVX2; Intel AVX512; Intel Turbo; Intel AMX",,"eu-west-3",,"Amazon Elastic Compute Cloud",,,,"true"
"46SNB296DQUVTWZK","4NA7Y494T4","46SNB296DQUVTWZK.4NA7Y494T4.6YS6EN2CT7","Reserved","Linux with SQL Server Enterprise (Amazon VPC), c7i.12xlarge reserved instance applied","2026-10-08","0","Inf","Hrs","19.8482200000","USD",,"1yr","No Upfront","standard","Compute Instance","AmazonEC2","EU (Paris)","AWS Region","c7i.12xlarge","Yes","Compute optimized","48","Intel Xeon Scalable (Sapphire Rapids)","3.2 GHz","96 GiB","EBS only","18750 Megabit","64-bit",,,,,,,,"Dedicated","Linux","No License required",,,,"EUW3-DedicatedUsage:c7i.12xlarge","RunInstances:0100","NA","Used","false","15000 Mbps","15000 Mbps","NA","Yes",,"NA",,,,,,,,,,,,,,"Compute Optimized",,"Yes","Yes","Yes","OnDemand","96",,"SQL Ent","Intel AVX; Intel AVX2; Intel AVX512; Intel Turbo; Intel AMX",,"eu-west-3",,"Amazon Elastic Compute Cloud",,,,"true"
"46SNB296DQUVTWZK","6QCMYABX3D","46SNB296DQUVTWZK.6QCMYABX3D.6YS6EN2CT7","Reserved","USD 0.0 per Linux with SQL Server Enterprise (Amazon VPC), c7i.12xlarge reserved instance applied","2026-10-08","0","Inf","Hrs","0.0000000000","USD",,"1yr","All Upfront","standard","Compute Instance","AmazonEC2","EU (Paris)","AWS Region","c7i.12xlarge","Yes","Compute optimized","48","Intel Xeon Scalable (Sapphire Rapids)","3.2 GHz","96 GiB","EBS only","18750 Megabit","64-bit",,,,,,,,"Dedicated","Linux","No License required",,,,"EUW3-DedicatedUsage:c7i.12xlarge","RunInstances:0100","NA","Used","false","15000 Mbps","15000 Mbps","NA","Yes",,"NA",,,,,,,,,,,,,,"Compute Optimized",,"Yes","Yes","Yes","OnDemand","96",,"SQL Ent","Intel AVX; Intel AVX2; Intel AVX512; Intel Turbo; Intel AMX",,"eu-west-3",,"Amazon Elastic Compute Cloud",,,,"true"
"46SNB296DQUVTWZK","6QCMYABX3D","46SNB296DQUVTWZK.6QCMYABX3D.2TG2D8R56U","Reserved","Upfront Fee","2026-10-08",,,"Quantity","172791","USD",,"1yr","All Upfront","standard","Compute Instance","AmazonEC2","EU (Paris)","AWS Region","c7i.12xlarge","Yes","Compute optimized","48","Intel Xeon Scalable (Sapphire Rapids)","3.2 GHz","96 GiB","EBS only","18750 Megabit","64-bit",,,,,,,,"Dedicated","Linux","No License required",,,,"EUW3-DedicatedUsage:c7i.12xlarge","RunInstances:0100","NA","Used","false","15000 Mbps","15000 Mbps","NA","Yes",,"NA",,,,,,,,,,,,,,"Compute Optimized",,"Yes","Yes","Yes","OnDemand","96",,"SQL Ent","Intel AVX; Intel AVX2; Intel AVX512; Intel Turbo; Intel AMX",,"eu-west-3",,"Amazon Elastic Compute Cloud",,,,"true"
"46SNB296DQUVTWZK","7NE97W5U4E","46SNB296DQUVTWZK.7NE97W5U4E.6YS6EN2CT7","Reserved","Linux with SQL Server Enterprise (Amazon VPC), c7i.12xlarge reserved instance applied","2026-10-08","0","Inf","Hrs","20.1334600000","USD",,"1yr","No Upfront","convertible","Compute Instance","AmazonEC2","EU (Paris)","AWS Region","c7i.12xlarge","Yes","Compute optimized","48","Intel Xeon Scalable (Sapphire Rapids)","3.2 GHz","96 GiB","EBS only","18750 Megabit","64-bit",,,,,,,,"Dedicated","Linux","No License required",,,,"EUW3-DedicatedUsage:c7i.12xlarge","RunInstances:0100","NA","Used","false","15000 Mbps","15000 Mbps","NA","Yes",,"NA",,,,,,,,,,,,,,"Compute Optimized",,"Yes","Yes","Yes","OnDemand","96",,"SQL Ent","Intel AVX; Intel AVX2; Intel AVX512; Intel Turbo; Intel AMX",,"eu-west-3",,"Amazon Elastic Compute Cloud",,,,"true"
"46SNB296DQUVTWZK","BPH4J8HBKS","46SNB296DQUVTWZK.BPH4J8HBKS.6YS6EN2CT7","Reserved","Linux with SQL Server Enterprise (Amazon VPC), c7i.12xlarge reserved instance applied","2026-10-08","0","Inf","Hrs","19.2723400000","USD",,"3yr","No Upfront","standard","Compute Instance","AmazonEC2","EU (Paris)","AWS Region","c7i.12xlarge","Yes","Compute optimized","48","Intel Xeon Scalable (Sapphire Rapids)","3.2 GHz","96 GiB","EBS only","18750 Megabit","64-bit",,,,,,,,"Dedicated","Linux","No License required",,,,"EUW3-DedicatedUsage:c7i.12xlarge","RunInstances:0100","NA","Used","false","15000 Mbps","15000 Mbps","NA","Yes",,"NA",,,,,,,,,,,,,,"Compute Optimized",,"Yes","Yes","Yes","OnDemand","96",,"SQL Ent","Intel AVX; Intel AVX2; Intel AVX512; Intel Turbo; Intel AMX",,"eu-west-3",,"Amazon Elastic Compute Cloud",,,,"true"
"46SNB296DQUVTWZK","CUZHX8X6JH","46SNB296DQUVTWZK.CUZHX8X6JH.6YS6EN2CT7","Reserved","Linux with SQL Server Enterprise (Amazon VPC), c7i.12xlarge reserved instance applied","2026-10-08","0","Inf","Hrs","10.0159300000","USD",,"1yr","Partial Upfront","convertible","Compute Instance","AmazonEC2","EU (Paris)","AWS Region","c7i.12xlarge","Yes","Compute optimized","48","Intel Xeon Scalable (Sapphire Rapids)","3.2 GHz","96 GiB","EBS only","18750 Megabit","64-bit",,,,,,,,"Dedicated","Linux","No License required",,,,"EUW3-DedicatedUsage:c7i.12xlarge","RunInstances:0100","NA","Used","false","15000 Mbps","15000 Mbps","NA","Yes",,"NA",,,,,,,,,,,,,,"Compute Optimized",,"Yes","Yes","Yes","OnDemand","96",,"SQL Ent","Intel AVX; Intel AVX2; Intel AVX512; Intel Turbo; Intel AMX",,"eu-west-3",,"Amazon Elastic Compute Cloud",,,,"true"
"46SNB296DQUVTWZK","CUZHX8X6JH","46SNB296DQUVTWZK.CUZHX8X6JH.2TG2D8R56U","Reserved","Upfront Fee","2026-10-08",,,"Quantity","87740","USD",,"1yr","Partial Upfront","convertible","Compute Instance","AmazonEC2","EU (Paris)","AWS Region","c7i.12xlarge","Yes","Compute optimized","48","Intel Xeon Scalable (Sapphire Rapids)","3.2 GHz","96 GiB","EBS only","18750 Megabit","64-bit",,,,,,,,"Dedicated","Linux","No License required",,,,"EUW3-DedicatedUsage:c7i.12xlarge","RunInstances:0100","NA","Used","false","15000 Mbps","15000 Mbps","NA","Yes",,"NA",,,,,,,,,,,,,,"Compute Optimized",,"Yes","Yes","Yes","OnDemand","96",,"SQL Ent","Intel AVX; Intel AVX2; Intel AVX512; Intel Turbo; Intel AMX",,"eu-west-3",,"Amazon Elastic Compute Cloud",,,,"true"
"46SNB296DQUVTWZK","HU7G6KETJZ","46SNB296DQUVTWZK.HU7G6KETJZ.6YS6EN2CT7","Reserved","Linux with SQL Server Enterprise (Amazon VPC), c7i.12xlarge reserved instance applied","2026-10-08","0","Inf","Hrs","9.8801100000","USD",,"1yr","Partial Upfront","standard","Compute Instance","AmazonEC2","EU (Paris)","AWS Region","c7i.12xlarge","Yes","Compute optimized","48","Intel Xeon Scalable (Sapphire Rapids)","3.2 GHz","96 GiB","EBS only","18750 Megabit","64-bit",,,,,,,,"Dedicated","Linux","No License required",,,,"EUW3-DedicatedUsage:c7i.12xlarge","RunInstances:0100","NA","Used","false","15000 Mbps","15000 Mbps","NA","Yes",,"NA",,,,,,,,,,,,,,"Compute Optimized",,"Yes","Yes","Yes","OnDemand","96",,"SQL Ent","Intel AVX; Intel AVX2; Intel AVX512; Intel Turbo; Intel AMX",,"eu-west-3",,"Amazon Elastic Compute Cloud",,,,"true"
"46SNB296DQUVTWZK","HU7G6KETJZ","46SNB296DQUVTWZK.HU7G6KETJZ.2TG2D8R56U","Reserved","Upfront Fee","2026-10-08",,,"Quantity","86550","USD",,"1yr","Partial Upfront","standard","Compute Instance","AmazonEC2","EU (Paris)","AWS Region","c7i.12xlarge","Yes","Compute optimized","48","Intel Xeon Scalable (Sapphire Rapids)","3.2 GHz","96 GiB","EBS only","18750 Megabit","64-bit",,,,,,,,"Dedicated","Linux","No License required",,,,"EUW3-DedicatedUsage:c7i.12xlarge","RunInstances:0100","NA","Used","false","15000 Mbps","15000 Mbps","NA","Yes",,"NA",,,,,,,,,,,,,,"Compute Optimized",,"Yes","Yes","Yes","OnDemand","96",,"SQL Ent","Intel AVX; Intel AVX2; Intel AVX512; Intel Turbo; Intel AMX",,"eu-west-3",,"Amazon Elastic Compute Cloud",,,,"true"
"46SNB296DQUVTWZK","JRTCKXETXF","46SNB296DQUVTWZK.JRTCKXETXF.6YS6EN2CT7","OnDemand","$20.79972 per Dedicated Linux with SQL Server Enterprise c7i.12xlarge Instance Hour","2026-10-01","0","Inf","Hrs","20.7997200000","USD",,,,,"Compute Instance","AmazonEC2","EU (Paris)","AWS Region","c7i.12xlarge","Yes","Compute optimized","48","Intel Xeon Scalable (Sapphire Rapids)","3.2 GHz","96 GiB","EBS only","18750 Megabit","64-bit",,,,,,,,"Dedicated","Linux","No License required",,,,"EUW3-DedicatedUsage:c7i.12xlarge","RunInstances:0100","NA","Used","false","15000 Mbps","15000 Mbps","NA","Yes",,"NA",,,,,,,,,,,,,,"Compute Optimized",,"Yes","Yes","Yes","OnDemand","96",,"SQL Ent","Intel AVX; Intel AVX2; Intel AVX512; Intel Turbo; Intel AMX",,"eu-west-3",,"Amazon Elastic Compute Cloud",,,,"true"
"46SNB296DQUVTWZK","MZU6U2429S","46SNB296DQUVTWZK.MZU6U2429S.6YS6EN2CT7","Reserved","USD 0.0 per Linux with SQL Server Enterprise (Amazon VPC), c7i.12xlarge reserved instance applied","2026-10-08","0","Inf","Hrs","0.0000000000","USD",,"3yr","All Upfront","convertible","Compute Instance","AmazonEC2","EU (Paris)","AWS Region","c7i.12xlarge","Yes","Compute optimized","48","Intel Xeon Scalable (Sapphire Rapids)","3.2 GHz","96 GiB","EBS only","18750 Megabit","64-bit",,,,,,,,"Dedicated","Linux","No License required",,,,"EUW3-DedicatedUsage:c7i.12xlarge","RunInstances:0100","NA","Used","false","15000 Mbps","15000 Mbps","NA","Yes",,"NA",,,,,,,,,,,,,,"Compute Optimized",,"Yes","Yes","Yes","OnDemand","96",,"SQL Ent","Intel AVX; Intel AVX2; Intel AVX512; Intel Turbo; Intel AMX",,"eu-west-3",,"Amazon Elastic Compute Cloud",,,,"true"
"46SNB296DQUVTWZK","MZU6U2429S","46SNB296DQUVTWZK.MZU6U2429S.2TG2D8R56U","Reserved","Upfront Fee","2026-10-08",,,"Quantity","507879","USD",,"3yr","All Upfront","convertible","Compute Instance","AmazonEC2","EU (Paris)","AWS Region","c7i.12xlarge","Yes","Compute optimized","48","Intel Xeon Scalable (Sapphire Rapids)","3.2 GHz","96 GiB","EBS only","18750 Megabit","64-bit",,,,,,,,"Dedicated","Linux","No License required",,,,"EUW3-DedicatedUsage:c7i.12xlarge","RunInstances:0100","NA","Used","false","15000 Mbps","15000 Mbps","NA","Yes",,"NA",,,,,,,,,,,,,,"Compute Optimized",,"Yes","Yes","Yes","OnDemand","96",,"SQL Ent","Intel AVX; Intel AVX2; Intel AVX512; Intel Turbo; Intel AMX",,"eu-west-3",,"Amazon Elastic Compute Cloud",,,,"true"
"46SNB296DQUVTWZK","NQ3QZPMQV9","46SNB296DQUVTWZK.NQ3QZPMQV9.6YS6EN2CT7","Reserved","USD 0.0 per Linux with SQL Server Enterprise (Amazon VPC), c7i.12xlarge reserved instance applied","2026-10-08","0","Inf","Hrs","0.0000000000","USD",,"3yr","All Upfront","standard","Compute Instance","AmazonEC2","EU (Paris)","AWS Region","c7i.12xlarge","Yes","Compute optimized","48","Intel Xeon Scalable (Sapphire Rapids)","3.2 GHz","96 GiB","EBS only","18750 Megabit","64-bit",,,,,,,,"Dedicated","Linux","No License required",,,,"EUW3-DedicatedUsage:c7i.12xlarge","RunInstances:0100","NA","Used","false","15000 Mbps","15000 Mbps","NA","Yes",,"NA",,,,,,,,,,,,,,"Compute Optimized",,"Yes","Yes","Yes","OnDemand","96",,"SQL Ent","Intel AVX; Intel AVX2; Intel AVX512; Intel Turbo; Intel AMX",,"eu-west-3",,"Amazon Elastic Compute Cloud",,,,"true"
"46SNB296DQUVTWZK","NQ3QZPMQV9","46SNB296DQUVTWZK.NQ3QZPMQV9.2TG2D8R56U","Reserved","Upfront Fee","2026-10-08",,,"Quantity","502143","USD",,"3yr","All Upfront","standard","Compute Instance","AmazonEC2","EU (Paris)","AWS Region","c7i.12xlarge","Yes","Compute optimized","48","Intel Xeon Scalable (Sapphire Rapids)","3.2 GHz","96 GiB","EBS only","18750 Megabit","64-bit",,,,,,,,"Dedicated","Linux","No License required",,,,"EUW3-DedicatedUsage:c7i.12xlarge","RunInstances:0100","NA","Used","false","15000 Mbps","15000 Mbps","NA","Yes",,"NA",,,,,,,,,,,,,,"Compute Optimized",,"Yes","Yes","Yes","OnDemand","96",,"SQL Ent","Intel AVX; Intel AVX2; Intel AVX512; Intel Turbo; Intel AMX",,"eu-west-3",,"Amazon Elastic Compute Cloud",,,,"true"
"46SNB296DQUVTWZK","R5XV2EPZQZ","46SNB296DQUVTWZK.R5XV2EPZQZ.6YS6EN2CT7","Reserved","Linux with SQL Server Enterprise (Amazon VPC), c7i.12xlarge reserved instance applied","2026-10-08","0","Inf","Hrs","9.6763700000","USD",,"3yr","Partial Upfront","convertible","Compute Instance","AmazonEC2","EU (Paris)","AWS Region","c7i.12xlarge","Yes","Compute optimized","48","Intel Xeon Scalable (Sapphire Rapids)","3.2 GHz","96 GiB","EBS only","18750 Megabit","64-bit",,,,,,,,"Dedicated","Linux","No License required",,,,"EUW3-DedicatedUsage:c7i.12xlarge","RunInstances:0100","NA","Used","false","15000 Mbps","15000 Mbps","NA","Yes",,"NA",,,,,,,,,,,,,,"Compute Optimized",,"Yes","Yes","Yes","OnDemand","96",,"SQL Ent","Intel AVX; Intel AVX2; Intel AVX512; Intel Turbo; Intel AMX",,"eu-west-3",,"Amazon Elastic Compute Cloud",,,,"true"
"46SNB296DQUVTWZK","R5XV2EPZQZ","46SNB296DQUVTWZK.R5XV2EPZQZ.2TG2D8R56U","Reserved","Upfront Fee","2026-10-08",,,"Quantity","254295","USD",,"3yr","Partial Upfront","convertible","Compute Instance","AmazonEC2","EU (Paris)","AWS Region","c7i.12xlarge","Yes","Compute optimized","48","Intel Xeon Scalable (Sapphire Rapids)","3.2 GHz","96 GiB","EBS only","18750 Megabit","64-bit",,,,,,,,"Dedicated","Linux","No License required",,,,"EUW3-DedicatedUsage:c7i.12xlarge","RunInstances:0100","NA","Used","false","15000 Mbps","15000 Mbps","NA","Yes",,"NA",,,,,,,,,,,,,,"Compute Optimized",,"Yes","Yes","Yes","OnDemand","96",,"SQL Ent","Intel AVX; Intel AVX2; Intel AVX512; Intel Turbo; Intel AMX",,"eu-west-3",,"Amazon Elastic Compute Cloud",,,,"true"
"46SNB296DQUVTWZK","VJWZNREJX2","46SNB296DQUVTWZK.VJWZNREJX2.6YS6EN2CT7","Reserved","USD 0.0 per Linux with SQL Server Enterprise (Amazon VPC), c7i.12xlarge reserved instance applied","2026-10-08","0","Inf","Hrs","0.0000000000","USD",,"1yr","All Upfront","convertible","Compute Instance","AmazonEC2","EU (Paris)","AWS Region","c7i.12xlarge","Yes","Compute optimized","48","Intel Xeon Scalable (Sapphire Rapids)","3.2 GHz","96 GiB","EBS only","18750 Megabit","64-bit",,,,,,,,"Dedicated","Linux","No License required",,,,"EUW3-DedicatedUsage:c7i.12xlarge","RunInstances:0100","NA","Used","false","15000 Mbps","15000 Mbps","NA","Yes",,"NA",,,,,,,,,,,,,,"Compute Optimized",,"Yes","Yes","Yes","OnDemand","96",,"SQL Ent","Intel AVX; Intel AVX2; Intel AVX512; Intel Turbo; Intel AMX",,"eu-west-3",,"Amazon Elastic Compute Cloud",,,,"true"
"46SNB296DQUVTWZK","VJWZNREJX2","46SNB296DQUVTWZK.VJWZNREJX2.2TG2D8R56U","Reserved","Upfront Fee","2026-10-08",,,"Quantity","175123","USD",,"1yr","All Upfront","convertible","Compute Instance","AmazonEC2","EU (Paris)","AWS Region","c7i.12xlarge","Yes","Compute optimized","48","Intel Xeon Scalable (Sapphire Rapids)","3.2 GHz","96 GiB","EBS only","18750 Megabit","64-bit",,,,,,,,"Dedicated","Linux","No License required",,,,"EUW3-DedicatedUsage:c7i.12xlarge","RunInstances:0100","NA","Used","false","15000 Mbps","15000 Mbps","NA","Yes",,"NA",,,,,,,,,,,,,,"Compute Optimized",,"Yes","Yes","Yes","OnDemand","96",,"SQL Ent","Intel AVX; Intel AVX2; Intel AVX512; Intel Turbo; Intel AMX",,"eu-west-3",,"Amazon Elastic Compute Cloud",,,,"true"
"46SNB296DQUVTWZK","Z2E3P23VKM","46SNB296DQUVTWZK.Z2E3P23VKM.6YS6EN2CT7","Reserved","Linux with SQL Server Enterprise (Amazon VPC), c7i.12xlarge reserved instance applied","2026-10-08","0","Inf","Hrs","19.4609600000","USD",,"3yr","No Upfront","convertible","Compute Instance","AmazonEC2","EU (Paris)","AWS Region","c7i.12xlarge","Yes","Compute optimized","48","Intel Xeon Scalable (Sapphire Rapids)","3.2 GHz","96 GiB","EBS only","18750 Megabit","64-bit",,,,,,,,"Dedicated","Linux","No License required",,,,"EUW3-DedicatedUsage:c7i.12xlarge","RunInstances:0100","NA","Used","false","15000 Mbps","15000 Mbps","NA","Yes",,"NA",,,,,,,,,,,,,,"Compute Optimized",,"Yes","Yes","Yes","OnDemand","96",,"SQL Ent","Intel AVX; Intel AVX2; Intel AVX512; Intel Turbo; Intel AMX",,"eu-west-3",,"Amazon Elastic Compute Cloud",,,,"true"
"4U4WYHZJMFFRT5PG","JRTCKXETXF","4U4WYHZJMFFRT5PG.JRTCKXETXF.6YS6EN2CT7","OnDemand","$0.00 per Dedicated Reservation Red Hat Enterprise Linux with HA c8i.12xlarge Instance Hour","2026-10-01","0","Inf","Hrs","0.0000000000","USD",,,,,"Compute Instance","AmazonEC2","EU (Paris)","AWS Region","c8i.12xlarge","Yes","Compute optimized","48","Intel Xeon Scalable (Granite Rapids)","3.9 GHz","96 GiB","EBS only","22500 Megabit","64-bit",,,,,,,,"Dedicated","Red Hat Enterprise Linux with HA","No License required",,,,"EUW3-DedicatedRes:c8i.12xlarge","RunInstances:1010","NA","AllocatedCapacityReservation","false","15000 Mbps","15000 Mbps","NA","Yes",,"NA",,,,,,,,,,,,,,"Compute Optimized","5Z43KEPF82WU32YA","Yes","Yes","Yes","OnDemand","96",,"NA","Intel AVX; Intel AVX2; Intel AVX512; Intel Turbo; Intel AMX",,"eu-west-3",,"Amazon Elastic Compute Cloud",,,,"true"
"558V5BABXVB2E445","JRTCKXETXF","558V5BABXVB2E445.JRTCKXETXF.6YS6EN2CT7","OnDemand","$0.00 per Windows BYOL c8i.12xlarge Dedicated Host Instance hour","2026-10-01","0","Inf","Hrs","0.0000000000","USD",,,,,"Compute Instance","AmazonEC2","EU (Paris)","AWS Region","c8i.12xlarge","Yes","Compute optimized","48","Intel Xeon Scalable (Granite Rapids)","3.9 GHz","96 GiB","EBS only","22500 Megabit","64-bit",,,,,,,,"Host","Windows","Bring your own license",,,,"EUW3-HostBoxUsage:c8i.12xlarge","RunInstances:0800","NA","Used","false","15000 Mbps","15000 Mbps","NA","Yes",,"NA",,,,,,,,,,,,,,"Compute Optimized",,"Yes","Yes","Yes","OnDemand","96",,"NA","Intel AVX; Intel AVX2; Intel AVX512; Intel Turbo; Intel AMX",,"eu-west-3",,"Amazon Elastic Compute Cloud",,,,"true"
"55FGZ3BMV4BUW4VJ","JRTCKXETXF","55FGZ3BMV4BUW4VJ.JRTCKXETXF.6YS6EN2CT7","OnDemand","$0.00 per Windows with SQL Server Enterprise c8i.12xlarge Dedicated Host Instance hour","2026-10-01","0","Inf","Hrs","0.0000000000","USD",,,,,"Compute Instance","AmazonEC2","EU (Paris)","AWS Region","c8i.12xlarge","Yes","Compute optimized","48","Intel Xeon Scalable (Granite Rapids)","3.9 GHz","96 GiB","EBS only","22500 Megabit","64-bit",,,,,,,,"Host","Windows","No License required",,,,"EUW3-HostBoxUsage:c8i.12xlarge","RunInstances:0102","NA","Used","false","15000 Mbps","15000 Mbps","NA","Yes",,"NA",,,,,,,,,,,,,,"Compute Optimized",,"Yes","Yes","Yes","OnDemand","96",,"SQL Ent","Intel AVX; Intel AVX2; Intel AVX512; Intel Turbo; Intel AMX",,"eu-west-3",,"Amazon Elastic Compute Cloud",,,,"true"
"56DY5JJXPHDDP7MR","JRTCKXETXF","56DY5JJXPHDDP7MR.JRTCKXETXF.6YS6EN2CT7","OnDemand","$0.00 per Reservation Ubuntu Pro c7i.12xlarge Instance Hour","2026-10-01","0","Inf","Hrs","0.0000000000","USD",,,,,"Compute Instance","AmazonEC2","EU (Paris)","AWS Region","c7i.12xlarge","Yes","Compute optimized","48","Intel Xeon Scalable (Sapphire Rapids)","3.2 GHz","96 GiB","EBS only","18750 Megabit","64-bit",,,,,,,,"Shared","Ubuntu Pro","No License required",,,,"EUW3-Reservation:c7i.12xlarge","RunInstances:0g00","NA","AllocatedCapacityReservation","false","15000 Mbps","15000 Mbps","NA","Yes",,"NA",,,,,,,,,,,,,,"Compute Optimized","KQDGZJ3B8G3VMVQD","Yes","Yes","Yes","OnDemand","96",,"NA","Intel AVX; Intel AVX2; Intel AVX512; Intel Turbo; Intel AMX",,"eu-west-3",,"Amazon Elastic Compute Cloud",,,,"true"
"58USVU8PE6QY8B98","JRTCKXETXF","58USVU8PE6QY8B98.JRTCKXETXF.6YS6EN2CT7","OnDemand","$0.00 per Dedicated Reservation Windows c7i.8xlarge Instance Hour","2026-10-01","0","Inf","Hrs","0.0000000000","USD",,,,,"Compute Instance","AmazonEC2","EU (Paris)","AWS Region","c7i.8xlarge","Yes","Compute optimized","32","Intel Xeon Scalable (Sapphire Rapids)","3.2 GHz","64 GiB","EBS only","12500 Megabit","64-bit",,,,,,,,"Dedicated","Windows","No License required",,,,"EUW3-DedicatedRes:c7i.8xlarge","RunInstances:0002","NA","AllocatedCapacityReservation","false","10000 Mbps","10000 Mbps","NA","Yes",,"NA",,,,,,,,,,,,,,"Compute Optimized","VT7TGYB2ADC6Q33V","Yes","Yes","Yes","OnDemand","64",,"NA","Intel AVX; Intel AVX2; Intel AVX512; Intel Turbo; Intel AMX",,"eu-west-3",,"Amazon Elastic Compute Cloud",,,,"true"
"5EGQQVHS7AGGN9JB","JRTCKXETXF","5EGQQVHS7AGGN9JB.JRTCKXETXF.6YS6EN2CT7","OnDemand","$20.79972 per Dedicated Unused Reservation Linux with SQL Server Enterprise c7i.12xlarge Instance Hour","2026-10-01","0","Inf","Hrs","20.7997200000","USD",,,,,"Compute Instance","AmazonEC2","EU (Paris)","AWS Region","c7i.12xlarge","Yes","Compute optimized","48","Intel Xeon Scalable (Sapphire Rapids)","3.2 GHz","96 GiB","EBS only","18750 Megabit","64-bit",,,,,,,,"Dedicated","Linux","No License required",,,,"EUW3-UnusedDed:c7i.12xlarge","RunInstances:0100","NA","UnusedCapacityReservation","false","15000 Mbps","15000 Mbps","NA","Yes",,"NA",,,,,,,,,,,,,,"Compute Optimized","46SNB296DQUVTWZK","Yes","Yes","Yes","OnDemand","96",,"SQL Ent","Intel AVX; Intel AVX2; Intel AVX512; Intel Turbo; Intel AMX",,"eu-west-3",,"Amazon Elastic Compute Cloud",,,,"true"
"5N63RYPVP2KNYBB2","JRTCKXETXF","5N63RYPVP2KNYBB2.JRTCKXETXF.6YS6EN2CT7","OnDemand","$0.00 per Reservation RHEL with SQL Server Enterprise c8i.12xlarge Instance Hour","2026-10-01","0","Inf","Hrs","0.0000000000","USD",,,,,"Compute Instance","AmazonEC2","EU (Paris)","AWS Region","c8i.12xlarge","Yes","Compute optimized","48","Intel Xeon Scalable (Granite Rapids)","3.9 GHz","96 GiB","EBS only","22500 Megabit","64-bit",,,,,,,,"Shared","RHEL","No License required",,,,"EUW3-Reservation:c8i.12xlarge","RunInstances:0110","NA","AllocatedCapacityReservation","false","15000 Mbps","15000 Mbps","NA","Yes",,"NA",,,,,,,,,,,,,,"Compute Optimized","XMU3KWRHUMUH6BES","Yes","Yes","Yes","OnDemand","96",,"SQL Ent","Intel AVX; Intel AVX2; Intel AVX512; Intel Turbo; Intel AMX",,"eu-west-3",,"Amazon Elastic Compute Cloud",,,,"true"
"5RDQD92W96EQ84XM","JRTCKXETXF","5RDQD92W96EQ84XM.JRTCKXETXF.6YS6EN2CT7","OnDemand","$7.17848 per Dedicated Unused Reservation Windows with SQL Std c7i.8xlarge Instance Hour","2026-10-01","0","Inf","Hrs","7.1784800000","USD",,,,,"Compute Instance","AmazonEC2","EU (Paris)","AWS Region","c7i.8xlarge","Yes","Compute optimized","32","Intel Xeon Scalable (Sapphire Rapids)","3.2 GHz","64 GiB","EBS only","12500 Megabit","64-bit",,,,,,,,"Dedicated","Windows","No License required",,,,"EUW3-UnusedDed:c7i.8xlarge","RunInstances:0006","NA","UnusedCapacityReservation","false","10000 Mbps","10000 Mbps","NA","Yes",,"NA",,,,,,,,,,,,,,"Compute Optimized","SHFSHD3VTZS62SP2","Yes","Yes","Yes","OnDemand","64",,"SQL Std","Intel AVX; Intel AVX2; Intel AVX512; Intel Turbo; Intel AMX",,"eu-west-3",,"Amazon Elastic Compute Cloud",,,,"true"
"5VDTTEXPZA7H89D7","JRTCKXETXF","5VDTTEXPZA7H89D7.JRTCKXETXF.6YS6EN2CT7","OnDemand","$9.4956 per On Demand RHEL with HA and SQL Standard c7i.12xlarge Instance Hour","2026-10-01","0","Inf","Hrs","9.4956000000","USD",,,,,"Compute Instance","AmazonEC2","EU (Paris)","AWS Region","c7i.12xlarge","Yes","Compute optimized","48","Intel Xeon Scalable (Sapphire Rapids)","3.2 GHz","96 GiB","EBS only","18750 Megabit","64-bit",,,,,,,,"Shared","Red Hat Enterprise Linux with HA","No License required",,,,"EUW3-BoxUsage:c7i.12xlarge","RunInstances:1014","NA","Used","false","15000 Mbps","15000 Mbps","NA","Yes",,"NA",,,,,,,,,,,,,,"Compute Optimized",,"Yes","Yes","Yes","OnDemand","96",,"SQL Std","Intel AVX; Intel AVX2; Intel AVX512; Intel Turbo; Intel AMX",,"eu-west-3",,"Amazon Elastic Compute Cloud",,,,"true"
"5WAVCNA3YHEU95SK","JRTCKXETXF","5WAVCNA3YHEU95SK.JRTCKXETXF.6YS6EN2CT7","OnDemand","$0.00 per Dedicated Reservation Windows with SQL Server Enterprise c7i.12xlarge Instance Hour","2026-10-01","0","Inf","Hrs","0.0000000000","USD",,,,,"Compute Instance","AmazonEC2","EU (Paris)","AWS Region","c7i.12xlarge","Yes","Compute optimized","48","Intel Xeon Scalable (Sapphire Rapids)","3.2 GHz","96 GiB","EBS only","18750 Megabit","64-bit",,,,,,,,"Dedicated","Windows","No License required",,,,"EUW3-DedicatedRes:c7i.12xlarge","RunInstances:0102","NA","AllocatedCapacityReservation","false","15000 Mbps","15000 Mbps","NA","Yes",,"NA",,,,,,,,,,,,,,"Compute Optimized","THEZJ2M7SSN54JKM","Yes","Yes","Yes","OnDemand","96",,"SQL Ent","Intel AVX; Intel AVX2; Intel AVX512; Intel Turbo; Intel AMX",,"eu-west-3",,"Amazon Elastic Compute Cloud",,,,"true"
"5WHNGUBJ6B25HPRY","JRTCKXETXF","5WHNGUBJ6B25HPRY.JRTCKXETXF.6YS6EN2CT7","OnDemand","$10.6404 per Unused Reservation Windows with SQL Std c8i.12xlarge Instance Hour","2026-10-01","0","Inf","Hrs","10.6404000000","USD",,,,,"Compute Instance","AmazonEC2","EU (Paris)","AWS Region","c8i.12xlarge","Yes","Compute optimized","48","Intel Xeon Scalable (Granite Rapids)","3.9 GHz","96 GiB","EBS only","22500 Megabit","64-bit",,,,,,,,"Shared","Windows","No License required",,,,"EUW3-UnusedBox:c8i.12xlarge","RunInstances:0006","NA","UnusedCapacityReservation","false","15000 Mbps","15000 Mbps","NA","Yes",,"NA",,,,,,,,,,,,,,"Compute Optimized","W63SQNGTRMWVMWT7","Yes","Yes","Yes","OnDemand","96",,"SQL Std","Intel AVX; Intel AVX2; Intel AVX512; Intel Turbo; Intel AMX",,"eu-west-3",,"Amazon Elastic Compute Cloud",,,,"true"
"5XBAZ8R66T2AY8N4","JRTCKXETXF","5XBAZ8R66T2AY8N4.JRTCKXETXF.6YS6EN2CT7","OnDemand","$8.55972 per Dedicated Unused Reservation Linux with SQL Std c7i.12xlarge Instance Hour","2026-10-01","0","Inf","Hrs","8.5597200000","USD",,,,,"Compute Instance","AmazonEC2","EU (Paris)","AWS Region","c7i.12xlarge","Yes","Compute optimized","48","Intel Xeon Scalable (Sapphire Rapids)","3.2 GHz","96 GiB","EBS only","18750 Megabit","64-bit",,,,,,,,"Dedicated","Linux","No License required",,,,"EUW3-UnusedDed:c7i.12xlarge","RunInstances:0004","NA","UnusedCapacityReservation","false","15000 Mbps","15000 Mbps","NA","Yes",,"NA",,,,,,,,,,,,,,"Compute Optimized","8W4Y7Q8AWKJ3UXTF","Yes","Yes","Yes","OnDemand","96",,"SQL Std","Intel AVX; Intel AVX2; Intel AVX512; Intel Turbo; Intel AMX",,"eu-west-3",,"Amazon Elastic Compute Cloud",,,,"true"
"5Y47XPF5Y7QSWU2W","JRTCKXETXF","5Y47XPF5Y7QSWU2W.JRTCKXETXF.6YS6EN2CT7","OnDemand","$1.7528 per On Demand Ubuntu Pro c7i.8xlarge Instance Hour","2026-10-01","0","Inf","Hrs","1.7528000000","USD",,,,,"Compute Instance","AmazonEC2","EU (Paris)","AWS Region","c7i.8xlarge","Yes","Compute optimized","32","Intel Xeon Scalable (Sapphire Rapids)","3.2 GHz","64 GiB","EBS only","12500 Megabit","64-bit",,,,,,,,"Shared","Ubuntu Pro","No License required",,,,"EUW3-BoxUsage:c7i.8xlarge","RunInstances:0g00","NA","Used","false","10000 Mbps","10000 Mbps","NA","Yes",,"NA",,,,,,,,,,,,,,"Compute Optimized",,"Yes","Yes","Yes","OnDemand","64",,"NA","Intel AVX; Intel AVX2; Intel AVX512; Intel Turbo; Intel AMX",,"eu-west-3",,"Amazon Elastic Compute Cloud",,,,"true"
"5YH9VEWWWH9X5Q87","JRTCKXETXF","5YH9VEWWWH9X5Q87.JRTCKXETXF.6YS6EN2CT7","OnDemand","$2.208 per Windows c8i.12xlarge Dedicated Host Instance hour","2026-10-01","0","Inf","Hrs","2.2080000000","USD",,,,,"Compute Instance","AmazonEC2","EU (Paris)","AWS Region","c8i.12xlarge","Yes","Compute optimized","48","Intel Xeon Scalable (Granite Rapids)","3.9 GHz","96 GiB","EBS only","22500 Megabit","64-bit",,,,,,,,"Host","Windows","No License required",,,,"EUW3-HostBoxUsage:c8i.12xlarge","RunInstances:0002","NA","Used","false","15000 Mbps","15000 Mbps","NA","Yes",,"NA",,,,,,,,,,,,,,"Compute Optimized",,"Yes","Yes","Yes","OnDemand","96",,"NA","Intel AVX; Intel AVX2; Intel AVX512; Intel Turbo; Intel AMX",,"eu-west-3",,"Amazon Elastic Compute Cloud",,,,"true"
"5YHN8449WQMHXENS","JRTCKXETXF","5YHN8449WQMHXENS.JRTCKXETXF.6YS6EN2CT7","OnDemand","$2.79972 per Dedicated Unused Reservation Windows BYOL c7i.12xlarge Instance Hour","2026-10-01","0","Inf","Hrs","2.7997200000","USD",,,,,"Compute Instance","AmazonEC2","EU (Paris)","AWS Region","c7i.12xlarge","Yes","Compute optimized","48","Intel Xeon Scalable (Sapphire Rapids)","3.2 GHz","96 GiB","EBS only","18750 Megabit","64-bit",,,,,,,,"Dedicated","Windows","Bring your own license",,,,"EUW3-UnusedDed:c7i.12xlarge","RunInstances:0800","NA","UnusedCapacityReservation","false","15000 Mbps","15000 Mbps","NA","Yes",,"NA",,,,,,,,,,,,,,"Compute Optimized","24A3KUKS6W3XPB6G","Yes","Yes","Yes","OnDemand","96",,"NA","Intel AVX; Intel AVX2; Intel AVX512; Intel Turbo; Intel AMX",,"eu-west-3",,"Amazon Elastic Compute Cloud",,,,"true"
"5YMFPVR9UECKPWHW","JRTCKXETXF","5YMFPVR9UECKPWHW.JRTCKXETXF.6YS6EN2CT7","OnDemand","$0.00 per Dedicated Reservation SUSE c8i.12xlarge Instance Hour","2026-10-01","0","Inf","Hrs","0.0000000000","USD",,,,,"Compute Instance","AmazonEC2","EU (Paris)","AWS Region","c8i.12xlarge","Yes","Compute optimized","48","Intel Xeon Scalable (Granite Rapids)","3.9 GHz","96 GiB","EBS only","22500 Megabit","64-bit",,,,,,,,"Dedicated","SUSE","No License required",,,,"EUW3-DedicatedRes:c8i.12xlarge","RunInstances:000g","NA","AllocatedCapacityReservation","false","15000 Mbps","15000 Mbps","NA","Yes",,"NA",,,,,,,,,,,,,,"Compute Optimized","EGJPGB245P2NVMZQ","Yes","Yes","Yes","OnDemand","96",,"NA","Intel AVX; Intel AVX2; Intel AVX512; Intel Turbo; Intel AMX",,"eu-west-3",,"Amazon Elastic Compute Cloud",,,,"true"
"5YSQKRU8SSXJTCYT","JRTCKXETXF","5YSQKRU8SSXJTCYT.JRTCKXETXF.6YS6EN2CT7","OnDemand","$6.05208 per Dedicated RHEL with SQL Standard c7i.8xlarge Instance Hour","2026-10-01","0","Inf","Hrs","6.0520800000","USD",,,,,"Compute Instance","AmazonEC2","EU (Paris)","AWS Region","c7i.8xlarge","Yes","Compute optimized","32","Intel Xeon Scalable (Sapphire Rapids)","3.2 GHz","64 GiB","EBS only","12500 Megabit","64-bit",,,,,,,,"Dedicated","RHEL","No License required",,,,"EUW3-DedicatedUsage:c7i.8xlarge","RunInstances:0014","NA","Used","false","10000 Mbps","10000 Mbps","NA","Yes",,"NA",,,,,,,,,,,,,,"Compute Optimized",,"Yes","Yes","Yes","OnDemand","64",,"SQL Std","Intel AVX; Intel AVX2; Intel AVX512; Intel Turbo; Intel AMX",,"eu-west-3",,"Amazon Elastic Compute Cloud",,,,"true"
"5Z43KEPF82WU32YA","JRTCKXETXF","5Z43KEPF82WU32YA.JRTCKXETXF.6YS6EN2CT7","OnDemand","$4.13004 per Dedicated Red Hat Enterprise Linux with HA c8i.12xlarge Instance Hour","2026-10-01","0","Inf","Hrs","4.1300400000","USD",,,,,"Compute Instance","AmazonEC2","EU (Paris)","AWS Region","c8i.12xlarge","Yes","Compute optimized","48","Intel Xeon Scalable (Granite Rapids)","3.9 GHz","96 GiB","EBS only","22500 Megabit","64-bit",,,,,,,,"Dedicated","Red Hat Enterprise Linux with HA","No License required",,,,"EUW3-DedicatedUsage:c8i.12xlarge","RunInstances:1010","NA","Used","false","15000 Mbps","15000 Mbps","NA","Yes",,"NA",,,,,,,,,,,,,,"Compute Optimized",,"Yes","Yes","Yes","OnDemand","96",,"NA","Intel AVX; Intel AVX2; Intel AVX512; Intel Turbo; Intel AMX",,"eu-west-3",,"Amazon Elastic Compute Cloud",,,,"true"
"643VWPPJFK6KHBQS","JRTCKXETXF","643VWPPJFK6KHBQS.JRTCKXETXF.6YS6EN2CT7","OnDemand","$0.00 per Dedicated Reservation RHEL with SQL Server Enterprise c8i.12xlarge Instance Hour","2026-10-01","0","Inf","Hrs","0.0000000000","USD",,,,,"Compute Instance","AmazonEC2","EU (Paris)","AWS Region","c8i.12xlarge","Yes","Compute optimized","48","Intel Xeon Scalable (Granite Rapids)","3.9 GHz","96 GiB","EBS only","22500 Megabit","64-bit",,,,,,,,"Dedicated","RHEL","No License required",,,,"EUW3-DedicatedRes:c8i.12xlarge","RunInstances:0110","NA","AllocatedCapacityReservation","false","15000 Mbps","15000 Mbps","NA","Yes",,"NA",,,,,,,,,,,,,,"Compute Optimized","DA4UUPXC2B9YEW6R","Yes","Yes","Yes","OnDemand","96",,"SQL Ent","Intel AVX; Intel AVX2; Intel AVX512; Intel Turbo; Intel AMX",,"eu-west-3",,"Amazon Elastic Compute Cloud",,,,"true"
"69URW2URXPTFEXMT","JRTCKXETXF","69URW2URXPTFEXMT.JRTCKXETXF.6YS6EN2CT7","OnDemand","$0.00 per Dedicated Reservation RHEL with HA and SQL Standard c7i.12xlarge Instance Hour","2026-10-01","0","Inf","Hrs","0.0000000000","USD",,,,,"Compute Instance","AmazonEC2","EU (Paris)","AWS Region","c7i.12xlarge","Yes","Compute optimized","48","Intel Xeon Scalable (Sapphire Rapids)","3.2 GHz","96 GiB","EBS only","18750 Megabit","64-bit",,,,,,,,"Dedicated","Red Hat Enterprise Linux with HA","No License required",,,,"EUW3-DedicatedRes:c7i.12xlarge","RunInstances:1014","NA","AllocatedCapacityReservation","false","15000 Mbps","15000 Mbps","NA","Yes",,"NA",,,,,,,,,,,,,,"Compute Optimized","UZ8DSPK5RNNC2HU5","Yes","Yes","Yes","OnDemand","96",,"SQL Std","Intel AVX; Intel AVX2; Intel AVX512; Intel Turbo; Intel AMX",,"eu-west-3",,"Amazon Elastic Compute Cloud",,,,"true"
"6C2RUYYKGNNYPFY8","JRTCKXETXF","6C2RUYYKGNNYPFY8.JRTCKXETXF.6YS6EN2CT7","OnDemand","$2.93964 per Dedicated Unused Reservation Linux c8i.12xlarge Instance Hour","2026-10-01","0","Inf","Hrs","2.9396400000","USD",,,,,"Compute Instance","AmazonEC2","EU (Paris)","AWS Region","c8i.12xlarge","Yes","Compute optimized","48","Intel Xeon Scalable (Granite Rapids)","3.9 GHz","96 GiB","EBS only","22500 Megabit","64-bit",,,,,,,,"Dedicated","Linux","No License required",,,,"EUW3-UnusedDed:c8i.12xlarge","RunInstances","NA","UnusedCapacityReservation","false","15000 Mbps","15000 Mbps","NA","Yes",,"NA",,,,,,,,,,,,,,"Compute Optimized","736A7FNYBTWGE5H8","Yes","Yes","Yes","OnDemand","96",,"NA","Intel AVX; Intel AVX2; Intel AVX512; Intel Turbo; Intel AMX",,"eu-west-3",,"Amazon Elastic Compute Cloud",,,,"true"
"6DR4NC7R8WAVGGFN","JRTCKXETXF","6DR4NC7R8WAVGGFN.JRTCKXETXF.6YS6EN2CT7","OnDemand","$1.6968 per On Demand Windows without licenses c7i.8xlarge Instance Hour","2026-10-01","0","Inf","Hrs","1.6968000000","USD",,,,,"Compute Instance","AmazonEC2","EU (Paris)","AWS Region","c7i.8xlarge","Yes","Compute optimized","32","Intel Xeon Scalable (Sapphire Rapids)","3.2 GHz","64 GiB","EBS only","12500 Megabit","64-bit",,,,,,,,"Shared","Windows","License Included - Infrastructure",,,,"EUW3-BoxUsage:c7i.8xlarge","RunInstances:0002:box","NA","Used","false","10000 Mbps","10000 Mbps","NA","Yes",,"NA",,,,,,,,,,,,,,"Compute Optimized",,"Yes","Yes","Yes","OnDemand","64",,"NA","Intel AVX; Intel AVX2; Intel AVX512; Intel Turbo; Intel AMX",,"eu-west-3",,"Amazon Elastic Compute Cloud",,,,"true"
"6EY7F5JATW653NWD","JRTCKXETXF","6EY7F5JATW653NWD.JRTCKXETXF.6YS6EN2CT7","OnDemand","$0.00 per Reservation RHEL with SQL Server Enterprise c7i.8xlarge Instance Hour","2026-10-01","0","Inf","Hrs","0.0000000000","USD",,,,,"Compute Instance","AmazonEC2","EU (Paris)","AWS Region","c7i.8xlarge","Yes","Compute optimized","32","Intel Xeon Scalable (Sapphire Rapids)","3.2 GHz","64 GiB","EBS only","12500 Megabit","64-bit",,,,,,,,"Shared","RHEL","No License required",,,,"EUW3-Reservation:c7i.8xlarge","RunInstances:0110","NA","AllocatedCapacityReservation","false","10000 Mbps","10000 Mbps","NA","Yes",,"NA",,,,,,,,,,,,,,"Compute Optimized","X4CPSGBHEKWC29UC","Yes","Yes","Yes","OnDemand","64",,"SQL Ent","Intel AVX; Intel AVX2; Intel AVX512; Intel Turbo; Intel AMX",,"eu-west-3",,"Amazon Elastic Compute Cloud",,,,"true"
"6JSRZWWKKWQMVGEE","JRTCKXETXF","6JSRZWWKKWQMVGEE.JRTCKXETXF.6YS6EN2CT7","OnDemand","$2.93964 per Dedicated Windows BYOL c8i.12xlarge Instance Hour","2026-10-01","0","Inf","Hrs","2.9396400000","USD",,,,,"Compute Instance","AmazonEC2","EU (Paris)","AWS Region","c8i.12xlarge","Yes","Compute optimized","48","Intel Xeon Scalable (Granite Rapids)","3.9 GHz","96 GiB","EBS only","22500 Megabit","64-bit",,,,,,,,"Dedicated","Windows","Bring your own license",,,,"EUW3-DedicatedUsage:c8i.12xlarge","RunInstances:0800","NA","Used","false","15000 Mbps","15000 Mbps","NA","Yes",,"NA",,,,,,,,,,,,,,"Compute Optimized",,"Yes","Yes","Yes","OnDemand","96",,"NA","Intel AVX; Intel AVX2; Intel AVX512; Intel Turbo; Intel AMX",,"eu-west-3",,"Amazon Elastic Compute Cloud",,,,"true"
"6KA8HXP6GR9KB885","JRTCKXETXF","6KA8HXP6GR9KB885.JRTCKXETXF.6YS6EN2CT7","OnDemand","$0.00 per RHEL c8i.12xlarge Dedicated Host Instance hour","2026-10-01","0","Inf","Hrs","0.0000000000","USD",,,,,"Compute Instance","AmazonEC2","EU (Paris)","AWS Region","c8i.12xlarge","Yes","Compute optimized","48","Intel Xeon Scalable (Granite Rapids)","3.9 GHz","96 GiB","EBS only","22500 Megabit","64-bit",,,,,,,,"Host","RHEL","No License required",,,,"EUW3-HostBoxUsage:c8i.12xlarge","RunInstances:0010","NA","Used","false","15000 Mbps","15000 Mbps","NA","Yes",,"NA",,,,,,,,,,,,,,"Compute Optimized",,"Yes","Yes","Yes","OnDemand","96",,"NA","Intel AVX; Intel AVX2; Intel AVX512; Intel Turbo; Intel AMX",,"eu-west-3",,"Amazon Elastic Compute Cloud",,,,"true"
"6KRA8G7SUF3G8K3N","JRTCKXETXF","6KRA8G7SUF3G8K3N.JRTCKXETXF.6YS6EN2CT7","OnDemand","$0.00 per SUSE c7i.12xlarge Dedicated Host Instance hour","2026-10-01","0","Inf","Hrs","0.0000000000","USD",,,,,"Compute Instance","AmazonEC2","EU (Paris)","AWS Region","c7i.12xlarge","Yes","Compute optimized","48","Intel Xeon Scalable (Sapphire Rapids)","3.2 GHz","96 GiB","EBS only","18750 Megabit","64-bit",,,,,,,,"Host","SUSE","No License required",,,,"EUW3-HostBoxUsage:c7i.12xlarge","RunInstances:000g","NA","Used","false","15000 Mbps","15000 Mbps","NA","Yes",,"NA",,,,,,,,,,,,,,"Compute Optimized",,"Yes","Yes","Yes","OnDemand","96",,"NA","Intel AVX; Intel AVX2; Intel AVX512; Intel Turbo; Intel AMX",,"eu-west-3",,"Amazon Elastic Compute Cloud",,,,"true"
"6MDJYGPQGCQP5GFD","JRTCKXETXF","6MDJYGPQGCQP5GFD.JRTCKXETXF.6YS6EN2CT7","OnDemand","$2.88372 per Dedicated Ubuntu Pro c7i.12xlarge Instance Hour","2026-10-01","0","Inf","Hrs","2.8837200000","USD",,,,,"Compute Instance","AmazonEC2","EU (Paris)","AWS Region","c7i.12xlarge","Yes","Compute optimized","48","Intel Xeon Scalable (Sapphire Rapids)","3.2 GHz","96 GiB","EBS only","18750 Megabit","64-bit",,,,,,,,"Dedicated","Ubuntu Pro","No License required",,,,"EUW3-DedicatedUsage:c7i.12xlarge","RunInstances:0g00","NA","Used","false","15000 Mbps","15000 Mbps","NA","Yes",,"NA",,,,,,,,,,,,,,"Compute Optimized",,"Yes","Yes","Yes","OnDemand","96",,"NA","Intel AVX; Intel AVX2; Intel AVX512; Intel Turbo; Intel AMX",,"eu-west-3",,"Amazon Elastic Compute Cloud",,,,"true"
"6Q7BCXS79PREGV2Y","JRTCKXETXF","6Q7BCXS79PREGV2Y.JRTCKXETXF.6YS6EN2CT7","OnDemand","$0.00 per Dedicated Reservation RHEL with SQL Web c7i.12xlarge Instance Hour","2026-10-01","0","Inf","Hrs","0.0000000000","USD",,,,,"Compute Instance","AmazonEC2","EU (Paris)","AWS Region","c7i.12xlarge","Yes","Compute optimized","48","Intel Xeon Scalable (Sapphire Rapids)","3.2 GHz","96 GiB","EBS only","18750 Megabit","64-bit",,,,,,,,"Dedicated","RHEL","No License required",,,,"EUW3-DedicatedRes:c7i.12xlarge","RunInstances:0210","NA","AllocatedCapacityReservation","false","15000 Mbps","15000 Mbps","NA","Yes",,"NA",,,,,,,,,,,,,,"Compute Optimized","KD5RXWWBQQB3AN8C","Yes","Yes","Yes","OnDemand","96",,"SQL Web","Intel AVX; Intel AVX2; Intel AVX512; Intel Turbo; Intel AMX",,"eu-west-3",,"Amazon Elastic Compute Cloud",,,,"true"
"6SWF5B3N7K2BPJJG","38NPMPTW36","6SWF5B3N7K2BPJJG.38NPMPTW36.6YS6EN2CT7","Reserved","Linux with SQL Server Web (Amazon VPC), c7i.12xlarge reserved instance applied","2026-10-08","0","Inf","Hrs","0.9411000000","USD",,"3yr","Partial Upfront","standard","Compute Instance","AmazonEC2","EU (Paris)","AWS Region","c7i.12xlarge","Yes","Compute optimized","48","Intel Xeon Scalable (Sapphire Rapids)","3.2 GHz","96 GiB","EBS only","18750 Megabit","64-bit",,,,,,,,"Shared","Linux","No License required",,,,"EUW3-BoxUsage:c7i.12xlarge","RunInstances:0200","NA","Used","false","15000 Mbps","15000 Mbps","NA","Yes",,"NA",,,,,,,,,,,,,,"Compute Optimized",,"Yes","Yes","Yes","OnDemand","96",,"SQL Web","Intel AVX; Intel AVX2; Intel AVX512; Intel Turbo; Intel AMX",,"eu-west-3",,"Amazon Elastic Compute Cloud",,,,"true"
"6SWF5B3N7K2BPJJG","38NPMPTW36","6SWF5B3N7K2BPJJG.38NPMPTW36.2TG2D8R56U","Reserved","Upfront Fee","2026-10-08",,,"Quantity","24732","USD",,"3yr","Partial Upfront","standard","Compute Instance","AmazonEC2","EU (Paris)","AWS Region","c7i.12xlarge","Yes","Compute optimized","48","Intel Xeon Scalable (Sapphire Rapids)","3.2 GHz","96 GiB","EBS only","18750 Megabit","64-bit",,,,,,,,"Shared","Linux","No License required",,,,"EUW3-BoxUsage:c7i.12xlarge","RunInstances:0200","NA","Used","false","15000 Mbps","15000 Mbps","NA","Yes",,"NA",,,,,,,,,,,,,,"Compute Optimized",,"Yes","Yes","Yes","OnDemand","96",,"SQL Web","Intel AVX; Intel AVX2; Intel AVX512; Intel Turbo; Intel AMX",,"eu-west-3",,"Amazon Elastic Compute Cloud",,,,"true"
"6SWF5B3N7K2BPJJG","4NA7Y494T4","6SWF5B3N7K2BPJJG.4NA7Y494T4.6YS6EN2CT7","Reserved","Linux with SQL Server Web (Amazon VPC), c7i.12xlarge reserved instance applied","2026-10-08","0","Inf","Hrs","2.4914000000","USD",,"1yr","No Upfront","standard","Compute Instance","AmazonEC2","EU (Paris)","AWS Region","c7i.12xlarge","Yes","Compute optimized","48","Intel Xeon Scalable (Sapphire Rapids)","3.2 GHz","96 GiB","EBS only","18750 Megabit","64-bit",,,,,,,,"Shared","Linux","No License required",,,,"EUW3-BoxUsage:c7i.12xlarge","RunInstances:0200","NA","Used","false","15000 Mbps","15000 Mbps","NA","Yes",,"NA",,,,,,,,,,,,,,"Compute Optimized",,"Yes","Yes","Yes","OnDemand","96",,"SQL Web","Intel AVX; Intel AVX2; Intel AVX512; Intel Turbo; Intel AMX",,"eu-west-3",,"Amazon Elastic Compute Cloud",,,,"true"
"6SWF5B3N7K2BPJJG","6QCMYABX3D","6SWF5B3N7K2BPJJG.6QCMYABX3D.6YS6EN2CT7","Reserved","USD 0.0 per Linux with SQL Server Web (Amazon VPC), c7i.12xlarge reserved instance applied","2026-10-08","0","Inf","Hrs","0.0000000000","USD",,"1yr","All Upfront","standard","Compute Instance","AmazonEC2","EU (Paris)","AWS Region","c7i.12xlarge","Yes","Compute optimized","48","Intel Xeon Scalable (Sapphire Rapids)","3.2 GHz","96 GiB","EBS only","18750 Megabit","64-bit",,,,,,,,"Shared","Linux","No License required",,,,"EUW3-BoxUsage:c7i.12xlarge","RunInstances:0200","NA","Used","false","15000 Mbps","15000 Mbps","NA","Yes",,"NA",,,,,,,,,,,,,,"Compute Optimized",,"Yes","Yes","Yes","OnDemand","96",,"SQL Web","Intel AVX; Intel AVX2; Intel AVX512; Intel Turbo; Intel AMX",,"eu-west-3",,"Amazon Elastic Compute Cloud",,,,"true"
"6SWF5B3N7K2BPJJG","6QCMYABX3D","6SWF5B3N7K2BPJJG.6QCMYABX3D.2TG2D8R56U","Reserved","Upfront Fee","2026-10-08",,,"Quantity","20843","USD",,"1yr","All Upfront","standard","Compute Instance","AmazonEC2","EU (Paris)","AWS Region","c7i.12xlarge","Yes","Compute optimized","48","Intel Xeon Scalable (Sapphire Rapids)","3.2 GHz","96 GiB","EBS only","18750 Megabit","64-bit",,,,,,,,"Shared","Linux","No License required",,,,"EUW3-BoxUsage:c7i.12xlarge","RunInstances:0200","NA","Used","false","15000 Mbps","15000 Mbps","NA","Yes",,"NA",,,,,,,,,,,,,,"Compute Optimized",,"Yes","Yes","Yes","OnDemand","96",,"SQL Web","Intel AVX; Intel AVX2; Intel AVX512; Intel Turbo; Intel AMX",,"eu-west-3",,"Amazon Elastic Compute Cloud",,,,"true"
"6SWF5B3N7K2BPJJG","7NE97W5U4E","6SWF5B3N7K2BPJJG.7NE97W5U4E.6YS6EN2CT7","Reserved","Linux with SQL Server Web (Amazon VPC), c7i.12xlarge reserved instance applied","2026-10-08","0","Inf","Hrs","2.7507100000","USD",,"1yr","No Upfront","convertible","Compute Instance","AmazonEC2","EU (Paris)","AWS Region","c7i.12xlarge","Yes","Compute optimized","48","Intel Xeon Scalable (Sapphire Rapids)","3.2 GHz","96 GiB","EBS only","18750 Megabit","64-bit",,,,,,,,"Shared","Linux","No License required",,,,"EUW3-BoxUsage:c7i.12xlarge","RunInstances:0200","NA","Used","false","15000 Mbps","15000 Mbps","NA","Yes",,"NA",,,,,,,,,,,,,,"Compute Optimized",,"Yes","Yes","Yes","OnDemand","96",,"SQL Web","Intel AVX; Intel AVX2; Intel AVX512; Intel Turbo; Intel AMX",,"eu-west-3",,"Amazon Elastic Compute Cloud",,,,"true"
"6SWF5B3N7K2BPJJG","BPH4J8HBKS","6SWF5B3N7K2BPJJG.BPH4J8HBKS.6YS6EN2CT7","Reserved","Linux with SQL Server Web (Amazon VPC), c7i.12xlarge reserved instance applied","2026-10-08","0","Inf","Hrs","1.9678700000","USD",,"3yr","No Upfront","standard","Compute Instance","AmazonEC2","EU (Paris)","AWS Region","c7i.12xlarge","Yes","Compute optimized","48","Intel Xeon Scalable (Sapphire Rapids)","3.2 GHz","96 GiB","EBS only","18750 Megabit","64-bit",,,,,,,,"Shared","Linux","No License required",,,,"EUW3-BoxUsage:c7i.12xlarge","RunInstances:0200","NA","Used","false","15000 Mbps","15000 Mbps","NA","Yes",,"NA",,,,,,,,,,,,,,"Compute Optimized",,"Yes","Yes","Yes","OnDemand","96",,"SQL Web","Intel AVX; Intel AVX2; Intel AVX512; Intel Turbo; Intel AMX",,"eu-west-3",,"Amazon Elastic Compute Cloud",,,,"true"
"6SWF5B3N7K2BPJJG","CUZHX8X6JH","6SWF5B3N7K2BPJJG.CUZHX8X6JH.6YS6EN2CT7","Reserved","Linux with SQL Server Web (Amazon VPC), c7i.12xlarge reserved instance applied","2026-10-08","0","Inf","Hrs","1.3291800000","USD",,"1yr","Partial Upfront","convertible","Compute Instance","AmazonEC2","EU (Paris)","AWS Region","c7i.12xlarge","Yes","Compute optimized","48","Intel Xeon Scalable (Sapphire Rapids)","3.2 GHz","96 GiB","EBS only","18750 Megabit","64-bit",,,,,,,,"Shared","Linux","No License required",,,,"EUW3-BoxUsage:c7i.12xlarge","RunInstances:0200","NA","Used","false","15000 Mbps","15000 Mbps","NA","Yes",,"NA",,,,,,,,,,,,,,"Compute Optimized",,"Yes","Yes","Yes","OnDemand","96",,"SQL Web","Intel AVX; Intel AVX2; Intel AVX512; Intel Turbo; Intel AMX",,"eu-west-3",,"Amazon Elastic Compute Cloud",,,,"true"
"6SWF5B3N7K2BPJJG","CUZHX8X6JH","6SWF5B3N7K2BPJJG.CUZHX8X6JH.2TG2D8R56U","Reserved","Upfront Fee","2026-10-08",,,"Quantity","11644","USD",,"1yr","Partial Upfront","convertible","Compute Instance","AmazonEC2","EU (Paris)","AWS Region","c7i.12xlarge","Yes","Compute optimized","48","Intel Xeon Scalable (Sapphire Rapids)","3.2 GHz","96 GiB","EBS only","18750 Megabit","64-bit",,,,,,,,"Shared","Linux","No License required",,,,"EUW3-BoxUsage:c7i.12xlarge","RunInstances:0200","NA","Used","false","15000 Mbps","15000 Mbps","NA","Yes",,"NA",,,,,,,,,,,,,,"Compute Optimized",,"Yes","Yes","Yes","OnDemand","96",,"SQL Web","Intel AVX; Intel AVX2; Intel AVX512; Intel Turbo; Intel AMX",,"eu-west-3",,"Amazon Elastic Compute Cloud",,,,"true"
"6SWF5B3N7K2BPJJG","HU7G6KETJZ","6SWF5B3N7K2BPJJG.HU7G6KETJZ.6YS6EN2CT7","Reserved","Linux with SQL Server Web (Amazon VPC), c7i.12xlarge reserved instance applied","2026-10-08","0","Inf","Hrs","1.2057000000","USD",,"1yr","Partial Upfront","standard","Compute Instance","AmazonEC2","EU (Paris)","AWS Region","c7i.12xlarge","Yes","Compute optimized","48","Intel Xeon Scalable (Sapphire Rapids)","3.2 GHz","96 GiB","EBS only","18750 Megabit","64-bit",,,,,,,,"Shared","Linux","No License required",,,,"EUW3-BoxUsage:c7i.12xlarge","RunInstances:0200","NA","Used","false","15000 Mbps","15000 Mbps","NA","Yes",,"NA",,,,,,,,,,,,,,"Compute Optimized",,"Yes","Yes","Yes","OnDemand","96",,"SQL Web","Intel AVX; Intel AVX2; Intel AVX512; Intel Turbo; Intel AMX",,"eu-west-3",,"Amazon Elastic Compute Cloud",,,,"true"
"6SWF5B3N7K2BPJJG","HU7G6KETJZ","6SWF5B3N7K2BPJJG.HU7G6KETJZ.2TG2D8R56U","Reserved","Upfront Fee","2026-10-08",,,"Quantity","10562","USD",,"1yr","Partial Upfront","standard","Compute Instance","AmazonEC2","EU (Paris)","AWS Region","c7i.12xlarge","Yes","Compute optimized","48","Intel Xeon Scalable (Sapphire Rapids)","3.2 GHz","96 GiB","EBS only","18750 Megabit","64-bit",,,,,,,,"Shared","Linux","No License required",,,,"EUW3-BoxUsage:c7i.12xlarge","RunInstances:0200","NA","Used","false","15000 Mbps","15000 Mbps","NA","Yes",,"NA",,,,,,,,,,,,,,"Compute Optimized",,"Yes","Yes","Yes","OnDemand","96",,"SQL Web","Intel AVX; Intel AVX2; Intel AVX512; Intel Turbo; Intel AMX",,"eu-west-3",,"Amazon Elastic Compute Cloud",,,,"true"
"6SWF5B3N7K2BPJJG","JRTCKXETXF","6SWF5B3N7K2BPJJG.JRTCKXETXF.6YS6EN2CT7","OnDemand","$3.3564 per On Demand Linux with SQL Web c7i.12xlarge Instance Hour","2026-10-01","0","Inf","Hrs","3.3564000000","USD",,,,,"Compute Instance","AmazonEC2","EU (Paris)","AWS Region","c7i.12xlarge","Yes","Compute optimized","48","Intel Xeon Scalable (Sapphire Rapids)","3.2 GHz","96 GiB","EBS only","18750 Megabit","64-bit",,,,,,,,"Shared","Linux","No License required",,,,"EUW3-BoxUsage:c7i.12xlarge","RunInstances:0200","NA","Used","false","15000 Mbps","15000 Mbps","NA","Yes",,"NA",,,,,,,,,,,,,,"Compute Optimized",,"Yes","Yes","Yes","OnDemand","96",,"SQL Web","Intel AVX; Intel AVX2; Intel AVX512; Intel Turbo; Intel AMX",,"eu-west-3",,"Amazon Elastic Compute Cloud",,,,"true"
"6SWF5B3N7K2BPJJG","MZU6U2429S","6SWF5B3N7K2BPJJG.MZU6U2429S.6YS6EN2CT7","Reserved","USD 0.0 per Linux with SQL Server Web (Amazon VPC), c7i.12xlarge reserved instance applied","2026-10-08","0","Inf","Hrs","0.0000000000","USD",,"3yr","All Upfront","convertible","Compute Instance","AmazonEC2","EU (Paris)","AWS Region","c7i.12xlarge","Yes","Compute optimized","48","Intel Xeon Scalable (Sapphire Rapids)","3.2 GHz","96 GiB","EBS only","18750 Megabit","64-bit",,,,,,,,"Shared","Linux","No License required",,,,"EUW3-BoxUsage:c7i.12xlarge","RunInstances:0200","NA","Used","false","15000 Mbps","15000 Mbps","NA","Yes",,"NA",,,,,,,,,,,,,,"Compute Optimized",,"Yes","Yes","Yes","OnDemand","96",,"SQL Web","Intel AVX; Intel AVX2; Intel AVX512; Intel Turbo; Intel AMX",,"eu-west-3",,"Amazon Elastic Compute Cloud",,,,"true"
"6SWF5B3N7K2BPJJG","MZU6U2429S","6SWF5B3N7K2BPJJG.MZU6U2429S.2TG2D8R56U","Reserved","Upfront Fee","2026-10-08",,,"Quantity","52990","USD",,"3yr","All Upfront","convertible","Compute Instance","AmazonEC2","EU (Paris)","AWS Region","c7i.12xlarge","Yes","Compute optimized","48","Intel Xeon Scalable (Sapphire Rapids)","3.2 GHz","96 GiB","EBS only","18750 Megabit","64-bit",,,,,,,,"Shared","Linux","No License required",,,,"EUW3-BoxUsage:c7i.12xlarge","RunInstances:0200","NA","Used","false","15000 Mbps","15000 Mbps","NA","Yes",,"NA",,,,,,,,,,,,,,"Compute Optimized",,"Yes","Yes","Yes","OnDemand","96",,"SQL Web","Intel AVX; Intel AVX2; Intel AVX512; Intel Turbo; Intel AMX",,"eu-west-3",,"Amazon Elastic Compute Cloud",,,,"true"
"6SWF5B3N7K2BPJJG","NQ3QZPMQV9","6SWF5B3N7K2BPJJG.NQ3QZPMQV9.6YS6EN2CT7","Reserved","USD 0.0 per Linux with SQL Server Web (Amazon VPC), c7i.12xlarge reserved instance applied","2026-10-08","0","Inf","Hrs","0.0000000000","USD",,"3yr","All Upfront","standard","Compute Instance","AmazonEC2","EU (Paris)","AWS Region","c7i.12xlarge","Yes","Compute optimized","48","Intel Xeon Scalable (Sapphire Rapids)","3.2 GHz","96 GiB","EBS only","18750 Megabit","64-bit",,,,,,,,"Shared","Linux","No License required",,,,"EUW3-BoxUsage:c7i.12xlarge","RunInstances:0200","NA","Used","false","15000 Mbps","15000 Mbps","NA","Yes",,"NA",,,,,,,,,,,,,,"Compute Optimized",,"Yes","Yes","Yes","OnDemand","96",,"SQL Web","Intel AVX; Intel AVX2; Intel AVX512; Intel Turbo; Intel AMX",,"eu-west-3",,"Amazon Elastic Compute Cloud",,,,"true"
"6SWF5B3N7K2BPJJG","NQ3QZPMQV9","6SWF5B3N7K2BPJJG.NQ3QZPMQV9.2TG2D8R56U","Reserved","Upfront Fee","2026-10-08",,,"Quantity","47775","USD",,"3yr","All Upfront","standard","Compute Instance","AmazonEC2","EU (Paris)","AWS Region","c7i.12xlarge","Yes","Compute optimized","48","Intel Xeon Scalable (Sapphire Rapids)","3.2 GHz","96 GiB","EBS only","18750 Megabit","64-bit",,,,,,,,"Shared","Linux","No License required",,,,"EUW3-BoxUsage:c7i.12xlarge","RunInstances:0200","NA","Used","false","15000 Mbps","15000 Mbps","NA","Yes",,"NA",,,,,,,,,,,,,,"Compute Optimized",,"Yes","Yes","Yes","OnDemand","96",,"SQL Web","Intel AVX; Intel AVX2; Intel AVX512; Intel Turbo; Intel AMX",,"eu-west-3",,"Amazon Elastic Compute Cloud",,,,"true"
"6SWF5B3N7K2BPJJG","R5XV2EPZQZ","6SWF5B3N7K2BPJJG.R5XV2EPZQZ.6YS6EN2CT7","Reserved","Linux with SQL Server Web (Amazon VPC), c7i.12xlarge reserved instance applied","2026-10-08","0","Inf","Hrs","1.0204800000","USD",,"3yr","Partial Upfront","convertible","Compute Instance","AmazonEC2","EU (Paris)","AWS Region","c7i.12xlarge","Yes","Compute optimized","48","Intel Xeon Scalable (Sapphire Rapids)","3.2 GHz","96 GiB","EBS only","18750 Megabit","64-bit",,,,,,,,"Shared","Linux","No License required",,,,"EUW3-BoxUsage:c7i.12xlarge","RunInstances:0200","NA","Used","false","15000 Mbps","15000 Mbps","NA","Yes",,"NA",,,,,,,,,,,,,,"Compute Optimized",,"Yes","Yes","Yes","OnDemand","96",,"SQL Web","Intel AVX; Intel AVX2; Intel AVX512; Intel Turbo; Intel AMX",,"eu-west-3",,"Amazon Elastic Compute Cloud",,,,"true"
"6SWF5B3N7K2BPJJG","R5XV2EPZQZ","6SWF5B3N7K2BPJJG.R5XV2EPZQZ.2TG2D8R56U","Reserved","Upfront Fee","2026-10-08",,,"Quantity","26818","USD",,"3yr","Partial Upfront","convertible","Compute Instance","AmazonEC2","EU (Paris)","AWS Region","c7i.12xlarge","Yes","Compute optimized","48","Intel Xeon Scalable (Sapphire Rapids)","3.2 GHz","96 GiB","EBS only","18750 Megabit","64-bit",,,,,,,,"Shared","Linux","No License required",,,,"EUW3-BoxUsage:c7i.12xlarge","RunInstances:0200","NA","Used","false","15000 Mbps","15000 Mbps","NA","Yes",,"NA",,,,,,,,,,,,,,"Compute Optimized",,"Yes","Yes","Yes","OnDemand","96",,"SQL Web","Intel AVX; Intel AVX2; Intel AVX512; Intel Turbo; Intel AMX",,"eu-west-3",,"Amazon Elastic Compute Cloud",,,,"true"
"6SWF5B3N7K2BPJJG","VJWZNREJX2","6SWF5B3N7K2BPJJG.VJWZNREJX2.6YS6EN2CT7","Reserved","USD 0.0 per Linux with SQL Server Web (Amazon VPC), c7i.12xlarge reserved instance applied","2026-10-08","0","Inf","Hrs","0.0000000000","USD",,"1yr","All Upfront","convertible","Compute Instance","AmazonEC2","EU (Paris)","AWS Region","c7i.12xlarge","Yes","Compute optimized","48","Intel Xeon Scalable (Sapphire Rapids)","3.2 GHz","96 GiB","EBS only","18750 Megabit","64-bit",,,,,,,,"Shared","Linux","No License required",,,,"EUW3-BoxUsage:c7i.12xlarge","RunInstances:0200","NA","Used","false","15000 Mbps","15000 Mbps","NA","Yes",,"NA",,,,,,,,,,,,,,"Compute Optimized",,"Yes","Yes","Yes","OnDemand","96",,"SQL Web","Intel AVX; Intel AVX2; Intel AVX512; Intel Turbo; Intel AMX",,"eu-west-3",,"Amazon Elastic Compute Cloud",,,,"true"
"6SWF5B3N7K2BPJJG","VJWZNREJX2","6SWF5B3N7K2BPJJG.VJWZNREJX2.2TG2D8R56U","Reserved","Upfront Fee","2026-10-08",,,"Quantity","22964","USD",,"1yr","All Upfront","convertible","Compute Instance","AmazonEC2","EU (Paris)","AWS Region","c7i.12xlarge","Yes","Compute optimized","48","Intel Xeon Scalable (Sapphire Rapids)","3.2 GHz","96 GiB","EBS only","18750 Megabit","64-bit",,,,,,,,"Shared","Linux","No License required",,,,"EUW3-BoxUsage:c7i.12xlarge","RunInstances:0200","NA","Used","false","15000 Mbps","15000 Mbps","NA","Yes",,"NA",,,,,,,,,,,,,,"Compute Optimized",,"Yes","Yes","Yes","OnDemand","96",,"SQL Web","Intel AVX; Intel AVX2; Intel AVX512; Intel Turbo; Intel AMX",,"eu-west-3",,"Amazon Elastic Compute Cloud",,,,"true"
"6SWF5B3N7K2BPJJG","Z2E3P23VKM","6SWF5B3N7K2BPJJG.Z2E3P23VKM.6YS6EN2CT7","Reserved","Linux with SQL Server Web (Amazon VPC), c7i.12xlarge reserved instance applied","2026-10-08","0","Inf","Hrs","2.1393500000","USD",,"3yr","No Upfront","convertible","Compute Instance","AmazonEC2","EU (Paris)","AWS Region","c7i.12xlarge","Yes","Compute optimized","48","Intel Xeon Scalable (Sapphire Rapids)","3.2 GHz","96 GiB","EBS only","18750 Megabit","64-bit",,,,,,,,"Shared","Linux","No License required",,,,"EUW3-BoxUsage:c7i.12xlarge","RunInstances:0200","NA","Used","false","15000 Mbps","15000 Mbps","NA","Yes",,"NA",,,,,,,,,,,,,,"Compute Optimized",,"Yes","Yes","Yes","OnDemand","96",,"SQL Web","Intel AVX; Intel AVX2; Intel AVX512; Intel Turbo; Intel AMX",,"eu-west-3",,"Amazon Elastic Compute Cloud",,,,"true"
"6T4SCKX34YTRW332","JRTCKXETXF","6T4SCKX34YTRW332.JRTCKXETXF.6YS6EN2CT7","OnDemand","$3.61092 per Dedicated Unused Reservation Linux with SQL Web c7i.12xlarge Instance Hour","2026-10-01","0","Inf","Hrs","3.6109200000","USD",,,,,"Compute Instance","AmazonEC2","EU (Paris)","AWS Region","c7i.12xlarge","Yes","Compute optimized","48","Intel Xeon Scalable (Sapphire Rapids)","3.2 GHz","96 GiB","EBS only","18750 Megabit","64-bit",,,,,,,,"Dedicated","Linux","No License required",,,,"EUW3-UnusedDed:c7i.12xlarge","RunInstances:0200","NA","UnusedCapacityReservation","false","15000 Mbps","15000 Mbps","NA","Yes",,"NA",,,,,,,,,,,,,,"Compute Optimized","9FVEB9KJSPQAMARP","Yes","Yes","Yes","OnDemand","96",,"SQL Web","Intel AVX; Intel AVX2; Intel AVX512; Intel Turbo; Intel AMX",,"eu-west-3",,"Amazon Elastic Compute Cloud",,,,"true"
"6YU8S7W8T3G886UY","JRTCKXETXF","6YU8S7W8T3G886UY.JRTCKXETXF.6YS6EN2CT7","OnDemand","$0.00 per Reservation RHEL with HA and SQL Enterprise c7i.12xlarge Instance Hour","2026-10-01","0","Inf","Hrs","0.0000000000","USD",,,,,"Compute Instance","AmazonEC2","EU (Paris)","AWS Region","c7i.12xlarge","Yes","Compute optimized","48","Intel Xeon Scalable (Sapphire Rapids)","3.2 GHz","96 GiB","EBS only","18750 Megabit","64-bit",,,,,,,,"Shared","Red Hat Enterprise Linux with HA","No License required",,,,"EUW3-Reservation:c7i.12xlarge","RunInstances:1110","NA","AllocatedCapacityReservation","false","15000 Mbps","15000 Mbps","NA","Yes",,"NA",,,,,,,,,,,,,,"Compute Optimized","EMSXUME8GEHM69GF","Yes","Yes","Yes","OnDemand","96",,"SQL Ent","Intel AVX; Intel AVX2; Intel AVX512; Intel Turbo; Intel AMX",,"eu-west-3",,"Amazon Elastic Compute Cloud",,,,"true"
"72W9D7QG29BWGVWS","JRTCKXETXF","72W9D7QG29BWGVWS.JRTCKXETXF.6YS6EN2CT7","OnDemand","$2.21208 per Dedicated Unused Reservation RHEL c7i.8xlarge Instance Hour","2026-10-01","0","Inf","Hrs","2.2120800000","USD",,,,,"Compute Instance","AmazonEC2","EU (Paris)","AWS Region","c7i.8xlarge","Yes","Compute optimized","32","Intel Xeon Scalable (Sapphire Rapids)","3.2 GHz","64 GiB","EBS only","12500 Megabit","64-bit",,,,,,,,"Dedicated","RHEL","No License required",,,,"EUW3-UnusedDed:c7i.8xlarge","RunInstances:0010","NA","UnusedCapacityReservation","false","10000 Mbps","10000 Mbps","NA","Yes",,"NA",,,,,,,,,,,,,,"Compute Optimized","36KSQSP2FQ5RTWDC","Yes","Yes","Yes","OnDemand","64",,"NA","Intel AVX; Intel AVX2; Intel AVX512; Intel Turbo; Intel AMX",,"eu-west-3",,"Amazon Elastic Compute Cloud",,,,"true"
"736A7FNYBTWGE5H8","JRTCKXETXF","736A7FNYBTWGE5H8.JRTCKXETXF.6YS6EN2CT7","OnDemand","$2.93964 per Dedicated Linux c8i.12xlarge Instance Hour","2026-10-01","0","Inf","Hrs","2.9396400000","USD",,,,,"Compute Instance","AmazonEC2","EU (Paris)","AWS Region","c8i.12xlarge","Yes","Compute optimized","48","Intel Xeon Scalable (Granite Rapids)","3.9 GHz","96 GiB","EBS only","22500 Megabit","64-bit",,,,,,,,"Dedicated","Linux","No License required",,,,"EUW3-DedicatedUsage:c8i.12xlarge","RunInstances","NA","Used","false","15000 Mbps","15000 Mbps","NA","Yes",,"NA",,,,,,,,,,,,,,"Compute Optimized",,"Yes","Yes","Yes","OnDemand","96",,"NA","Intel AVX; Intel AVX2; Intel AVX512; Intel Turbo; Intel AMX",,"eu-west-3",,"Amazon Elastic Compute Cloud",,,,"true"
"75QMEHEP6YSMTDA2","JRTCKXETXF","75QMEHEP6YSMTDA2.JRTCKXETXF.6YS6EN2CT7","OnDemand","$9.07812 per Dedicated RHEL with SQL Standard c7i.12xlarge Instance Hour","2026-10-01","0","Inf","Hrs","9.0781200000","USD",,,,,"Compute Instance","AmazonEC2","EU (Paris)","AWS Region","c7i.12xlarge","Yes","Compute optimized","48","Intel Xeon Scalable (Sapphire Rapids)","3.2 GHz","96 GiB","EBS only","18750 Megabit","64-bit",,,,,,,,"Dedicated","RHEL","No License required",,,,"EUW3-DedicatedUsage:c7i.12xlarge","RunInstances:0014","NA","Used","false","15000 Mbps","15000 Mbps","NA","Yes",,"NA",,,,,,,,,,,,,,"Compute Optimized",,"Yes","Yes","Yes","OnDemand","96",,"SQL Std","Intel AVX; Intel AVX2; Intel AVX512; Intel Turbo; Intel AMX",,"eu-west-3",,"Amazon Elastic Compute Cloud",,,,"true"
"77FXXAPBCSX3VPNA","JRTCKXETXF","77FXXAPBCSX3VPNA.JRTCKXETXF.6YS6EN2CT7","OnDemand","$21.99012 per Dedicated Unused Reservation RHEL with HA and SQL Enterprise c7i.12xlarge Instance Hour","2026-10-01","0","Inf","Hrs","21.9901200000","USD",,,,,"Compute Instance","AmazonEC2","EU (Paris)","AWS Region","c7i.12xlarge","Yes","Compute optimized","48","Intel Xeon Scalable (Sapphire Rapids)","3.2 GHz","96 GiB","EBS only","18750 Megabit","64-bit",,,,,,,,"Dedicated","Red Hat Enterprise Linux with HA","No License required",,,,"EUW3-UnusedDed:c7i.12xlarge","RunInstances:1110","NA","UnusedCapacityReservation","false","15000 Mbps","15000 Mbps","NA","Yes",,"NA",,,,,,,,,,,,,,"Compute Optimized","7TCHSN6QN9RBXNNJ","Yes","Yes","Yes","OnDemand","96",,"SQL Ent","Intel AVX; Intel AVX2; Intel AVX512; Intel Turbo; Intel AMX",,"eu-west-3",,"Amazon Elastic Compute Cloud",,,,"true"
"7962XDKABNFTK2TZ","38NPMPTW36","7962XDKABNFTK2TZ.38NPMPTW36.6YS6EN2CT7","Reserved","Red Hat Enterprise Linux with HA (Amazon VPC), c7i.12xlarge reserved instance applied","2026-10-08","0","Inf","Hrs","0.6148500000","USD",,"3yr","Partial Upfront","standard","Compute Instance","AmazonEC2","EU (Paris)","AWS Region","c7i.12xlarge","Yes","Compute optimized","48","Intel Xeon Scalable (Sapphire Rapids)","3.2 GHz","96 GiB","EBS only","18750 Megabit","64-bit",,,,,,,,"Shared","Red Hat Enterprise Linux with HA","No License required",,,,"EUW3-BoxUsage:c7i.12xlarge","RunInstances:1010","NA","Used","false","15000 Mbps","15000 Mbps","NA","Yes",,"NA",,,,,,,,,,,,,,"Compute Optimized",,"Yes","Yes","Yes","OnDemand","96",,"NA","Intel AVX; Intel AVX2; Intel AVX512; Intel Turbo; Intel AMX",,"eu-west-3",,"Amazon Elastic Compute Cloud",,,,"true"
"7962XDKABNFTK2TZ","38NPMPTW36","7962XDKABNFTK2TZ.38NPMPTW36.2TG2D8R56U","Reserved","Upfront Fee","2026-10-08",,,"Quantity","16158","USD",,"3yr","Partial Upfront","standard","Compute Instance","AmazonEC2","EU (Paris)","AWS Region","c7i.12xlarge","Yes","Compute optimized","48","Intel Xeon Scalable (Sapphire Rapids)","3.2 GHz","96 GiB","EBS only","18750 Megabit","64-bit",,,,,,,,"Shared","Red Hat Enterprise Linux with HA","No License required",,,,"EUW3-BoxUsage:c7i.12xlarge","RunInstances:1010","NA","Used","false","15000 Mbps","15000 Mbps","NA","Yes",,"NA",,,,,,,,,,,,,,"Compute Optimized",,"Yes","Yes","Yes","OnDemand","96",,"NA","Intel AVX; Intel AVX2; Intel AVX512; Intel Turbo; Intel AMX",,"eu-west-3",,"Amazon Elastic Compute Cloud",,,,"true"
"7962XDKABNFTK2TZ","4NA7Y494T4","7962XDKABNFTK2TZ.4NA7Y494T4.6YS6EN2CT7","Reserved","Red Hat Enterprise Linux with HA (Amazon VPC), c7i.12xlarge reserved instance applied","2026-10-08","0","Inf","Hrs","1.8422000000","USD",,"1yr","No Upfront","standard","Compute Instance","AmazonEC2","EU (Paris)","AWS Region","c7i.12xlarge","Yes","Compute optimized","48","Intel Xeon Scalable (Sapphire Rapids)","3.2 GHz","96 GiB","EBS only","18750 Megabit","64-bit",,,,,,,,"Shared","Red Hat Enterprise Linux with HA","No License required",,,,"EUW3-BoxUsage:c7i.12xlarge","RunInstances:1010","NA","Used","false","15000 Mbps","15000 Mbps","NA","Yes",,"NA",,,,,,,,,,,,,,"Compute Optimized",,"Yes","Yes","Yes","OnDemand","96",,"NA","Intel AVX; Intel AVX2; Intel AVX512; Intel Turbo; Intel AMX",,"eu-west-3",,"Amazon Elastic Compute Cloud",,,,"true"
"7962XDKABNFTK2TZ","6QCMYABX3D","7962XDKABNFTK2TZ.6QCMYABX3D.6YS6EN2CT7","Reserved","USD 0.0 per Red Hat Enterprise Linux with HA (Amazon VPC), c7i.12xlarge reserved instance applied","2026-10-08","0","Inf","Hrs","0.0000000000","USD",,"1yr","All Upfront","standard","Compute Instance","AmazonEC2","EU (Paris)","AWS Region","c7i.12xlarge","Yes","Compute optimized","48","Intel Xeon Scalable (Sapphire Rapids)","3.2 GHz","96 GiB","EBS only","18750 Megabit","64-bit",,,,,,,,"Shared","Red Hat Enterprise Linux with HA","No License required",,,,"EUW3-BoxUsage:c7i.12xlarge","RunInstances:1010","NA","Used","false","15000 Mbps","15000 Mbps","NA","Yes",,"NA",,,,,,,,,,,,,,"Compute Optimized",,"Yes","Yes","Yes","OnDemand","96",,"NA","Intel AVX; Intel AVX2; Intel AVX512; Intel Turbo; Intel AMX",,"eu-west-3",,"Amazon Elastic Compute Cloud",,,,"true"
"7962XDKABNFTK2TZ","6QCMYABX3D","7962XDKABNFTK2TZ.6QCMYABX3D.2TG2D8R56U","Reserved","Upfront Fee","2026-10-08",,,"Quantity","15156","USD",,"1yr","All Upfront","standard","Compute Instance","AmazonEC2","EU (Paris)","AWS Region","c7i.12xlarge","Yes","Compute optimized","48","Intel Xeon Scalable (Sapphire Rapids)","3.2 GHz","96 GiB","EBS only","18750 Megabit","64-bit",,,,,,,,"Shared","Red Hat Enterprise Linux with HA","No License required",,,,"EUW3-BoxUsage:c7i.12xlarge","RunInstances:1010","NA","Used","false","15000 Mbps","15000 Mbps","NA","Yes",,"NA",,,,,,,,,,,,,,"Compute Optimized",,"Yes","Yes","Yes","OnDemand","96",,"NA","Intel AVX; Intel AVX2; Intel AVX512; Intel Turbo; Intel AMX",,"eu-west-3",,"Amazon Elastic Compute Cloud",,,,"true"
"7962XDKABNFTK2TZ","7NE97W5U4E","7962XDKABNFTK2TZ.7NE97W5U4E.6YS6EN2CT7","Reserved","Red Hat Enterprise Linux with HA (Amazon VPC), c7i.12xlarge reserved instance applied","2026-10-08","0","Inf","Hrs","2.1015100000","USD",,"1yr","No Upfront","convertible","Compute Instance","AmazonEC2","EU (Paris)","AWS Region","c7i.12xlarge","Yes","Compute optimized","48","Intel Xeon Scalable (Sapphire Rapids)","3.2 GHz","96 GiB","EBS only","18750 Megabit","64-bit",,,,,,,,"Shared","Red Hat Enterprise Linux with HA","No License required",,,,"EUW3-BoxUsage:c7i.12xlarge","RunInstances:1010","NA","Used","false","15000 Mbps","15000 Mbps","NA","Yes",,"NA",,,,,,,,,,,,,,"Compute Optimized",,"Yes","Yes","Yes","OnDemand","96",,"NA","Intel AVX; Intel AVX2; Intel AVX512; Intel Turbo; Intel AMX",,"eu-west-3",,"Amazon Elastic Compute Cloud",,,,"true"
"7962XDKABNFTK2TZ","BPH4J8HBKS","7962XDKABNFTK2TZ.BPH4J8HBKS.6YS6EN2CT7","Reserved","Red Hat Enterprise Linux with HA (Amazon VPC), c7i.12xlarge reserved instance applied","2026-10-08","0","Inf","Hrs","1.3153700000","USD",,"3yr","No Upfront","standard","Compute Instance","AmazonEC2","EU (Paris)","AWS Region","c7i.12xlarge","Yes","Compute optimized","48","Intel Xeon Scalable (Sapphire Rapids)","3.2 GHz","96 GiB","EBS only","18750 Megabit","64-bit",,,,,,,,"Shared","Red Hat Enterprise Linux with HA","No License required",,,,"EUW3-BoxUsage:c7i.12xlarge","RunInstances:1010","NA","Used","false","15000 Mbps","15000 Mbps","NA","Yes",,"NA",,,,,,,,,,,,,,"Compute Optimized",,"Yes","Yes","Yes","OnDemand","96",,"NA","Intel AVX; Intel AVX2; Intel AVX512; Intel Turbo; Intel AMX",,"eu-west-3",,"Amazon Elastic Compute Cloud",,,,"true"
"7962XDKABNFTK2TZ","CUZHX8X6JH","7962XDKABNFTK2TZ.CUZHX8X6JH.6YS6EN2CT7","Reserved","Red Hat Enterprise Linux with HA (Amazon VPC), c7i.12xlarge reserved instance applied","2026-10-08","0","Inf","Hrs","1.0045800000","USD",,"1yr","Partial Upfront","convertible","Compute Instance","AmazonEC2","EU (Paris)","AWS Region","c7i.12xlarge","Yes","Compute optimized","48","Intel Xeon Scalable (Sapphire Rapids)","3.2 GHz","96 GiB","EBS only","18750 Megabit","64-bit",,,,,,,,"Shared","Red Hat Enterprise Linux with HA","No License required",,,,"EUW3-BoxUsage:c7i.12xlarge","RunInstances:1010","NA","Used","false","15000 Mbps","15000 Mbps","NA","Yes",,"NA",,,,,,,,,,,,,,"Compute Optimized",,"Yes","Yes","Yes","OnDemand","96",,"NA","Intel AVX; Intel AVX2; Intel AVX512; Intel Turbo; Intel AMX",,"eu-west-3",,"Amazon Elastic Compute Cloud",,,,"true"
"7962XDKABNFTK2TZ","CUZHX8X6JH","7962XDKABNFTK2TZ.CUZHX8X6JH.2TG2D8R56U","Reserved","Upfront Fee","2026-10-08",,,"Quantity","8800","USD",,"1yr","Partial Upfront","convertible","Compute Instance","AmazonEC2","EU (Paris)","AWS Region","c7i.12xlarge","Yes","Compute optimized","48","Intel Xeon Scalable (Sapphire Rapids)","3.2 GHz","96 GiB","EBS only","18750 Megabit","64-bit",,,,,,,,"Shared","Red Hat Enterprise Linux with HA","No License required",,,,"EUW3-BoxUsage:c7i.12xlarge","RunInstances:1010","NA","Used","false","15000 Mbps","15000 Mbps","NA","Yes",,"NA",,,,,,,,,,,,,,"Compute Optimized",,"Yes","Yes","Yes","OnDemand","96",,"NA","Intel AVX; Intel AVX2; Intel AVX512; Intel Turbo; Intel AMX",,"eu-west-3",,"Amazon Elastic Compute Cloud",,,,"true"
"7962XDKABNFTK2TZ","HU7G6KETJZ","7962XDKABNFTK2TZ.HU7G6KETJZ.6YS6EN2CT7","Reserved","Red Hat Enterprise Linux with HA (Amazon VPC), c7i.12xlarge reserved instance applied","2026-10-08","0","Inf","Hrs","0.8811000000","USD",,"1yr","Partial Upfront","standard","Compute Instance","AmazonEC2","EU (Paris)","AWS Region","c7i.12xlarge","Yes","Compute optimized","48","Intel Xeon Scalable (Sapphire Rapids)","3.2 GHz","96 GiB","EBS only","18750 Megabit","64-bit",,,,,,,,"Shared","Red Hat Enterprise Linux with HA","No License required",,,,"EUW3-BoxUsage:c7i.12xlarge","RunInstances:1010","NA","Used","false","15000 Mbps","15000 Mbps","NA","Yes",,"NA",,,,,,,,,,,,,,"Compute Optimized",,"Yes","Yes","Yes","OnDemand","96",,"NA","Intel AVX; Intel AVX2; Intel AVX512; Intel Turbo; Intel AMX",,"eu-west-3",,"Amazon Elastic Compute Cloud",,,,"true"
"7962XDKABNFTK2TZ","HU7G6KETJZ","7962XDKABNFTK2TZ.HU7G6KETJZ.2TG2D8R56U","Reserved","Upfront Fee","2026-10-08",,,"Quantity","7718","USD",,"1yr","Partial Upfront","standard","Compute Instance","AmazonEC2","EU (Paris)","AWS Region","c7i.12xlarge","Yes","Compute optimized","48","Intel Xeon Scalable (Sapphire Rapids)","3.2 GHz","96 GiB","EBS only","18750 Megabit","64-bit",,,,,,,,"Shared","Red Hat Enterprise Linux with HA","No License required",,,,"EUW3-BoxUsage:c7i.12xlarge","RunInstances:1010","NA","Used","false","15000 Mbps","15000 Mbps","NA","Yes",,"NA",,,,,,,,,,,,,,"Compute Optimized",,"Yes","Yes","Yes","OnDemand","96",,"NA","Intel AVX; Intel AVX2; Intel AVX512; Intel Turbo; Intel AMX",,"eu-west-3",,"Amazon Elastic Compute Cloud",,,,"true"
"7962XDKABNFTK2TZ","JRTCKXETXF","7962XDKABNFTK2TZ.JRTCKXETXF.6YS6EN2CT7","OnDemand","$3.7356 per On Demand Red Hat Enterprise Linux with HA c7i.12xlarge Instance Hour","2026-10-01","0","Inf","Hrs","3.7356000000","USD",,,,,"Compute Instance","AmazonEC2","EU (Paris)","AWS Region","c7i.12xlarge","Yes","Compute optimized","48","Intel Xeon Scalable (Sapphire Rapids)","3.2 GHz","96 GiB","EBS only","18750 Megabit","64-bit",,,,,,,,"Shared","Red Hat Enterprise Linux with HA","No License required",,,,"EUW3-BoxUsage:c7i.12xlarge","RunInstances:1010","NA","Used","false","15000 Mbps","15000 Mbps","NA","Yes",,"NA",,,,,,,,,,,,,,"Compute Optimized",,"Yes","Yes","Yes","OnDemand","96",,"NA","Intel AVX; Intel AVX2; Intel AVX512; Intel Turbo; Intel AMX",,"eu-west-3",,"Amazon Elastic Compute Cloud",,,,"true"
"7962XDKABNFTK2TZ","MZU6U2429S","7962XDKABNFTK2TZ.MZU6U2429S.6YS6EN2CT7","Reserved","USD 0.0 per Red Hat Enterprise Linux with HA (Amazon VPC), c7i.12xlarge reserved instance applied","2026-10-08","0","Inf","Hrs","0.0000000000","USD",,"3yr","All Upfront","convertible","Compute Instance","AmazonEC2","EU (Paris)","AWS Region","c7i.12xlarge","Yes","Compute optimized","48","Intel Xeon Scalable (Sapphire Rapids)","3.2 GHz","96 GiB","EBS only","18750 Megabit","64-bit",,,,,,,,"Shared","Red Hat Enterprise Linux with HA","No License required",,,,"EUW3-BoxUsage:c7i.12xlarge","RunInstances:1010","NA","Used","false","15000 Mbps","15000 Mbps","NA","Yes",,"NA",,,,,,,,,,,,,,"Compute Optimized",,"Yes","Yes","Yes","OnDemand","96",,"NA","Intel AVX; Intel AVX2; Intel AVX512; Intel Turbo; Intel AMX",,"eu-west-3",,"Amazon Elastic Compute Cloud",,,,"true"
"7962XDKABNFTK2TZ","MZU6U2429S","7962XDKABNFTK2TZ.MZU6U2429S.2TG2D8R56U","Reserved","Upfront Fee","2026-10-08",,,"Quantity","35842","USD",,"3yr","All Upfront","convertible","Compute Instance","AmazonEC2","EU (Paris)","AWS Region","c7i.12xlarge","Yes","Compute optimized","48","Intel Xeon Scalable (Sapphire Rapids)","3.2 GHz","96 GiB","EBS only","18750 Megabit","64-bit",,,,,,,,"Shared","Red Hat Enterprise Linux with HA","No License required",,,,"EUW3-BoxUsage:c7i.12xlarge","RunInstances:1010","NA","Used","false","15000 Mbps","15000 Mbps","NA","Yes",,"NA",,,,,,,,,,,,,,"Compute Optimized",,"Yes","Yes","Yes","OnDemand","96",,"NA","Intel AVX; Intel AVX2; Intel AVX512; Intel Turbo; Intel AMX",,"eu-west-3",,"Amazon Elastic Compute Cloud",,,,"true"
"7962XDKABNFTK2TZ","NQ3QZPMQV9","7962XDKABNFTK2TZ.NQ3QZPMQV9.6YS6EN2CT7","Reserved","USD 0.0 per Red Hat Enterprise Linux with HA (Amazon VPC), c7i.12xlarge reserved instance applied","2026-10-08","0","Inf","Hrs","0.0000000000","USD",,"3yr","All Upfront","standard","Compute Instance","AmazonEC2","EU (Paris)","AWS Region","c7i.12xlarge","Yes","Compute optimized","48","Intel Xeon Scalable (Sapphire Rapids)","3.2 GHz","96 GiB","EBS only","18750 Megabit","64-bit",,,,,,,,"Shared","Red Hat Enterprise Linux with HA","No License required",,,,"EUW3-BoxUsage:c7i.12xlarge","RunInstances:1010","NA","Used","false","15000 Mbps","15000 Mbps","NA","Yes",,"NA",,,,,,,,,,,,,,"Compute Optimized",,"Yes","Yes","Yes","OnDemand","96",,"NA","Intel AVX; Intel AVX2; Intel AVX512; Intel Turbo; Intel AMX",,"eu-west-3",,"Amazon Elastic Compute Cloud",,,,"true"
"7962XDKABNFTK2TZ","NQ3QZPMQV9","7962XDKABNFTK2TZ.NQ3QZPMQV9.2TG2D8R56U","Reserved","Upfront Fee","2026-10-08",,,"Quantity","30628","USD",,"3yr","All Upfront","standard","Compute Instance","AmazonEC2","EU (Paris)","AWS Region","c7i.12xlarge","Yes","Compute optimized","48","Intel Xeon Scalable (Sapphire Rapids)","3.2 GHz","96 GiB","EBS only","18750 Megabit","64-bit",,,,,,,,"Shared","Red Hat Enterprise Linux with HA","No License required",,,,"EUW3-BoxUsage:c7i.12xlarge","RunInstances:1010","NA","Used","false","15000 Mbps","15000 Mbps","NA","Yes",,"NA",,,,,,,,,,,,,,"Compute Optimized",,"Yes","Yes","Yes","OnDemand","96",,"NA","Intel AVX; Intel AVX2; Intel AVX512; Intel Turbo; Intel AMX",,"eu-west-3",,"Amazon Elastic Compute Cloud",,,,"true"
"7962XDKABNFTK2TZ","R5XV2EPZQZ","7962XDKABNFTK2TZ.R5XV2EPZQZ.6YS6EN2CT7","Reserved","Red Hat Enterprise Linux with HA (Amazon VPC), c7i.12xlarge reserved instance applied","2026-10-08","0","Inf","Hrs","0.6942300000","USD",,"3yr","Partial Upfront","convertible","Compute Instance","AmazonEC2","EU (Paris)","AWS Region","c7i.12xlarge","Yes","Compute optimized","48","Intel Xeon Scalable (Sapphire Rapids)","3.2 GHz","96 GiB","EBS only","18750 Megabit","64-bit",,,,,,,,"Shared","Red Hat Enterprise Linux with HA","No License required",,,,"EUW3-BoxUsage:c7i.12xlarge","RunInstances:1010","NA","Used","false","15000 Mbps","15000 Mbps","NA","Yes",,"NA",,,,,,,,,,,,,,"Compute Optimized",,"Yes","Yes","Yes","OnDemand","96",,"NA","Intel AVX; Intel AVX2; Intel AVX512; Intel Turbo; Intel AMX",,"eu-west-3",,"Amazon Elastic Compute Cloud",,,,"true"
"7962XDKABNFTK2TZ","R5XV2EPZQZ","7962XDKABNFTK2TZ.R5XV2EPZQZ.2TG2D8R56U","Reserved","Upfront Fee","2026-10-08",,,"Quantity","18244","USD",,"3yr","Partial Upfront","convertible","Compute Instance","AmazonEC2","EU (Paris)","AWS Region","c7i.12xlarge","Yes","Compute optimized","48","Intel Xeon Scalable (Sapphire Rapids)","3.2 GHz","96 GiB","EBS only","18750 Megabit","64-bit",,,,,,,,"Shared","Red Hat Enterprise Linux with HA","No License required",,,,"EUW3-BoxUsage:c7i.12xlarge","RunInstances:1010","NA","Used","false","15000 Mbps","15000 Mbps","NA","Yes",,"NA",,,,,,,,,,,,,,"Compute Optimized",,"Yes","Yes","Yes","OnDemand","96",,"NA","Intel AVX; Intel AVX2; Intel AVX512; Intel Turbo; Intel AMX",,"eu-west-3",,"Amazon Elastic Compute Cloud",,,,"true"
"7962XDKABNFTK2TZ","VJWZNREJX2","7962XDKABNFTK2TZ.VJWZNREJX2.6YS6EN2CT7","Reserved","USD 0.0 per Red Hat Enterprise Linux with HA (Amazon VPC), c7i.12xlarge reserved instance applied","2026-10-08","0","Inf","Hrs","0.0000000000","USD",,"1yr","All Upfront","convertible","Compute Instance","AmazonEC2","EU (Paris)","AWS Region","c7i.12xlarge","Yes","Compute optimized","48","Intel Xeon Scalable (Sapphire Rapids)","3.2 GHz","96 GiB","EBS only","18750 Megabit","64-bit",,,,,,,,"Shared","Red Hat Enterprise Linux with HA","No License required",,,,"EUW3-BoxUsage:c7i.12xlarge","RunInstances:1010","NA","Used","false","15000 Mbps","15000 Mbps","NA","Yes",,"NA",,,,,,,,,,,,,,"Compute Optimized",,"Yes","Yes","Yes","OnDemand","96",,"NA","Intel AVX; Intel AVX2; Intel AVX512; Intel Turbo; Intel AMX",,"eu-west-3",,"Amazon Elastic Compute Cloud",,,,"true"
"7962XDKABNFTK2TZ","VJWZNREJX2","7962XDKABNFTK2TZ.VJWZNREJX2.2TG2D8R56U","Reserved","Upfront Fee","2026-10-08",,,"Quantity","17277","USD",,"1yr","All Upfront","convertible","Compute Instance","AmazonEC2","EU (Paris)","AWS Region","c7i.12xlarge","Yes","Compute optimized","48","Intel Xeon Scalable (Sapphire Rapids)","3.2 GHz","96 GiB","EBS only","18750 Megabit","64-bit",,,,,,,,"Shared","Red Hat Enterprise Linux with HA","No License required",,,,"EUW3-BoxUsage:c7i.12xlarge","RunInstances:1010","NA","Used","false","15000 Mbps","15000 Mbps","NA","Yes",,"NA",,,,,,,,,,,,,,"Compute Optimized",,"Yes","Yes","Yes","OnDemand","96",,"NA","Intel AVX; Intel AVX2; Intel AVX512; Intel Turbo; Intel AMX",,"eu-west-3",,"Amazon Elastic Compute Cloud",,,,"true"
"7962XDKABNFTK2TZ","Z2E3P23VKM","7962XDKABNFTK2TZ.Z2E3P23VKM.6YS6EN2CT7","Reserved","Red Hat Enterprise Linux with HA (Amazon VPC), c7i.12xlarge reserved instance applied","2026-10-08","0","Inf","Hrs","1.4868500000","USD",,"3yr","No Upfront","convertible","Compute Instance","AmazonEC2","EU (Paris)","AWS Region","c7i.12xlarge","Yes","Compute optimized","48","Intel Xeon Scalable (Sapphire Rapids)","3.2 GHz","96 GiB","EBS only","18750 Megabit","64-bit",,,,,,,,"Shared","Red Hat Enterprise Linux with HA","No License required",,,,"EUW3-BoxUsage:c7i.12xlarge","RunInstances:1010","NA","Used","false","15000 Mbps","15000 Mbps","NA","Yes",,"NA",,,,,,,,,,,,,,"Compute Optimized",,"Yes","Yes","Yes","OnDemand","96",,"NA","Intel AVX; Intel AVX2; Intel AVX512; Intel Turbo; Intel AMX",,"eu-west-3",,"Amazon Elastic Compute Cloud",,,,"true"
"7C9TZ3XJQXRSNUQW","JRTCKXETXF","7C9TZ3XJQXRSNUQW.JRTCKXETXF.6YS6EN2CT7","OnDemand","$6.50008 per Dedicated RHEL with HA and SQL Standard c7i.8xlarge Instance Hour","2026-10-01","0","Inf","Hrs","6.5000800000","USD",,,,,"Compute Instance","AmazonEC2","EU (Paris)","AWS Region","c7i.8xlarge","Yes","Compute optimized","32","Intel Xeon Scalable (Sapphire Rapids)","3.2 GHz","64 GiB","EBS only","12500 Megabit","64-bit",,,,,,,,"Dedicated","Red Hat Enterprise Linux with HA","No License required",,,,"EUW3-DedicatedUsage:c7i.8xlarge","RunInstances:1014","NA","Used","false","10000 Mbps","10000 Mbps","NA","Yes",,"NA",,,,,,,,,,,,,,"Compute Optimized",,"Yes","Yes","Yes","OnDemand","64",,"SQL Std","Intel AVX; Intel AVX2; Intel AVX512; Intel Turbo; Intel AMX",,"eu-west-3",,"Amazon Elastic Compute Cloud",,,,"true"
"7DX85SUF5C474GMS","JRTCKXETXF","7DX85SUF5C474GMS.JRTCKXETXF.6YS6EN2CT7","OnDemand","$6.3304 per On Demand RHEL with HA and SQL Standard c7i.8xlarge Instance Hour","2026-10-01","0","Inf","Hrs","6.3304000000","USD",,,,,"Compute Instance","AmazonEC2","EU (Paris)","AWS Region","c7i.8xlarge","Yes","Compute optimized","32","Intel Xeon Scalable (Sapphire Rapids)","3.2 GHz","64 GiB","EBS only","12500 Megabit","64-bit",,,,,,,,"Shared","Red Hat Enterprise Linux with HA","No License required",,,,"EUW3-BoxUsage:c7i.8xlarge","RunInstances:1014","NA","Used","false","10000 Mbps","10000 Mbps","NA","Yes",,"NA",,,,,,,,,,,,,,"Compute Optimized",,"Yes","Yes","Yes","OnDemand","64",,"SQL Std","Intel AVX; Intel AVX2; Intel AVX512; Intel Turbo; Intel AMX",,"eu-west-3",,"Amazon Elastic Compute Cloud",,,,"true"
"7E86HYXW6YW7785F","38NPMPTW36","7E86HYXW6YW7785F.38NPMPTW36.6YS6EN2CT7","Reserved","Linux with SQL Server Standard (Amazon VPC), c7i.8xlarge reserved instance applied","2026-10-08","0","Inf","Hrs","2.2770000000","USD",,"3yr","Partial Upfront","standard","Compute Instance","AmazonEC2","EU (Paris)","AWS Region","c7i.8xlarge","Yes","Compute optimized","32","Intel Xeon Scalable (Sapphire Rapids)","3.2 GHz","64 GiB","EBS only","12500 Megabit","64-bit",,,,,,,,"Shared","Linux","No License required",,,,"EUW3-BoxUsage:c7i.8xlarge","RunInstances:0004","NA","Used","false","10000 Mbps","10000 Mbps","NA","Yes",,"NA",,,,,,,,,,,,,,"Compute Optimized",,"Yes","Yes","Yes","OnDemand","64",,"SQL Std","Intel AVX; Intel AVX2; Intel AVX512; Intel Turbo; Intel AMX",,"eu-west-3",,"Amazon Elastic Compute Cloud",,,,"true"
"7E86HYXW6YW7785F","38NPMPTW36","7E86HYXW6YW7785F.38NPMPTW36.2TG2D8R56U","Reserved","Upfront Fee","2026-10-08",,,"Quantity","59840","USD",,"3yr","Partial Upfront","standard","Compute Instance","AmazonEC2","EU (Paris)","AWS Region","c7i.8xlarge","Yes","Compute optimized","32","Intel Xeon Scalable (Sapphire Rapids)","3.2 GHz","64 GiB","EBS only","12500 Megabit","64-bit",,,,,,,,"Shared","Linux","No License required",,,,"EUW3-BoxUsage:c7i.8xlarge","RunInstances:0004","NA","Used","false","10000 Mbps","10000 Mbps","NA","Yes",,"NA",,,,,,,,,,,,,,"Compute Optimized",,"Yes","Yes","Yes","OnDemand","64",,"SQL Std","Intel AVX; Intel AVX2; Intel AVX512; Intel Turbo; Intel AMX",,"eu-west-3",,"Amazon Elastic Compute Cloud",,,,"true"
"7E86HYXW6YW7785F","4NA7Y494T4","7E86HYXW6YW7785F.4NA7Y494T4.6YS6EN2CT7","Reserved","Linux with SQL Server Standard (Amazon VPC), c7i.8xlarge reserved instance applied","2026-10-08","0","Inf","Hrs","4.9601300000","USD",,"1yr","No Upfront","standard","Compute Instance","AmazonEC2","EU (Paris)","AWS Region","c7i.8xlarge","Yes","Compute optimized","32","Intel Xeon Scalable (Sapphire Rapids)","3.2 GHz","64 GiB","EBS only","12500 Megabit","64-bit",,,,,,,,"Shared","Linux","No License required",,,,"EUW3-BoxUsage:c7i.8xlarge","RunInstances:0004","NA","Used","false","10000 Mbps","10000 Mbps","NA","Yes",,"NA",,,,,,,,,,,,,,"Compute Optimized",,"Yes","Yes","Yes","OnDemand","64",,"SQL Std","Intel AVX; Intel AVX2; Intel AVX512; Intel Turbo; Intel AMX",,"eu-west-3",,"Amazon Elastic Compute Cloud",,,,"true"
"7E86HYXW6YW7785F","6QCMYABX3D","7E86HYXW6YW7785F.6QCMYABX3D.6YS6EN2CT7","Reserved","USD 0.0 per Linux with SQL Server Standard (Amazon VPC), c7i.8xlarge reserved instance applied","2026-10-08","0","Inf","Hrs","0.0000000000","USD",,"1yr","All Upfront","standard","Compute Instance","AmazonEC2","EU (Paris)","AWS Region","c7i.8xlarge","Yes","Compute optimized","32","Intel Xeon Scalable (Sapphire Rapids)","3.2 GHz","64 GiB","EBS only","12500 Megabit","64-bit",,,,,,,,"Shared","Linux","No License required",,,,"EUW3-BoxUsage:c7i.8xlarge","RunInstances:0004","NA","Used","false","10000 Mbps","10000 Mbps","NA","Yes",,"NA",,,,,,,,,,,,,,"Compute Optimized",,"Yes","Yes","Yes","OnDemand","64",,"SQL Std","Intel AVX; Intel AVX2; Intel AVX512; Intel Turbo; Intel AMX",,"eu-west-3",,"Amazon Elastic Compute Cloud",,,,"true"
"7E86HYXW6YW7785F","6QCMYABX3D","7E86HYXW6YW7785F.6QCMYABX3D.2TG2D8R56U","Reserved","Upfront Fee","2026-10-08",,,"Quantity","42797","USD",,"1yr","All Upfront","standard","Compute Instance","AmazonEC2","EU (Paris)","AWS Region","c7i.8xlarge","Yes","Compute optimized","32","Intel Xeon Scalable (Sapphire Rapids)","3.2 GHz","64 GiB","EBS only","12500 Megabit","64-bit",,,,,,,,"Shared","Linux","No License required",,,,"EUW3-BoxUsage:c7i.8xlarge","RunInstances:0004","NA","Used","false","10000 Mbps","10000 Mbps","NA","Yes",,"NA",,,,,,,,,,,,,,"Compute Optimized",,"Yes","Yes","Yes","OnDemand","64",,"SQL Std","Intel AVX; Intel AVX2; Intel AVX512; Intel Turbo; Intel AMX",,"eu-west-3",,"Amazon Elastic Compute Cloud",,,,"true"
"7E86HYXW6YW7785F","7NE97W5U4E","7E86HYXW6YW7785F.7NE97W5U4E.6YS6EN2CT7","Reserved","Linux with SQL Server Standard (Amazon VPC), c7i.8xlarge reserved instance applied","2026-10-08","0","Inf","Hrs","5.1330100000","USD",,"1yr","No Upfront","convertible","Compute Instance","AmazonEC2","EU (Paris)","AWS Region","c7i.8xlarge","Yes","Compute optimized","32","Intel Xeon Scalable (Sapphire Rapids)","3.2 GHz","64 GiB","EBS only","12500 Megabit","64-bit",,,,,,,,"Shared","Linux","No License required",,,,"EUW3-BoxUsage:c7i.8xlarge","RunInstances:0004","NA","Used","false","10000 Mbps","10000 Mbps","NA","Yes",,"NA",,,,,,,,,,,,,,"Compute Optimized",,"Yes","Yes","Yes","OnDemand","64",,"SQL Std","Intel AVX; Intel AVX2; Intel AVX512; Intel Turbo; Intel AMX",,"eu-west-3",,"Amazon Elastic Compute Cloud",,,,"true"
"7E86HYXW6YW7785F","BPH4J8HBKS","7E86HYXW6YW7785F.BPH4J8HBKS.6YS6EN2CT7","Reserved","Linux with SQL Server Standard (Amazon VPC), c7i.8xlarge reserved instance applied","2026-10-08","0","Inf","Hrs","4.6111200000","USD",,"3yr","No Upfront","standard","Compute Instance","AmazonEC2","EU (Paris)","AWS Region","c7i.8xlarge","Yes","Compute optimized","32","Intel Xeon Scalable (Sapphire Rapids)","3.2 GHz","64 GiB","EBS only","12500 Megabit","64-bit",,,,,,,,"Shared","Linux","No License required",,,,"EUW3-BoxUsage:c7i.8xlarge","RunInstances:0004","NA","Used","false","10000 Mbps","10000 Mbps","NA","Yes",,"NA",,,,,,,,,,,,,,"Compute Optimized",,"Yes","Yes","Yes","OnDemand","64",,"SQL Std","Intel AVX; Intel AVX2; Intel AVX512; Intel Turbo; Intel AMX",,"eu-west-3",,"Amazon Elastic Compute Cloud",,,,"true"
"7E86HYXW6YW7785F","CUZHX8X6JH","7E86HYXW6YW7785F.CUZHX8X6JH.6YS6EN2CT7","Reserved","Linux with SQL Server Standard (Amazon VPC), c7i.8xlarge reserved instance applied","2026-10-08","0","Inf","Hrs","2.5357200000","USD",,"1yr","Partial Upfront","convertible","Compute Instance","AmazonEC2","EU (Paris)","AWS Region","c7i.8xlarge","Yes","Compute optimized","32","Intel Xeon Scalable (Sapphire Rapids)","3.2 GHz","64 GiB","EBS only","12500 Megabit","64-bit",,,,,,,,"Shared","Linux","No License required",,,,"EUW3-BoxUsage:c7i.8xlarge","RunInstances:0004","NA","Used","false","10000 Mbps","10000 Mbps","NA","Yes",,"NA",,,,,,,,,,,,,,"Compute Optimized",,"Yes","Yes","Yes","OnDemand","64",,"SQL Std","Intel AVX; Intel AVX2; Intel AVX512; Intel Turbo; Intel AMX",,"eu-west-3",,"Amazon Elastic Compute Cloud",,,,"true"
"7E86HYXW6YW7785F","CUZHX8X6JH","7E86HYXW6YW7785F.CUZHX8X6JH.2TG2D8R56U","Reserved","Upfront Fee","2026-10-08",,,"Quantity","22213","USD",,"1yr","Partial Upfront","convertible","Compute Instance","AmazonEC2","EU (Paris)","AWS Region","c7i.8xlarge","Yes","Compute optimized","32","Intel Xeon Scalable (Sapphire Rapids)","3.2 GHz","64 GiB","EBS only","12500 Megabit","64-bit",,,,,,,,"Shared","Linux","No License required",,,,"EUW3-BoxUsage:c7i.8xlarge","RunInstances:0004","NA","Used","false","10000 Mbps","10000 Mbps","NA","Yes",,"NA",,,,,,,,,,,,,,"Compute Optimized",,"Yes","Yes","Yes","OnDemand","64",,"SQL Std","Intel AVX; Intel AVX2; Intel AVX512; Intel Turbo; Intel AMX",,"eu-west-3",,"Amazon Elastic Compute Cloud",,,,"true"
"7E86HYXW6YW7785F","HU7G6KETJZ","7E86HYXW6YW7785F.HU7G6KETJZ.6YS6EN2CT7","Reserved","Linux with SQL Server Standard (Amazon VPC), c7i.8xlarge reserved instance applied","2026-10-08","0","Inf","Hrs","2.4534000000","USD",,"1yr","Partial Upfront","standard","Compute Instance","AmazonEC2","EU (Paris)","AWS Region","c7i.8xlarge","Yes","Compute optimized","32","Intel Xeon Scalable (Sapphire Rapids)","3.2 GHz","64 GiB","EBS only","12500 Megabit","64-bit",,,,,,,,"Shared","Linux","No License required",,,,"EUW3-BoxUsage:c7i.8xlarge","RunInstances:0004","NA","Used","false","10000 Mbps","10000 Mbps","NA","Yes",,"NA",,,,,,,,,,,,,,"Compute Optimized",,"Yes","Yes","Yes","OnDemand","64",,"SQL Std","Intel AVX; Intel AVX2; Intel AVX512; Intel Turbo; Intel AMX",,"eu-west-3",,"Amazon Elastic Compute Cloud",,,,"true"
"7E86HYXW6YW7785F","HU7G6KETJZ","7E86HYXW6YW7785F.HU7G6KETJZ.2TG2D8R56U","Reserved","Upfront Fee","2026-10-08",,,"Quantity","21492","USD",,"1yr","Partial Upfront","standard","Compute Instance","AmazonEC2","EU (Paris)","AWS Region","c7i.8xlarge","Yes","Compute optimized","32","Intel Xeon Scalable (Sapphire Rapids)","3.2 GHz","64 GiB","EBS only","12500 Megabit","64-bit",,,,,,,,"Shared","Linux","No License required",,,,"EUW3-BoxUsage:c7i.8xlarge","RunInstances:0004","NA","Used","false","10000 Mbps","10000 Mbps","NA","Yes",,"NA",,,,,,,,,,,,,,"Compute Optimized",,"Yes","Yes","Yes","OnDemand","64",,"SQL Std","Intel AVX; Intel AVX2; Intel AVX512; Intel Turbo; Intel AMX",,"eu-west-3",,"Amazon Elastic Compute Cloud",,,,"true"
"7E86HYXW6YW7785F","JRTCKXETXF","7E86HYXW6YW7785F.JRTCKXETXF.6YS6EN2CT7","OnDemand","$5.5368 per On Demand Linux with SQL Std c7i.8xlarge Instance Hour","2026-10-01","0","Inf","Hrs","5.5368000000","USD",,,,,"Compute Instance","AmazonEC2","EU (Paris)","AWS Region","c7i.8xlarge","Yes","Compute optimized","32","Intel Xeon Scalable (Sapphire Rapids)","3.2 GHz","64 GiB","EBS only","12500 Megabit","64-bit",,,,,,,,"Shared","Linux","No License required",,,,"EUW3-BoxUsage:c7i.8xlarge","RunInstances:0004","NA","Used","false","10000 Mbps","10000 Mbps","NA","Yes",,"NA",,,,,,,,,,,,,,"Compute Optimized",,"Yes","Yes","Yes","OnDemand","64",,"SQL Std","Intel AVX; Intel AVX2; Intel AVX512; Intel Turbo; Intel AMX",,"eu-west-3",,"Amazon Elastic Compute Cloud",,,,"true"
"7E86HYXW6YW7785F","MZU6U2429S","7E86HYXW6YW7785F.MZU6U2429S.6YS6EN2CT7","Reserved","USD 0.0 per Linux with SQL Server Standard (Amazon VPC), c7i.8xlarge reserved instance applied","2026-10-08","0","Inf","Hrs","0.0000000000","USD",,"3yr","All Upfront","convertible","Compute Instance","AmazonEC2","EU (Paris)","AWS Region","c7i.8xlarge","Yes","Compute optimized","32","Intel Xeon Scalable (Sapphire Rapids)","3.2 GHz","64 GiB","EBS only","12500 Megabit","64-bit",,,,,,,,"Shared","Linux","No License required",,,,"EUW3-BoxUsage:c7i.8xlarge","RunInstances:0004","NA","Used","false","10000 Mbps","10000 Mbps","NA","Yes",,"NA",,,,,,,,,,,,,,"Compute Optimized",,"Yes","Yes","Yes","OnDemand","64",,"SQL Std","Intel AVX; Intel AVX2; Intel AVX512; Intel Turbo; Intel AMX",,"eu-west-3",,"Amazon Elastic Compute Cloud",,,,"true"
"7E86HYXW6YW7785F","MZU6U2429S","7E86HYXW6YW7785F.MZU6U2429S.2TG2D8R56U","Reserved","Upfront Fee","2026-10-08",,,"Quantity","122030","USD",,"3yr","All Upfront","convertible","Compute Instance","AmazonEC2","EU (Paris)","AWS Region","c7i.8xlarge","Yes","Compute optimized","32","Intel Xeon Scalable (Sapphire Rapids)","3.2 GHz","64 GiB","EBS only","12500 Megabit","64-bit",,,,,,,,"Shared","Linux","No License required",,,,"EUW3-BoxUsage:c7i.8xlarge","RunInstances:0004","NA","Used","false","10000 Mbps","10000 Mbps","NA","Yes",,"NA",,,,,,,,,,,,,,"Compute Optimized",,"Yes","Yes","Yes","OnDemand","64",,"SQL Std","Intel AVX; Intel AVX2; Intel AVX512; Intel Turbo; Intel AMX",,"eu-west-3",,"Amazon Elastic Compute Cloud",,,,"true"
"7E86HYXW6YW7785F","NQ3QZPMQV9","7E86HYXW6YW7785F.NQ3QZPMQV9.6YS6EN2CT7","Reserved","USD 0.0 per Linux with SQL Server Standard (Amazon VPC), c7i.8xlarge reserved instance applied","2026-10-08","0","Inf","Hrs","0.0000000000","USD",,"3yr","All Upfront","standard","Compute Instance","AmazonEC2","EU (Paris)","AWS Region","c7i.8xlarge","Yes","Compute optimized","32","Intel Xeon Scalable (Sapphire Rapids)","3.2 GHz","64 GiB","EBS only","12500 Megabit","64-bit",,,,,,,,"Shared","Linux","No License required",,,,"EUW3-BoxUsage:c7i.8xlarge","RunInstances:0004","NA","Used","false","10000 Mbps","10000 Mbps","NA","Yes",,"NA",,,,,,,,,,,,,,"Compute Optimized",,"Yes","Yes","Yes","OnDemand","64",,"SQL Std","Intel AVX; Intel AVX2; Intel AVX512; Intel Turbo; Intel AMX",,"eu-west-3",,"Amazon Elastic Compute Cloud",,,,"true"
"7E86HYXW6YW7785F","NQ3QZPMQV9","7E86HYXW6YW7785F.NQ3QZPMQV9.2TG2D8R56U","Reserved","Upfront Fee","2026-10-08",,,"Quantity","118553","USD",,"3yr","All Upfront","standard","Compute Instance","AmazonEC2","EU (Paris)","AWS Region","c7i.8xlarge","Yes","Compute optimized","32","Intel Xeon Scalable (Sapphire Rapids)","3.2 GHz","64 GiB","EBS only","12500 Megabit","64-bit",,,,,,,,"Shared","Linux","No License required",,,,"EUW3-BoxUsage:c7i.8xlarge","RunInstances:0004","NA","Used","false","10000 Mbps","10000 Mbps","NA","Yes",,"NA",,,,,,,,,,,,,,"Compute Optimized",,"Yes","Yes","Yes","OnDemand","64",,"SQL Std","Intel AVX; Intel AVX2; Intel AVX512; Intel Turbo; Intel AMX",,"eu-west-3",,"Amazon Elastic Compute Cloud",,,,"true"
"7E86HYXW6YW7785F","R5XV2EPZQZ","7E86HYXW6YW7785F.R5XV2EPZQZ.6YS6EN2CT7","Reserved","Linux with SQL Server Standard (Amazon VPC), c7i.8xlarge reserved instance applied","2026-10-08","0","Inf","Hrs","2.3299200000","USD",,"3yr","Partial Upfront","convertible","Compute Instance","AmazonEC2","EU (Paris)","AWS Region","c7i.8xlarge","Yes","Compute optimized","32","Intel Xeon Scalable (Sapphire Rapids)","3.2 GHz","64 GiB","EBS only","12500 Megabit","64-bit",,,,,,,,"Shared","Linux","No License required",,,,"EUW3-BoxUsage:c7i.8xlarge","RunInstances:0004","NA","Used","false","10000 Mbps","10000 Mbps","NA","Yes",,"NA",,,,,,,,,,,,,,"Compute Optimized",,"Yes","Yes","Yes","OnDemand","64",,"SQL Std","Intel AVX; Intel AVX2; Intel AVX512; Intel Turbo; Intel AMX",,"eu-west-3",,"Amazon Elastic Compute Cloud",,,,"true"
"7E86HYXW6YW7785F","R5XV2EPZQZ","7E86HYXW6YW7785F.R5XV2EPZQZ.2TG2D8R56U","Reserved","Upfront Fee","2026-10-08",,,"Quantity","61230","USD",,"3yr","Partial Upfront","convertible","Compute Instance","AmazonEC2","EU (Paris)","AWS Region","c7i.8xlarge","Yes","Compute optimized","32","Intel Xeon Scalable (Sapphire Rapids)","3.2 GHz","64 GiB","EBS only","12500 Megabit","64-bit",,,,,,,,"Shared","Linux","No License required",,,,"EUW3-BoxUsage:c7i.8xlarge","RunInstances:0004","NA","Used","false","10000 Mbps","10000 Mbps","NA","Yes",,"NA",,,,,,,,,,,,,,"Compute Optimized",,"Yes","Yes","Yes","OnDemand","64",,"SQL Std","Intel AVX; Intel AVX2; Intel AVX512; Intel Turbo; Intel AMX",,"eu-west-3",,"Amazon Elastic Compute Cloud",,,,"true"
"7E86HYXW6YW7785F","VJWZNREJX2","7E86HYXW6YW7785F.VJWZNREJX2.6YS6EN2CT7","Reserved","USD 0.0 per Linux with SQL Server Standard (Amazon VPC), c7i.8xlarge reserved instance applied","2026-10-08","0","Inf","Hrs","0.0000000000","USD",,"1yr","All Upfront","convertible","Compute Instance","AmazonEC2","EU (Paris)","AWS Region","c7i.8xlarge","Yes","Compute optimized","32","Intel Xeon Scalable (Sapphire Rapids)","3.2 GHz","64 GiB","EBS only","12500 Megabit","64-bit",,,,,,,,"Shared","Linux","No License required",,,,"EUW3-BoxUsage:c7i.8xlarge","RunInstances:0004","NA","Used","false","10000 Mbps","10000 Mbps","NA","Yes",,"NA",,,,,,,,,,,,,,"Compute Optimized",,"Yes","Yes","Yes","OnDemand","64",,"SQL Std","Intel AVX; Intel AVX2; Intel AVX512; Intel Turbo; Intel AMX",,"eu-west-3",,"Amazon Elastic Compute Cloud",,,,"true"
"7E86HYXW6YW7785F","VJWZNREJX2","7E86HYXW6YW7785F.VJWZNREJX2.2TG2D8R56U","Reserved","Upfront Fee","2026-10-08",,,"Quantity","44210","USD",,"1yr","All Upfront","convertible","Compute Instance","AmazonEC2","EU (Paris)","AWS Region","c7i.8xlarge","Yes","Compute optimized","32","Intel Xeon Scalable (Sapphire Rapids)","3.2 GHz","64 GiB","EBS only","12500 Megabit","64-bit",,,,,,,,"Shared","Linux","No License required",,,,"EUW3-BoxUsage:c7i.8xlarge","RunInstances:0004","NA","Used","false","10000 Mbps","10000 Mbps","NA","Yes",,"NA",,,,,,,,,,,,,,"Compute Optimized",,"Yes","Yes","Yes","OnDemand","64",,"SQL Std","Intel AVX; Intel AVX2; Intel AVX512; Intel Turbo; Intel AMX",,"eu-west-3",,"Amazon Elastic Compute Cloud",,,,"true"
"7E86HYXW6YW7785F","Z2E3P23VKM","7E86HYXW6YW7785F.Z2E3P23VKM.6YS6EN2CT7","Reserved","Linux with SQL Server Standard (Amazon VPC), c7i.8xlarge reserved instance applied","2026-10-08","0","Inf","Hrs","4.7254300000","USD",,"3yr","No Upfront","convertible","Compute Instance","AmazonEC2","EU (Paris)","AWS Region","c7i.8xlarge","Yes","Compute optimized","32","Intel Xeon Scalable (Sapphire Rapids)","3.2 GHz","64 GiB","EBS only","12500 Megabit","64-bit",,,,,,,,"Shared","Linux","No License required",,,,"EUW3-BoxUsage:c7i.8xlarge","RunInstances:0004","NA","Used","false","10000 Mbps","10000 Mbps","NA","Yes",,"NA",,,,,,,,,,,,,,"Compute Optimized",,"Yes","Yes","Yes","OnDemand","64",,"SQL Std","Intel AVX; Intel AVX2; Intel AVX512; Intel Turbo; Intel AMX",,"eu-west-3",,"Amazon Elastic Compute Cloud",,,,"true"
"7FQBAVZ4GBUFKDEE","JRTCKXETXF","7FQBAVZ4GBUFKDEE.JRTCKXETXF.6YS6EN2CT7","OnDemand","$3.33848 per Dedicated Unused Reservation Windows c7i.8xlarge Instance Hour","2026-10-01","0","Inf","Hrs","3.3384800000","USD",,,,,"Compute Instance","AmazonEC2","EU (Paris)","AWS Region","c7i.8xlarge","Yes","Compute optimized","32","Intel Xeon Scalable (Sapphire Rapids)","3.2 GHz","64 GiB","EBS only","12500 Megabit","64-bit",,,,,,,,"Dedicated","Windows","No License required",,,,"EUW3-UnusedDed:c7i.8xlarge","RunInstances:0002","NA","UnusedCapacityReservation","false","10000 Mbps","10000 Mbps","NA","Yes",,"NA",,,,,,,,,,,,,,"Compute Optimized","VT7TGYB2ADC6Q33V","Yes","Yes","Yes","OnDemand","64",,"NA","Intel AVX; Intel AVX2; Intel AVX512; Intel Turbo; Intel AMX",,"eu-west-3",,"Amazon Elastic Compute Cloud",,,,"true"
"7J7S8FME9DNG2D67","JRTCKXETXF","7J7S8FME9DNG2D67.JRTCKXETXF.6YS6EN2CT7","OnDemand","$1.86648 per Dedicated Unused Reservation Linux c7i.8xlarge Instance Hour","2026-10-01","0","Inf","Hrs","1.8664800000","USD",,,,,"Compute Instance","AmazonEC2","EU (Paris)","AWS Region","c7i.8xlarge","Yes","Compute optimized","32","Intel Xeon Scalable (Sapphire Rapids)","3.2 GHz","64 GiB","EBS only","12500 Megabit","64-bit",,,,,,,,"Dedicated","Linux","No License required",,,,"EUW3-UnusedDed:c7i.8xlarge","RunInstances","NA","UnusedCapacityReservation","false","10000 Mbps","10000 Mbps","NA","Yes",,"NA",,,,,,,,,,,,,,"Compute Optimized","MKWY22QTCNC9NP9Q","Yes","Yes","Yes","OnDemand","64",,"NA","Intel AVX; Intel AVX2; Intel AVX512; Intel Turbo; Intel AMX",,"eu-west-3",,"Amazon Elastic Compute Cloud",,,,"true"
"7JRSKKFB6DGP5AQP","JRTCKXETXF","7JRSKKFB6DGP5AQP.JRTCKXETXF.6YS6EN2CT7","OnDemand","$0.00 per Dedicated Reservation RHEL with HA and SQL Enterprise c7i.8xlarge Instance Hour","2026-10-01","0","Inf","Hrs","0.0000000000","USD",,,,,"Compute Instance","AmazonEC2","EU (Paris)","AWS Region","c7i.8xlarge","Yes","Compute optimized","32","Intel Xeon Scalable (Sapphire Rapids)","3.2 GHz","64 GiB","EBS only","12500 Megabit","64-bit",,,,,,,,"Dedicated","Red Hat Enterprise Linux with HA","No License required",,,,"EUW3-DedicatedRes:c7i.8xlarge","RunInstances:1110","NA","AllocatedCapacityReservation","false","10000 Mbps","10000 Mbps","NA","Yes",,"NA",,,,,,,,,,,,,,"Compute Optimized","T5PNBR7YVTH239RP","Yes","Yes","Yes","OnDemand","64",,"SQL Ent","Intel AVX; Intel AVX2; Intel AVX512; Intel Turbo; Intel AMX",,"eu-west-3",,"Amazon Elastic Compute Cloud",,,,"true"
"7M7THB8S9VHKPZSC","JRTCKXETXF","7M7THB8S9VHKPZSC.JRTCKXETXF.6YS6EN2CT7","OnDemand","$2.6724 per On Demand Windows with SQL Std without licenses c8i.12xlarge Instance Hour","2026-10-01","0","Inf","Hrs","2.6724000000","USD",,,,,"Compute Instance","AmazonEC2","EU (Paris)","AWS Region","c8i.12xlarge","Yes","Compute optimized","48","Intel Xeon Scalable (Granite Rapids)","3.9 GHz","96 GiB","EBS only","22500 Megabit","64-bit",,,,,,,,"Shared","Windows","License Included - Infrastructure",,,,"EUW3-BoxUsage:c8i.12xlarge","RunInstances:0006:box","NA","Used","false","15000 Mbps","15000 Mbps","NA","Yes",,"NA",,,,,,,,,,,,,,"Compute Optimized",,"Yes","Yes","Yes","OnDemand","96",,"SQL Std","Intel AVX; Intel AVX2; Intel AVX512; Intel Turbo; Intel AMX",,"eu-west-3",,"Amazon Elastic Compute Cloud",,,,"true"
"7N69TTP4XK259TQF","JRTCKXETXF","7N69TTP4XK259TQF.JRTCKXETXF.6YS6EN2CT7","OnDemand","$2.5452 per On Demand Windows with SQL Web without licenses c7i.12xlarge Instance Hour","2026-10-01","0","Inf","Hrs","2.5452000000","USD",,,,,"Compute Instance","AmazonEC2","EU (Paris)","AWS Region","c7i.12xlarge","Yes","Compute optimized","48","Intel Xeon Scalable (Sapphire Rapids)","3.2 GHz","96 GiB","EBS only","18750 Megabit","64-bit",,,,,,,,"Shared","Windows","License Included - Infrastructure",,,,"EUW3-BoxUsage:c7i.12xlarge","RunInstances:0202:box","NA","Used","false","15000 Mbps","15000 Mbps","NA","Yes",,"NA",,,,,,,,,,,,,,"Compute Optimized",,"Yes","Yes","Yes","OnDemand","96",,"SQL Web","Intel AVX; Intel AVX2; Intel AVX512; Intel Turbo; Intel AMX",,"eu-west-3",,"Amazon Elastic Compute Cloud",,,,"true"
"7S4W6GNESZNJMP3R","JRTCKXETXF","7S4W6GNESZNJMP3R.JRTCKXETXF.6YS6EN2CT7","OnDemand","$0.00 per Dedicated Reservation RHEL with SQL Web c7i.8xlarge Instance Hour","2026-10-01","0","Inf","Hrs","0.0000000000","USD",,,,,"Compute Instance","AmazonEC2","EU (Paris)","AWS Region","c7i.8xlarge","Yes","Compute optimized","32","Intel Xeon Scalable (Sapphire Rapids)","3.2 GHz","64 GiB","EBS only","12500 Megabit","64-bit",,,,,,,,"Dedicated","RHEL","No License required",,,,"EUW3-DedicatedRes:c7i.8xlarge","RunInstances:0210","NA","AllocatedCapacityReservation","false","10000 Mbps","10000 Mbps","NA","Yes",,"NA",,,,,,,,,,,,,,"Compute Optimized","CCMDVHCUJG3DP3BJ","Yes","Yes","Yes","OnDemand","64",,"SQL Web","Intel AVX; Intel AVX2; Intel AVX512; Intel Turbo; Intel AMX",,"eu-west-3",,"Amazon Elastic Compute Cloud",,,,"true"
"7TCHSN6QN9RBXNNJ","JRTCKXETXF","7TCHSN6QN9RBXNNJ.JRTCKXETXF.6YS6EN2CT7","OnDemand","$21.99012 per Dedicated RHEL with HA and SQL Enterprise c7i.12xlarge Instance Hour","2026-10-01","0","Inf","Hrs","21.9901200000","USD",,,,,"Compute Instance","AmazonEC2","EU (Paris)","AWS Region","c7i.12xlarge","Yes","Compute optimized","48","Intel Xeon Scalable (Sapphire Rapids)","3.2 GHz","96 GiB","EBS only","18750 Megabit","64-bit",,,,,,,,"Dedicated","Red Hat Enterprise Linux with HA","No License required",,,,"EUW3-DedicatedUsage:c7i.12xlarge","RunInstances:1110","NA","Used","false","15000 Mbps","15000 Mbps","NA","Yes",,"NA",,,,,,,,,,,,,,"Compute Optimized",,"Yes","Yes","Yes","OnDemand","96",,"SQL Ent","Intel AVX; Intel AVX2; Intel AVX512; Intel Turbo; Intel AMX",,"eu-west-3",,"Amazon Elastic Compute Cloud",,,,"true"
"7UKRHSMQPAK8XP4T","JRTCKXETXF","7UKRHSMQPAK8XP4T.JRTCKXETXF.6YS6EN2CT7","OnDemand","$0.00 per Reservation Linux with SQL Std c7i.12xlarge Instance Hour","2026-10-01","0","Inf","Hrs","0.0000000000","USD",,,,,"Compute Instance","AmazonEC2","EU (Paris)","AWS Region","c7i.12xlarge","Yes","Compute optimized","48","Intel Xeon Scalable (Sapphire Rapids)","3.2 GHz","96 GiB","EBS only","18750 Megabit","64-bit",,,,,,,,"Shared","Linux","No License required",,,,"EUW3-Reservation:c7i.12xlarge","RunInstances:0004","NA","AllocatedCapacityReservation","false","15000 Mbps","15000 Mbps","NA","Yes",,"NA",,,,,,,,,,,,,,"Compute Optimized","TWKC2K368XHNHE4V","Yes","Yes","Yes","OnDemand","96",,"SQL Std","Intel AVX; Intel AVX2; Intel AVX512; Intel Turbo; Intel AMX",,"eu-west-3",,"Amazon Elastic Compute Cloud",,,,"true"
"7UWWMJ5GFE4HSEHP","JRTCKXETXF","7UWWMJ5GFE4HSEHP.JRTCKXETXF.6YS6EN2CT7","OnDemand","$6.05208 per Dedicated Unused Reservation RHEL with SQL Standard c7i.8xlarge Instance Hour","2026-10-01","0","Inf","Hrs","6.0520800000","USD",,,,,"Compute Instance","AmazonEC2","EU (Paris)","AWS Region","c7i.8xlarge","Yes","Compute optimized","32","Intel Xeon Scalable (Sapphire Rapids)","3.2 GHz","64 GiB","EBS only","12500 Megabit","64-bit",,,,,,,,"Dedicated","RHEL","No License required",,,,"EUW3-UnusedDed:c7i.8xlarge","RunInstances:0014","NA","UnusedCapacityReservation","false","10000 Mbps","10000 Mbps","NA","Yes",,"NA",,,,,,,,,,,,,,"Compute Optimized","5YSQKRU8SSXJTCYT","Yes","Yes","Yes","OnDemand","64",,"SQL Std","Intel AVX; Intel AVX2; Intel AVX512; Intel Turbo; Intel AMX",,"eu-west-3",,"Amazon Elastic Compute Cloud",,,,"true"
"7UY3N6NVCCGVMVY2","JRTCKXETXF","7UY3N6NVCCGVMVY2.JRTCKXETXF.6YS6EN2CT7","OnDemand","$0.00 per Windows without licenses c7i.8xlarge Dedicated Host Instance hour","2026-10-01","0","Inf","Hrs","0.0000000000","USD",,,,,"Compute Instance","AmazonEC2","EU (Paris)","AWS Region","c7i.8xlarge","Yes","Compute optimized","32","Intel Xeon Scalable (Sapphire Rapids)","3.2 GHz","64 GiB","EBS only","12500 Megabit","64-bit",,,,,,,,"Host","Windows","License Included - Infrastructure",,,,"EUW3-HostBoxUsage:c7i.8xlarge","RunInstances:0002:box","NA","Used","false","10000 Mbps","10000 Mbps","NA","Yes",,"NA",,,,,,,,,,,,,,"Compute Optimized",,"Yes","Yes","Yes","OnDemand","64",,"NA","Intel AVX; Intel AVX2; Intel AVX512; Intel Turbo; Intel AMX",,"eu-west-3",,"Amazon Elastic Compute Cloud",,,,"true"
"825BZY9WFXZHHUR4","JRTCKXETXF","825BZY9WFXZHHUR4.JRTCKXETXF.6YS6EN2CT7","OnDemand","$10.5132 per Unused Reservation Windows with SQL Std c7i.12xlarge Instance Hour","2026-10-01","0","Inf","Hrs","10.5132000000","USD",,,,,"Compute Instance","AmazonEC2","EU (Paris)","AWS Region","c7i.12xlarge","Yes","Compute optimized","48","Intel Xeon Scalable (Sapphire Rapids)","3.2 GHz","96 GiB","EBS only","18750 Megabit","64-bit",,,,,,,,"Shared","Windows","No License required",,,,"EUW3-UnusedBox:c7i.12xlarge","RunInstances:0006","NA","UnusedCapacityReservation","false","15000 Mbps","15000 Mbps","NA","Yes",,"NA",,,,,,,,,,,,,,"Compute Optimized","2C5R9S4BDX7RW9WM","Yes","Yes","Yes","OnDemand","96",,"SQL Std","Intel AVX; Intel AVX2; Intel AVX512; Intel Turbo; Intel AMX",,"eu-west-3",,"Amazon Elastic Compute Cloud",,,,"true"
"82XFU6AFYZWEHWSX","JRTCKXETXF","82XFU6AFYZWEHWSX.JRTCKXETXF.6YS6EN2CT7","OnDemand","$3.31812 per Dedicated Unused Reservation RHEL c7i.12xlarge Instance Hour","2026-10-01","0","Inf","Hrs","3.3181200000","USD",,,,,"Compute Instance","AmazonEC2","EU (Paris)","AWS Region","c7i.12xlarge","Yes","Compute optimized","48","Intel Xeon Scalable (Sapphire Rapids)","3.2 GHz","96 GiB","EBS only","18750 Megabit","64-bit",,,,,,,,"Dedicated","RHEL","No License required",,,,"EUW3-UnusedDed:c7i.12xlarge","RunInstances:0010","NA","UnusedCapacityReservation","false","15000 Mbps","15000 Mbps","NA","Yes",,"NA",,,,,,,,,,,,,,"Compute Optimized","UYTNTKPBHFY26UX4","Yes","Yes","Yes","OnDemand","96",,"NA","Intel AVX; Intel AVX2; Intel AVX512; Intel Turbo; Intel AMX",,"eu-west-3",,"Amazon Elastic Compute Cloud",,,,"true"
"88NUMUTYTX2SYCFY","JRTCKXETXF","88NUMUTYTX2SYCFY.JRTCKXETXF.6YS6EN2CT7","OnDemand","$14.21208 per Dedicated RHEL with SQL Server Enterprise c7i.8xlarge Instance Hour","2026-10-01","0","Inf","Hrs","14.2120800000","USD",,,,,"Compute Instance","AmazonEC2","EU (Paris)","AWS Region","c7i.8xlarge","Yes","Compute optimized","32","Intel Xeon Scalable (Sapphire Rapids)","3.2 GHz","64 GiB","EBS only","12500 Megabit","64-bit",,,,,,,,"Dedicated","RHEL","No License required",,,,"EUW3-DedicatedUsage:c7i.8xlarge","RunInstances:0110","NA","Used","false","10000 Mbps","10000 Mbps","NA","Yes",,"NA",,,,,,,,,,,,,,"Compute Optimized",,"Yes","Yes","Yes","OnDemand","64",,"SQL Ent","Intel AVX; Intel AVX2; Intel AVX512; Intel Turbo; Intel AMX",,"eu-west-3",,"Amazon Elastic Compute Cloud",,,,"true"
"88Q7EBVDKTCZM83A","JRTCKXETXF","88Q7EBVDKTCZM83A.JRTCKXETXF.6YS6EN2CT7","OnDemand","$4.13004 per Dedicated Unused Reservation Red Hat Enterprise Linux with HA c8i.12xlarge Instance Hour","2026-10-01","0","Inf","Hrs","4.1300400000","USD",,,,,"Compute Instance","AmazonEC2","EU (Paris)","AWS Region","c8i.12xlarge","Yes","Compute optimized","48","Intel Xeon Scalable (Granite Rapids)","3.9 GHz","96 GiB","EBS only","22500 Megabit","64-bit",,,,,,,,"Dedicated","Red Hat Enterprise Linux with HA","No License required",,,,"EUW3-UnusedDed:c8i.12xlarge","RunInstances:1010","NA","UnusedCapacityReservation","false","15000 Mbps","15000 Mbps","NA","Yes",,"NA",,,,,,,,,,,,,,"Compute Optimized","5Z43KEPF82WU32YA","Yes","Yes","Yes","OnDemand","96",,"NA","Intel AVX; Intel AVX2; Intel AVX512; Intel Turbo; Intel AMX",,"eu-west-3",,"Amazon Elastic Compute Cloud",,,,"true"
"8C64V3K3PW9E36A6","JRTCKXETXF","8C64V3K3PW9E36A6.JRTCKXETXF.6YS6EN2CT7","OnDemand","$0.00 per Linux with SQL Web c7i.12xlarge Dedicated Host Instance hour","2026-10-01","0","Inf","Hrs","0.0000000000","USD",,,,,"Compute Instance","AmazonEC2","EU (Paris)","AWS Region","c7i.12xlarge","Yes","Compute optimized","48","Intel Xeon Scalable (Sapphire Rapids)","3.2 GHz","96 GiB","EBS only","18750 Megabit","64-bit",,,,,,,,"Host","Linux","No License required",,,,"EUW3-HostBoxUsage:c7i.12xlarge","RunInstances:0200","NA","Used","false","15000 Mbps","15000 Mbps","NA","Yes",,"NA",,,,,,,,,,,,,,"Compute Optimized",,"Yes","Yes","Yes","OnDemand","96",,"SQL Web","Intel AVX; Intel AVX2; Intel AVX512; Intel Turbo; Intel AMX",,"eu-west-3",,"Amazon Elastic Compute Cloud",,,,"true"
"8EW3UGGNK2ZZ86UK","JRTCKXETXF","8EW3UGGNK2ZZ86UK.JRTCKXETXF.6YS6EN2CT7","OnDemand","$0.00 per Dedicated Reservation Windows with SQL Std c7i.8xlarge Instance Hour","2026-10-01","0","Inf","Hrs","0.0000000000","USD",,,,,"Compute Instance","AmazonEC2","EU (Paris)","AWS Region","c7i.8xlarge","Yes","Compute optimized","32","Intel Xeon Scalable (Sapphire Rapids)","3.2 GHz","64 GiB","EBS only","12500 Megabit","64-bit",,,,,,,,"Dedicated","Windows","No License required",,,,"EUW3-DedicatedRes:c7i.8xlarge","RunInstances:0006","NA","AllocatedCapacityReservation","false","10000 Mbps","10000 Mbps","NA","Yes",,"NA",,,,,,,,,,,,,,"Compute Optimized","SHFSHD3VTZS62SP2","Yes","Yes","Yes","OnDemand","64",,"SQL Std","Intel AVX; Intel AVX2; Intel AVX512; Intel Turbo; Intel AMX",,"eu-west-3",,"Amazon Elastic Compute Cloud",,,,"true"
"8FP7N444UUXVJD7R","JRTCKXETXF","8FP7N444UUXVJD7R.JRTCKXETXF.6YS6EN2CT7","OnDemand","$22.13004 per Dedicated Unused Reservation RHEL with HA and SQL Enterprise c8i.12xlarge Instance Hour","2026-10-01","0","Inf","Hrs","22.1300400000","USD",,,,,"Compute Instance","AmazonEC2","EU (Paris)","AWS Region","c8i.12xlarge","Yes","Compute optimized","48","Intel Xeon Scalable (Granite Rapids)","3.9 GHz","96 GiB","EBS only","22500 Megabit","64-bit",,,,,,,,"Dedicated","Red Hat Enterprise Linux with HA","No License required",,,,"EUW3-UnusedDed:c8i.12xlarge","RunInstances:1110","NA","UnusedCapacityReservation","false","15000 Mbps","15000 Mbps","NA","Yes",,"NA",,,,,,,,,,,,,,"Compute Optimized","DJ3HH29QEDC89PWU","Yes","Yes","Yes","OnDemand","96",,"SQL Ent","Intel AVX; Intel AVX2; Intel AVX512; Intel Turbo; Intel AMX",,"eu-west-3",,"Amazon Elastic Compute Cloud",,,,"true"
"8GCBQW8C2N5TP85Y","JRTCKXETXF","8GCBQW8C2N5TP85Y.JRTCKXETXF.6YS6EN2CT7","OnDemand","$0.00 per Linux with SQL Server Enterprise c7i.12xlarge Dedicated Host Instance hour","2026-10-01","0","Inf","Hrs","0.0000000000","USD",,,,,"Compute Instance","AmazonEC2","EU (Paris)","AWS Region","c7i.12xlarge","Yes","Compute optimized","48","Intel Xeon Scalable (Sapphire Rapids)","3.2 GHz","96 GiB","EBS only","18750 Megabit","64-bit",,,,,,,,"Host","Linux","No License required",,,,"EUW3-HostBoxUsage:c7i.12xlarge","RunInstances:0100","NA","Used","false","15000 Mbps","15000 Mbps","NA","Yes",,"NA",,,,,,,,,,,,,,"Compute Optimized",,"Yes","Yes","Yes","OnDemand","96",,"SQL Ent","Intel AVX; Intel AVX2; Intel AVX512; Intel Turbo; Intel AMX",,"eu-west-3",,"Amazon Elastic Compute Cloud",,,,"true"
"8MEHHYS547BJKR6P","JRTCKXETXF","8MEHHYS547BJKR6P.JRTCKXETXF.6YS6EN2CT7","OnDemand","$0.00 per Reservation RHEL with SQL Web c7i.8xlarge Instance Hour","2026-10-01","0","Inf","Hrs","0.0000000000","USD",,,,,"Compute Instance","AmazonEC2","EU (Paris)","AWS Region","c7i.8xlarge","Yes","Compute optimized","32","Intel Xeon Scalable (Sapphire Rapids)","3.2 GHz","64 GiB","EBS only","12500 Megabit","64-bit",,,,,,,,"Shared","RHEL","No License required",,,,"EUW3-Reservation:c7i.8xlarge","RunInstances:0210","NA","AllocatedCapacityReservation","false","10000 Mbps","10000 Mbps","NA","Yes",,"NA",,,,,,,,,,,,,,"Compute Optimized","K9XGMHK25RDAYZX9","Yes","Yes","Yes","OnDemand","64",,"SQL Web","Intel AVX; Intel AVX2; Intel AVX512; Intel Turbo; Intel AMX",,"eu-west-3",,"Amazon Elastic Compute Cloud",,,,"true"
"8TKF36N3BSYF7J8J","JRTCKXETXF","8TKF36N3BSYF7J8J.JRTCKXETXF.6YS6EN2CT7","OnDemand","$0.00 per Reservation RHEL with SQL Server Enterprise c7i.12xlarge Instance Hour","2026-10-01","0","Inf","Hrs","0.0000000000","USD",,,,,"Compute Instance","AmazonEC2","EU (Paris)","AWS Region","c7i.12xlarge","Yes","Compute optimized","48","Intel Xeon Scalable (Sapphire Rapids)","3.2 GHz","96 GiB","EBS only","18750 Megabit","64-bit",,,,,,,,"Shared","RHEL","No License required",,,,"EUW3-Reservation:c7i.12xlarge","RunInstances:0110","NA","AllocatedCapacityReservation","false","15000 Mbps","15000 Mbps","NA","Yes",,"NA",,,,,,,,,,,,,,"Compute Optimized","NGF9VSK4GFGWXJMF","Yes","Yes","Yes","OnDemand","96",,"SQL Ent","Intel AVX; Intel AVX2; Intel AVX512; Intel Turbo; Intel AMX",,"eu-west-3",,"Amazon Elastic Compute Cloud",,,,"true"
"8TNQXQS5VHPQ8G4N","JRTCKXETXF","8TNQXQS5VHPQ8G4N.JRTCKXETXF.6YS6EN2CT7","OnDemand","$0.00 per Reservation Windows with SQL Server Enterprise c7i.8xlarge Instance Hour","2026-10-01","0","Inf","Hrs","0.0000000000","USD",,,,,"Compute Instance","AmazonEC2","EU (Paris)","AWS Region","c7i.8xlarge","Yes","Compute optimized","32","Intel Xeon Scalable (Sapphire Rapids)","3.2 GHz","64 GiB","EBS only","12500 Megabit","64-bit",,,,,,,,"Shared","Windows","No License required",,,,"EUW3-Reservation:c7i.8xlarge","RunInstances:0102","NA","AllocatedCapacityReservation","false","10000 Mbps","10000 Mbps","NA","Yes",,"NA",,,,,,,,,,,,,,"Compute Optimized","PSGQ85BDCBBX5DWT","Yes","Yes","Yes","OnDemand","64",,"SQL Ent","Intel AVX; Intel AVX2; Intel AVX512; Intel Turbo; Intel AMX",,"eu-west-3",,"Amazon Elastic Compute Cloud",,,,"true"
"8VZWJGXJCHF3B8TQ","JRTCKXETXF","8VZWJGXJCHF3B8TQ.JRTCKXETXF.6YS6EN2CT7","OnDemand","$22.8804 per On Demand Windows with SQL Server Enterprise c8i.12xlarge Instance Hour","2026-10-01","0","Inf","Hrs","22.8804000000","USD",,,,,"Compute Instance","AmazonEC2","EU (Paris)","AWS Region","c8i.12xlarge","Yes","Compute optimized","48","Intel Xeon Scalable (Granite Rapids)","3.9 GHz","96 GiB","EBS only","22500 Megabit","64-bit",,,,,,,,"Shared","Windows","No License required",,,,"EUW3-BoxUsage:c8i.12xlarge","RunInstances:0102","NA","Used","false","15000 Mbps","15000 Mbps","NA","Yes",,"NA",,,,,,,,,,,,,,"Compute Optimized",,"Yes","Yes","Yes","OnDemand","96",,"SQL Ent","Intel AVX; Intel AVX2; Intel AVX512; Intel Turbo; Intel AMX",,"eu-west-3",,"Amazon Elastic Compute Cloud",,,,"true"
"8W4Y7Q8AWKJ3UXTF","38NPMPTW36","8W4Y7Q8AWKJ3UXTF.38NPMPTW36.6YS6EN2CT7","Reserved","Linux with SQL Server Standard (Amazon VPC), c7i.12xlarge reserved instance applied","2026-10-08","0","Inf","Hrs","3.4690500000","USD",,"3yr","Partial Upfront","standard","Compute Instance","AmazonEC2","EU (Paris)","AWS Region","c7i.12xlarge","Yes","Compute optimized","48","Intel Xeon Scalable (Sapphire Rapids)","3.2 GHz","96 GiB","EBS only","18750 Megabit","64-bit",,,,,,,,"Dedicated","Linux","No License required",,,,"EUW3-DedicatedUsage:c7i.12xlarge","RunInstances:0004","NA","Used","false","15000 Mbps","15000 Mbps","NA","Yes",,"NA",,,,,,,,,,,,,,"Compute Optimized",,"Yes","Yes","Yes","OnDemand","96",,"SQL Std","Intel AVX; Intel AVX2; Intel AVX512; Intel Turbo; Intel AMX",,"eu-west-3",,"Amazon Elastic Compute Cloud",,,,"true"
"8W4Y7Q8AWKJ3UXTF","38NPMPTW36","8W4Y7Q8AWKJ3UXTF.38NPMPTW36.2TG2D8R56U","Reserved","Upfront Fee","2026-10-08",,,"Quantity","91167","USD",,"3yr","Partial Upfront","standard","Compute Instance","AmazonEC2","EU (Paris)","AWS Region","c7i.12xlarge","Yes","Compute optimized","48","Intel Xeon Scalable (Sapphire Rapids)","3.2 GHz","96 GiB","EBS only","18750 Megabit","64-bit",,,,,,,,"Dedicated","Linux","No License required",,,,"EUW3-DedicatedUsage:c7i.12xlarge","RunInstances:0004","NA","Used","false","15000 Mbps","15000 Mbps","NA","Yes",,"NA",,,,,,,,,,,,,,"Compute Optimized",,"Yes","Yes","Yes","OnDemand","96",,"SQL Std","Intel AVX; Intel AVX2; Intel AVX512; Intel Turbo; Intel AMX",,"eu-west-3",,"Amazon Elastic Compute Cloud",,,,"true"
"8W4Y7Q8AWKJ3UXTF","4NA7Y494T4","8W4Y7Q8AWKJ3UXTF.4NA7Y494T4.6YS6EN2CT7","Reserved","Linux with SQL Server Standard (Amazon VPC), c7i.12xlarge reserved instance applied","2026-10-08","0","Inf","Hrs","7.6082200000","USD",,"1yr","No Upfront","standard","Compute Instance","AmazonEC2","EU (Paris)","AWS Region","c7i.12xlarge","Yes","Compute optimized","48","Intel Xeon Scalable (Sapphire Rapids)","3.2 GHz","96 GiB","EBS only","18750 Megabit","64-bit",,,,,,,,"Dedicated","Linux","No License required",,,,"EUW3-DedicatedUsage:c7i.12xlarge","RunInstances:0004","NA","Used","false","15000 Mbps","15000 Mbps","NA","Yes",,"NA",,,,,,,,,,,,,,"Compute Optimized",,"Yes","Yes","Yes","OnDemand","96",,"SQL Std","Intel AVX; Intel AVX2; Intel AVX512; Intel Turbo; Intel AMX",,"eu-west-3",,"Amazon Elastic Compute Cloud",,,,"true"
"8W4Y7Q8AWKJ3UXTF","6QCMYABX3D","8W4Y7Q8AWKJ3UXTF.6QCMYABX3D.6YS6EN2CT7","Reserved","USD 0.0 per Linux with SQL Server Standard (Amazon VPC), c7i.12xlarge reserved instance applied","2026-10-08","0","Inf","Hrs","0.0000000000","USD",,"1yr","All Upfront","standard","Compute Instance","AmazonEC2","EU (Paris)","AWS Region","c7i.12xlarge","Yes","Compute optimized","48","Intel Xeon Scalable (Sapphire Rapids)","3.2 GHz","96 GiB","EBS only","18750 Megabit","64-bit",,,,,,,,"Dedicated","Linux","No License required",,,,"EUW3-DedicatedUsage:c7i.12xlarge","RunInstances:0004","NA","Used","false","15000 Mbps","15000 Mbps","NA","Yes",,"NA",,,,,,,,,,,,,,"Compute Optimized",,"Yes","Yes","Yes","OnDemand","96",,"SQL Std","Intel AVX; Intel AVX2; Intel AVX512; Intel Turbo; Intel AMX",,"eu-west-3",,"Amazon Elastic Compute Cloud",,,,"true"
"8W4Y7Q8AWKJ3UXTF","6QCMYABX3D","8W4Y7Q8AWKJ3UXTF.6QCMYABX3D.2TG2D8R56U","Reserved","Upfront Fee","2026-10-08",,,"Quantity","65569","USD",,"1yr","All Upfront","standard","Compute Instance","AmazonEC2","EU (Paris)","AWS Region","c7i.12xlarge","Yes","Compute optimized","48","Intel Xeon Scalable (Sapphire Rapids)","3.2 GHz","96 GiB","EBS only","18750 Megabit","64-bit",,,,,,,,"Dedicated","Linux","No License required",,,,"EUW3-DedicatedUsage:c7i.12xlarge","RunInstances:0004","NA","Used","false","15000 Mbps","15000 Mbps","NA","Yes",,"NA",,,,,,,,,,,,,,"Compute Optimized",,"Yes","Yes","Yes","OnDemand","96",,"SQL Std","Intel AVX; Intel AVX2; Intel AVX512; Intel Turbo; Intel AMX",,"eu-west-3",,"Amazon Elastic Compute Cloud",,,,"true"
"8W4Y7Q8AWKJ3UXTF","7NE97W5U4E","8W4Y7Q8AWKJ3UXTF.7NE97W5U4E.6YS6EN2CT7","Reserved","Linux with SQL Server Standard (Amazon VPC), c7i.12xlarge reserved instance applied","2026-10-08","0","Inf","Hrs","7.8934600000","USD",,"1yr","No Upfront","convertible","Compute Instance","AmazonEC2","EU (Paris)","AWS Region","c7i.12xlarge","Yes","Compute optimized","48","Intel Xeon Scalable (Sapphire Rapids)","3.2 GHz","96 GiB","EBS only","18750 Megabit","64-bit",,,,,,,,"Dedicated","Linux","No License required",,,,"EUW3-DedicatedUsage:c7i.12xlarge","RunInstances:0004","NA","Used","false","15000 Mbps","15000 Mbps","NA","Yes",,"NA",,,,,,,,,,,,,,"Compute Optimized",,"Yes","Yes","Yes","OnDemand","96",,"SQL Std","Intel AVX; Intel AVX2; Intel AVX512; Intel Turbo; Intel AMX",,"eu-west-3",,"Amazon Elastic Compute Cloud",,,,"true"
"8W4Y7Q8AWKJ3UXTF","BPH4J8HBKS","8W4Y7Q8AWKJ3UXTF.BPH4J8HBKS.6YS6EN2CT7","Reserved","Linux with SQL Server Standard (Amazon VPC), c7i.12xlarge reserved instance applied","2026-10-08","0","Inf","Hrs","7.0323400000","USD",,"3yr","No Upfront","standard","Compute Instance","AmazonEC2","EU (Paris)","AWS Region","c7i.12xlarge","Yes","Compute optimized","48","Intel Xeon Scalable (Sapphire Rapids)","3.2 GHz","96 GiB","EBS only","18750 Megabit","64-bit",,,,,,,,"Dedicated","Linux","No License required",,,,"EUW3-DedicatedUsage:c7i.12xlarge","RunInstances:0004","NA","Used","false","15000 Mbps","15000 Mbps","NA","Yes",,"NA",,,,,,,,,,,,,,"Compute Optimized",,"Yes","Yes","Yes","OnDemand","96",,"SQL Std","Intel AVX; Intel AVX2; Intel AVX512; Intel Turbo; Intel AMX",,"eu-west-3",,"Amazon Elastic Compute Cloud",,,,"true"
"8W4Y7Q8AWKJ3UXTF","CUZHX8X6JH","8W4Y7Q8AWKJ3UXTF.CUZHX8X6JH.6YS6EN2CT7","Reserved","Linux with SQL Server Standard (Amazon VPC), c7i.12xlarge reserved instance applied","2026-10-08","0","Inf","Hrs","3.8959300000","USD",,"1yr","Partial Upfront","convertible","Compute Instance","AmazonEC2","EU (Paris)","AWS Region","c7i.12xlarge","Yes","Compute optimized","48","Intel Xeon Scalable (Sapphire Rapids)","3.2 GHz","96 GiB","EBS only","18750 Megabit","64-bit",,,,,,,,"Dedicated","Linux","No License required",,,,"EUW3-DedicatedUsage:c7i.12xlarge","RunInstances:0004","NA","Used","false","15000 Mbps","15000 Mbps","NA","Yes",,"NA",,,,,,,,,,,,,,"Compute Optimized",,"Yes","Yes","Yes","OnDemand","96",,"SQL Std","Intel AVX; Intel AVX2; Intel AVX512; Intel Turbo; Intel AMX",,"eu-west-3",,"Amazon Elastic Compute Cloud",,,,"true"
"8W4Y7Q8AWKJ3UXTF","CUZHX8X6JH","8W4Y7Q8AWKJ3UXTF.CUZHX8X6JH.2TG2D8R56U","Reserved","Upfront Fee","2026-10-08",,,"Quantity","34128","USD",,"1yr","Partial Upfront","convertible","Compute Instance","AmazonEC2","EU (Paris)","AWS Region","c7i.12xlarge","Yes","Compute optimized","48","Intel Xeon Scalable (Sapphire Rapids)","3.2 GHz","96 GiB","EBS only","18750 Megabit","64-bit",,,,,,,,"Dedicated","Linux","No License required",,,,"EUW3-DedicatedUsage:c7i.12xlarge","RunInstances:0004","NA","Used","false","15000 Mbps","15000 Mbps","NA","Yes",,"NA",,,,,,,,,,,,,,"Compute Optimized",,"Yes","Yes","Yes","OnDemand","96",,"SQL Std","Intel AVX; Intel AVX2; Intel AVX512; Intel Turbo; Intel AMX",,"eu-west-3",,"Amazon Elastic Compute Cloud",,,,"true"
"8W4Y7Q8AWKJ3UXTF","HU7G6KETJZ","8W4Y7Q8AWKJ3UXTF.HU7G6KETJZ.6YS6EN2CT7","Reserved","Linux with SQL Server Standard (Amazon VPC), c7i.12xlarge reserved instance applied","2026-10-08","0","Inf","Hrs","3.7601100000","USD",,"1yr","Partial Upfront","standard","Compute Instance","AmazonEC2","EU (Paris)","AWS Region","c7i.12xlarge","Yes","Compute optimized","48","Intel Xeon Scalable (Sapphire Rapids)","3.2 GHz","96 GiB","EBS only","18750 Megabit","64-bit",,,,,,,,"Dedicated","Linux","No License required",,,,"EUW3-DedicatedUsage:c7i.12xlarge","RunInstances:0004","NA","Used","false","15000 Mbps","15000 Mbps","NA","Yes",,"NA",,,,,,,,,,,,,,"Compute Optimized",,"Yes","Yes","Yes","OnDemand","96",,"SQL Std","Intel AVX; Intel AVX2; Intel AVX512; Intel Turbo; Intel AMX",,"eu-west-3",,"Amazon Elastic Compute Cloud",,,,"true"
"8W4Y7Q8AWKJ3UXTF","HU7G6KETJZ","8W4Y7Q8AWKJ3UXTF.HU7G6KETJZ.2TG2D8R56U","Reserved","Upfront Fee","2026-10-08",,,"Quantity","32939","USD",,"1yr","Partial Upfront","standard","Compute Instance","AmazonEC2","EU (Paris)","AWS Region","c7i.12xlarge","Yes","Compute optimized","48","Intel Xeon Scalable (Sapphire Rapids)","3.2 GHz","96 GiB","EBS only","18750 Megabit","64-bit",,,,,,,,"Dedicated","Linux","No License required",,,,"EUW3-DedicatedUsage:c7i.12xlarge","RunInstances:0004","NA","Used","false","15000 Mbps","15000 Mbps","NA","Yes",,"NA",,,,,,,,,,,,,,"Compute Optimized",,"Yes","Yes","Yes","OnDemand","96",,"SQL Std","Intel AVX; Intel AVX2; Intel AVX512; Intel Turbo; Intel AMX",,"eu-west-3",,"Amazon Elastic Compute Cloud",,,,"true"
"8W4Y7Q8AWKJ3UXTF","JRTCKXETXF","8W4Y7Q8AWKJ3UXTF.JRTCKXETXF.6YS6EN2CT7","OnDemand","$8.55972 per Dedicated Linux with SQL Std c7i.12xlarge Instance Hour","2026-10-01","0","Inf","Hrs","8.5597200000","USD",,,,,"Compute Instance","AmazonEC2","EU (Paris)","AWS Region","c7i.12xlarge","Yes","Compute optimized","48","Intel Xeon Scalable (Sapphire Rapids)","3.2 GHz","96 GiB","EBS only","18750 Megabit","64-bit",,,,,,,,"Dedicated","Linux","No License required",,,,"EUW3-DedicatedUsage:c7i.12xlarge","RunInstances:0004","NA","Used","false","15000 Mbps","15000 Mbps","NA","Yes",,"NA",,,,,,,,,,,,,,"Compute Optimized",,"Yes","Yes","Yes","OnDemand","96",,"SQL Std","Intel AVX; Intel AVX2; Intel AVX512; Intel Turbo; Intel AMX",,"eu-west-3",,"Amazon Elastic Compute Cloud",,,,"true"
"8W4Y7Q8AWKJ3UXTF","MZU6U2429S","8W4Y7Q8AWKJ3UXTF.MZU6U2429S.6YS6EN2CT7","Reserved","USD 0.0 per Linux with SQL Server Standard (Amazon VPC), c7i.12xlarge reserved instance applied","2026-10-08","0","Inf","Hrs","0.0000000000","USD",,"3yr","All Upfront","convertible","Compute Instance","AmazonEC2","EU (Paris)","AWS Region","c7i.12xlarge","Yes","Compute optimized","48","Intel Xeon Scalable (Sapphire Rapids)","3.2 GHz","96 GiB","EBS only","18750 Megabit","64-bit",,,,,,,,"Dedicated","Linux","No License required",,,,"EUW3-DedicatedUsage:c7i.12xlarge","RunInstances:0004","NA","Used","false","15000 Mbps","15000 Mbps","NA","Yes",,"NA",,,,,,,,,,,,,,"Compute Optimized",,"Yes","Yes","Yes","OnDemand","96",,"SQL Std","Intel AVX; Intel AVX2; Intel AVX512; Intel Turbo; Intel AMX",,"eu-west-3",,"Amazon Elastic Compute Cloud",,,,"true"
"8W4Y7Q8AWKJ3UXTF","MZU6U2429S","8W4Y7Q8AWKJ3UXTF.MZU6U2429S.2TG2D8R56U","Reserved","Upfront Fee","2026-10-08",,,"Quantity","186212","USD",,"3yr","All Upfront","convertible","Compute Instance","AmazonEC2","EU (Paris)","AWS Region","c7i.12xlarge","Yes","Compute optimized","48","Intel Xeon Scalable (Sapphire Rapids)","3.2 GHz","96 GiB","EBS only","18750 Megabit","64-bit",,,,,,,,"Dedicated","Linux","No License required",,,,"EUW3-DedicatedUsage:c7i.12xlarge","RunInstances:0004","NA","Used","false","15000 Mbps","15000 Mbps","NA","Yes",,"NA",,,,,,,,,,,,,,"Compute Optimized",,"Yes","Yes","Yes","OnDemand","96",,"SQL Std","Intel AVX; Intel AVX2; Intel AVX512; Intel Turbo; Intel AMX",,"eu-west-3",,"Amazon Elastic Compute Cloud",,,,"true"
"8W4Y7Q8AWKJ3UXTF","NQ3QZPMQV9","8W4Y7Q8AWKJ3UXTF.NQ3QZPMQV9.6YS6EN2CT7","Reserved","USD 0.0 per Linux with SQL Server Standard (Amazon VPC), c7i.12xlarge reserved instance applied","2026-10-08","0","Inf","Hrs","0.0000000000","USD",,"3yr","All Upfront","standard","Compute Instance","AmazonEC2","EU (Paris)","AWS Region","c7i.12xlarge","Yes","Compute optimized","48","Intel Xeon Scalable (Sapphire Rapids)","3.2 GHz","96 GiB","EBS only","18750 Megabit","64-bit",,,,,,,,"Dedicated","Linux","No License required",,,,"EUW3-DedicatedUsage:c7i.12xlarge","RunInstances:0004","NA","Used","false","15000 Mbps","15000 Mbps","NA","Yes",,"NA",,,,,,,,,,,,,,"Compute Optimized",,"Yes","Yes","Yes","OnDemand","96",,"SQL Std","Intel AVX; Intel AVX2; Intel AVX512; Intel Turbo; Intel AMX",,"eu-west-3",,"Amazon Elastic Compute Cloud",,,,"true"
"8W4Y7Q8AWKJ3UXTF","NQ3QZPMQV9","8W4Y7Q8AWKJ3UXTF.NQ3QZPMQV9.2TG2D8R56U","Reserved","Upfront Fee","2026-10-08",,,"Quantity","180475","USD",,"3yr","All Upfront","standard","Compute Instance","AmazonEC2","EU (Paris)","AWS Region","c7i.12xlarge","Yes","Compute optimized","48","Intel Xeon Scalable (Sapphire Rapids)","3.2 GHz","96 GiB","EBS only","18750 Megabit","64-bit",,,,,,,,"Dedicated","Linux","No License required",,,,"EUW3-DedicatedUsage:c7i.12xlarge","RunInstances:0004","NA","Used","false","15000 Mbps","15000 Mbps","NA","Yes",,"NA",,,,,,,,,,,,,,"Compute Optimized",,"Yes","Yes","Yes","OnDemand","96",,"SQL Std","Intel AVX; Intel AVX2; Intel AVX512; Intel Turbo; Intel AMX",,"eu-west-3",,"Amazon Elastic Compute Cloud",,,,"true"
"8W4Y7Q8AWKJ3UXTF","R5XV2EPZQZ","8W4Y7Q8AWKJ3UXTF.R5XV2EPZQZ.6YS6EN2CT7","Reserved","Linux with SQL Server Standard (Amazon VPC), c7i.12xlarge reserved instance applied","2026-10-08","0","Inf","Hrs","3.5563700000","USD",,"3yr","Partial Upfront","convertible","Compute Instance","AmazonEC2","EU (Paris)","AWS Region","c7i.12xlarge","Yes","Compute optimized","48","Intel Xeon Scalable (Sapphire Rapids)","3.2 GHz","96 GiB","EBS only","18750 Megabit","64-bit",,,,,,,,"Dedicated","Linux","No License required",,,,"EUW3-DedicatedUsage:c7i.12xlarge","RunInstances:0004","NA","Used","false","15000 Mbps","15000 Mbps","NA","Yes",,"NA",,,,,,,,,,,,,,"Compute Optimized",,"Yes","Yes","Yes","OnDemand","96",,"SQL Std","Intel AVX; Intel AVX2; Intel AVX512; Intel Turbo; Intel AMX",,"eu-west-3",,"Amazon Elastic Compute Cloud",,,,"true"
"8W4Y7Q8AWKJ3UXTF","R5XV2EPZQZ","8W4Y7Q8AWKJ3UXTF.R5XV2EPZQZ.2TG2D8R56U","Reserved","Upfront Fee","2026-10-08",,,"Quantity","93461","USD",,"3yr","Partial Upfront","convertible","Compute Instance","AmazonEC2","EU (Paris)","AWS Region","c7i.12xlarge","Yes","Compute optimized","48","Intel Xeon Scalable (Sapphire Rapids)","3.2 GHz","96 GiB","EBS only","18750 Megabit","64-bit",,,,,,,,"Dedicated","Linux","No License required",,,,"EUW3-DedicatedUsage:c7i.12xlarge","RunInstances:0004","NA","Used","false","15000 Mbps","15000 Mbps","NA","Yes",,"NA",,,,,,,,,,,,,,"Compute Optimized",,"Yes","Yes","Yes","OnDemand","96",,"SQL Std","Intel AVX; Intel AVX2; Intel AVX512; Intel Turbo; Intel AMX",,"eu-west-3",,"Amazon Elastic Compute Cloud",,,,"true"
"8W4Y7Q8AWKJ3UXTF","VJWZNREJX2","8W4Y7Q8AWKJ3UXTF.VJWZNREJX2.6YS6EN2CT7","Reserved","USD 0.0 per Linux with SQL Server Standard (Amazon VPC), c7i.12xlarge reserved instance applied","2026-10-08","0","Inf","Hrs","0.0000000000","USD",,"1yr","All Upfront","convertible","Compute Instance","AmazonEC2","EU (Paris)","AWS Region","c7i.12xlarge","Yes","Compute optimized","48","Intel Xeon Scalable (Sapphire Rapids)","3.2 GHz","96 GiB","EBS only","18750 Megabit","64-bit",,,,,,,,"Dedicated","Linux","No License required",,,,"EUW3-DedicatedUsage:c7i.12xlarge","RunInstances:0004","NA","Used","false","15000 Mbps","15000 Mbps","NA","Yes",,"NA",,,,,,,,,,,,,,"Compute Optimized",,"Yes","Yes","Yes","OnDemand","96",,"SQL Std","Intel AVX; Intel AVX2; Intel AVX512; Intel Turbo; Intel AMX",,"eu-west-3",,"Amazon Elastic Compute Cloud",,,,"true"
"8W4Y7Q8AWKJ3UXTF","VJWZNREJX2","8W4Y7Q8AWKJ3UXTF.VJWZNREJX2.2TG2D8R56U","Reserved","Upfront Fee","2026-10-08",,,"Quantity","67901","USD",,"1yr","All Upfront","convertible","Compute Instance","AmazonEC2","EU (Paris)","AWS Region","c7i.12xlarge","Yes","Compute optimized","48","Intel Xeon Scalable (Sapphire Rapids)","3.2 GHz","96 GiB","EBS only","18750 Megabit","64-bit",,,,,,,,"Dedicated","Linux","No License required",,,,"EUW3-DedicatedUsage:c7i.12xlarge","RunInstances:0004","NA","Used","false","15000 Mbps","15000 Mbps","NA","Yes",,"NA",,,,,,,,,,,,,,"Compute Optimized",,"Yes","Yes","Yes","OnDemand","96",,"SQL Std","Intel AVX; Intel AVX2; Intel AVX512; Intel Turbo; Intel AMX",,"eu-west-3",,"Amazon Elastic Compute Cloud",,,,"true"
"8W4Y7Q8AWKJ3UXTF","Z2E3P23VKM","8W4Y7Q8AWKJ3UXTF.Z2E3P23VKM.6YS6EN2CT7","Reserved","Linux with SQL Server Standard (Amazon VPC), c7i.12xlarge reserved instance applied","2026-10-08","0","Inf","Hrs","7.2209600000","USD",,"3yr","No Upfront","convertible","Compute Instance","AmazonEC2","EU (Paris)","AWS Region","c7i.12xlarge","Yes","Compute optimized","48","Intel Xeon Scalable (Sapphire Rapids)","3.2 GHz","96 GiB","EBS only","18750 Megabit","64-bit",,,,,,,,"Dedicated","Linux","No License required",,,,"EUW3-DedicatedUsage:c7i.12xlarge","RunInstances:0004","NA","Used","false","15000 Mbps","15000 Mbps","NA","Yes",,"NA",,,,,,,,,,,,,,"Compute Optimized",,"Yes","Yes","Yes","OnDemand","96",,"SQL Std","Intel AVX; Intel AVX2; Intel AVX512; Intel Turbo; Intel AMX",,"eu-west-3",,"Amazon Elastic Compute Cloud",,,,"true"
"93MGP84W2FJTQ925","JRTCKXETXF","93MGP84W2FJTQ925.JRTCKXETXF.6YS6EN2CT7","OnDemand","$2.6724 per On Demand Windows with SQL Web without licenses c8i.12xlarge Instance Hour","2026-10-01","0","Inf","Hrs","2.6724000000","USD",,,,,"Compute Instance","AmazonEC2","EU (Paris)","AWS Region","c8i.12xlarge","Yes","Compute optimized","48","Intel Xeon Scalable (Granite Rapids)","3.9 GHz","96 GiB","EBS only","22500 Megabit","64-bit",,,,,,,,"Shared","Windows","License Included - Infrastructure",,,,"EUW3-BoxUsage:c8i.12xlarge","RunInstances:0202:box","NA","Used","false","15000 Mbps","15000 Mbps","NA","Yes",,"NA",,,,,,,,,,,,,,"Compute Optimized",,"Yes","Yes","Yes","OnDemand","96",,"SQL Web","Intel AVX; Intel AVX2; Intel AVX512; Intel Turbo; Intel AMX",,"eu-west-3",,"Amazon Elastic Compute Cloud",,,,"true"
"95MBX399NSXU884B","JRTCKXETXF","95MBX399NSXU884B.JRTCKXETXF.6YS6EN2CT7","OnDemand","$0.00 per Linux with SQL Std c8i.12xlarge Dedicated Host Instance hour","2026-10-01","0","Inf","Hrs","0.0000000000","USD",,,,,"Compute Instance","AmazonEC2","EU (Paris)","AWS Region","c8i.12xlarge","Yes","Compute optimized","48","Intel Xeon Scalable (Granite Rapids)","3.9 GHz","96 GiB","EBS only","22500 Megabit","64-bit",,,,,,,,"Host","Linux","No License required",,,,"EUW3-HostBoxUsage:c8i.12xlarge","RunInstances:0004","NA","Used","false","15000 Mbps","15000 Mbps","NA","Yes",,"NA",,,,,,,,,,,,,,"Compute Optimized",,"Yes","Yes","Yes","OnDemand","96",,"SQL Std","Intel AVX; Intel AVX2; Intel AVX512; Intel Turbo; Intel AMX",,"eu-west-3",,"Amazon Elastic Compute Cloud",,,,"true"
"96YYMEWVVHM6SPFW","JRTCKXETXF","96YYMEWVVHM6SPFW.JRTCKXETXF.6YS6EN2CT7","OnDemand","$20.93964 per Dedicated Linux with SQL Server Enterprise c8i.12xlarge Instance Hour","2026-10-01","0","Inf","Hrs","20.9396400000","USD",,,,,"Compute Instance","AmazonEC2","EU (Paris)","AWS Region","c8i.12xlarge","Yes","Compute optimized","48","Intel Xeon Scalable (Granite Rapids)","3.9 GHz","96 GiB","EBS only","22500 Megabit","64-bit",,,,,,,,"Dedicated","Linux","No License required",,,,"EUW3-DedicatedUsage:c8i.12xlarge","RunInstances:0100","NA","Used","false","15000 Mbps","15000 Mbps","NA","Yes",,"NA",,,,,,,,,,,,,,"Compute Optimized",,"Yes","Yes","Yes","OnDemand","96",,"SQL Ent","Intel AVX; Intel AVX2; Intel AVX512; Intel Turbo; Intel AMX",,"eu-west-3",,"Amazon Elastic Compute Cloud",,,,"true"
"993BJJ27JZCDBTVQ","JRTCKXETXF","993BJJ27JZCDBTVQ.JRTCKXETXF.6YS6EN2CT7","OnDemand","$0.00 per Reservation Windows BYOL c8i.12xlarge Instance Hour","2026-10-01","0","Inf","Hrs","0.0000000000","USD",,,,,"Compute Instance","AmazonEC2","EU (Paris)","AWS Region","c8i.12xlarge","Yes","Compute optimized","48","Intel Xeon Scalable (Granite Rapids)","3.9 GHz","96 GiB","EBS only","22500 Megabit","64-bit",,,,,,,,"Shared","Windows","Bring your own license",,,,"EUW3-Reservation:c8i.12xlarge","RunInstances:0800","NA","AllocatedCapacityReservation","false","15000 Mbps","15000 Mbps","NA","Yes",,"NA",,,,,,,,,,,,,,"Compute Optimized","XMH8ZHTZZFRTXCHG","Yes","Yes","Yes","OnDemand","96",,"NA","Intel AVX; Intel AVX2; Intel AVX512; Intel Turbo; Intel AMX",,"eu-west-3",,"Amazon Elastic Compute Cloud",,,,"true"
"99C4Q4BDAJUXWMWJ","JRTCKXETXF","99C4Q4BDAJUXWMWJ.JRTCKXETXF.6YS6EN2CT7","OnDemand","$2.5452 per Unused Reservation Windows BYOL c7i.12xlarge Instance Hour","2026-10-01","0","Inf","Hrs","2.5452000000","USD",,,,,"Compute Instance","AmazonEC2","EU (Paris)","AWS Region","c7i.12xlarge","Yes","Compute optimized","48","Intel Xeon Scalable (Sapphire Rapids)","3.2 GHz","96 GiB","EBS only","18750 Megabit","64-bit",,,,,,,,"Shared","Windows","Bring your own license",,,,"EUW3-UnusedBox:c7i.12xlarge","RunInstances:0800","NA","UnusedCapacityReservation","false","15000 Mbps","15000 Mbps","NA","Yes",,"NA",,,,,,,,,,,,,,"Compute Optimized","2Y3AQ2MRN5UFTGJ5","Yes","Yes","Yes","OnDemand","96",,"NA","Intel AVX; Intel AVX2; Intel AVX512; Intel Turbo; Intel AMX",,"eu-west-3",,"Amazon Elastic Compute Cloud",,,,"true"
"9BD4TR6GUKMDPF3N","JRTCKXETXF","9BD4TR6GUKMDPF3N.JRTCKXETXF.6YS6EN2CT7","OnDemand","$8.4324 per On Demand Linux with SQL Std c8i.12xlarge Instance Hour","2026-10-01","0","Inf","Hrs","8.4324000000","USD",,,,,"Compute Instance","AmazonEC2","EU (Paris)","AWS Region","c8i.12xlarge","Yes","Compute optimized","48","Intel Xeon Scalable (Granite Rapids)","3.9 GHz","96 GiB","EBS only","22500 Megabit","64-bit",,,,,,,,"Shared","Linux","No License required",,,,"EUW3-BoxUsage:c8i.12xlarge","RunInstances:0004","NA","Used","false","15000 Mbps","15000 Mbps","NA","Yes",,"NA",,,,,,,,,,,,,,"Compute Optimized",,"Yes","Yes","Yes","OnDemand","96",,"SQL Std","Intel AVX; Intel AVX2; Intel AVX512; Intel Turbo; Intel AMX",,"eu-west-3",,"Amazon Elastic Compute Cloud",,,,"true"
"9FVEB9KJSPQAMARP","38NPMPTW36","9FVEB9KJSPQAMARP.38NPMPTW36.6YS6EN2CT7","Reserved","Linux with SQL Server Web (Amazon VPC), c7i.12xlarge reserved instance applied","2026-10-08","0","Inf","Hrs","0.9946500000","USD",,"3yr","Partial Upfront","standard","Compute Instance","AmazonEC2","EU (Paris)","AWS Region","c7i.12xlarge","Yes","Compute optimized","48","Intel Xeon Scalable (Sapphire Rapids)","3.2 GHz","96 GiB","EBS only","18750 Megabit","64-bit",,,,,,,,"Dedicated","Linux","No License required",,,,"EUW3-DedicatedUsage:c7i.12xlarge","RunInstances:0200","NA","Used","false","15000 Mbps","15000 Mbps","NA","Yes",,"NA",,,,,,,,,,,,,,"Compute Optimized",,"Yes","Yes","Yes","OnDemand","96",,"SQL Web","Intel AVX; Intel AVX2; Intel AVX512; Intel Turbo; Intel AMX",,"eu-west-3",,"Amazon Elastic Compute Cloud",,,,"true"
"9FVEB9KJSPQAMARP","38NPMPTW36","9FVEB9KJSPQAMARP.38NPMPTW36.2TG2D8R56U","Reserved","Upfront Fee","2026-10-08",,,"Quantity","26139","USD",,"3yr","Partial Upfront","standard","Compute Instance","AmazonEC2","EU (Paris)","AWS Region","c7i.12xlarge","Yes","Compute optimized","48","Intel Xeon Scalable (Sapphire Rapids)","3.2 GHz","96 GiB","EBS only","18750 Megabit","64-bit",,,,,,,,"Dedicated","Linux","No License required",,,,"EUW3-DedicatedUsage:c7i.12xlarge","RunInstances:0200","NA","Used","false","15000 Mbps","15000 Mbps","NA","Yes",,"NA",,,,,,,,,,,,,,"Compute Optimized",,"Yes","Yes","Yes","OnDemand","96",,"SQL Web","Intel AVX; Intel AVX2; Intel AVX512; Intel Turbo; Intel AMX",,"eu-west-3",,"Amazon Elastic Compute Cloud",,,,"true"
"9FVEB9KJSPQAMARP","4NA7Y494T4","9FVEB9KJSPQAMARP.4NA7Y494T4.6YS6EN2CT7","Reserved","Linux with SQL Server Web (Amazon VPC), c7i.12xlarge reserved instance applied","2026-10-08","0","Inf","Hrs","2.6594200000","USD",,"1yr","No Upfront","standard","Compute Instance","AmazonEC2","EU (Paris)","AWS Region","c7i.12xlarge","Yes","Compute optimized","48","Intel Xeon Scalable (Sapphire Rapids)","3.2 GHz","96 GiB","EBS only","18750 Megabit","64-bit",,,,,,,,"Dedicated","Linux","No License required",,,,"EUW3-DedicatedUsage:c7i.12xlarge","RunInstances:0200","NA","Used","false","15000 Mbps","15000 Mbps","NA","Yes",,"NA",,,,,,,,,,,,,,"Compute Optimized",,"Yes","Yes","Yes","OnDemand","96",,"SQL Web","Intel AVX; Intel AVX2; Intel AVX512; Intel Turbo; Intel AMX",,"eu-west-3",,"Amazon Elastic Compute Cloud",,,,"true"
"9FVEB9KJSPQAMARP","6QCMYABX3D","9FVEB9KJSPQAMARP.6QCMYABX3D.6YS6EN2CT7","Reserved","USD 0.0 per Linux with SQL Server Web (Amazon VPC), c7i.12xlarge reserved instance applied","2026-10-08","0","Inf","Hrs","0.0000000000","USD",,"1yr","All Upfront","standard","Compute Instance","AmazonEC2","EU (Paris)","AWS Region","c7i.12xlarge","Yes","Compute optimized","48","Intel Xeon Scalable (Sapphire Rapids)","3.2 GHz","96 GiB","EBS only","18750 Megabit","64-bit",,,,,,,,"Dedicated","Linux","No License required",,,,"EUW3-DedicatedUsage:c7i.12xlarge","RunInstances:0200","NA","Used","false","15000 Mbps","15000 Mbps","NA","Yes",,"NA",,,,,,,,,,,,,,"Compute Optimized",,"Yes","Yes","Yes","OnDemand","96",,"SQL Web","Intel AVX; Intel AVX2; Intel AVX512; Intel Turbo; Intel AMX",,"eu-west-3",,"Amazon Elastic Compute Cloud",,,,"true"
"9FVEB9KJSPQAMARP","6QCMYABX3D","9FVEB9KJSPQAMARP.6QCMYABX3D.2TG2D8R56U","Reserved","Upfront Fee","2026-10-08",,,"Quantity","22217","USD",,"1yr","All Upfront","standard","Compute Instance","AmazonEC2","EU (Paris)","AWS Region","c7i.12xlarge","Yes","Compute optimized","48","Intel Xeon Scalable (Sapphire Rapids)","3.2 GHz","96 GiB","EBS only","18750 Megabit","64-bit",,,,,,,,"Dedicated","Linux","No License required",,,,"EUW3-DedicatedUsage:c7i.12xlarge","RunInstances:0200","NA","Used","false","15000 Mbps","15000 Mbps","NA","Yes",,"NA",,,,,,,,,,,,,,"Compute Optimized",,"Yes","Yes","Yes","OnDemand","96",,"SQL Web","Intel AVX; Intel AVX2; Intel AVX512; Intel Turbo; Intel AMX",,"eu-west-3",,"Amazon Elastic Compute Cloud",,,,"true"
"9FVEB9KJSPQAMARP","7NE97W5U4E","9FVEB9KJSPQAMARP.7NE97W5U4E.6YS6EN2CT7","Reserved","Linux with SQL Server Web (Amazon VPC), c7i.12xlarge reserved instance applied","2026-10-08","0","Inf","Hrs","2.9446600000","USD",,"1yr","No Upfront","convertible","Compute Instance","AmazonEC2","EU (Paris)","AWS Region","c7i.12xlarge","Yes","Compute optimized","48","Intel Xeon Scalable (Sapphire Rapids)","3.2 GHz","96 GiB","EBS only","18750 Megabit","64-bit",,,,,,,,"Dedicated","Linux","No License required",,,,"EUW3-DedicatedUsage:c7i.12xlarge","RunInstances:0200","NA","Used","false","15000 Mbps","15000 Mbps","NA","Yes",,"NA",,,,,,,,,,,,,,"Compute Optimized",,"Yes","Yes","Yes","OnDemand","96",,"SQL Web","Intel AVX; Intel AVX2; Intel AVX512; Intel Turbo; Intel AMX",,"eu-west-3",,"Amazon Elastic Compute Cloud",,,,"true"
"9FVEB9KJSPQAMARP","BPH4J8HBKS","9FVEB9KJSPQAMARP.BPH4J8HBKS.6YS6EN2CT7","Reserved","Linux with SQL Server Web (Amazon VPC), c7i.12xlarge reserved instance applied","2026-10-08","0","Inf","Hrs","2.0835400000","USD",,"3yr","No Upfront","standard","Compute Instance","AmazonEC2","EU (Paris)","AWS Region","c7i.12xlarge","Yes","Compute optimized","48","Intel Xeon Scalable (Sapphire Rapids)","3.2 GHz","96 GiB","EBS only","18750 Megabit","64-bit",,,,,,,,"Dedicated","Linux","No License required",,,,"EUW3-DedicatedUsage:c7i.12xlarge","RunInstances:0200","NA","Used","false","15000 Mbps","15000 Mbps","NA","Yes",,"NA",,,,,,,,,,,,,,"Compute Optimized",,"Yes","Yes","Yes","OnDemand","96",,"SQL Web","Intel AVX; Intel AVX2; Intel AVX512; Intel Turbo; Intel AMX",,"eu-west-3",,"Amazon Elastic Compute Cloud",,,,"true"
"9FVEB9KJSPQAMARP","CUZHX8X6JH","9FVEB9KJSPQAMARP.CUZHX8X6JH.6YS6EN2CT7","Reserved","Linux with SQL Server Web (Amazon VPC), c7i.12xlarge reserved instance applied","2026-10-08","0","Inf","Hrs","1.4215300000","USD",,"1yr","Partial Upfront","convertible","Compute Instance","AmazonEC2","EU (Paris)","AWS Region","c7i.12xlarge","Yes","Compute optimized","48","Intel Xeon Scalable (Sapphire Rapids)","3.2 GHz","96 GiB","EBS only","18750 Megabit","64-bit",,,,,,,,"Dedicated","Linux","No License required",,,,"EUW3-DedicatedUsage:c7i.12xlarge","RunInstances:0200","NA","Used","false","15000 Mbps","15000 Mbps","NA","Yes",,"NA",,,,,,,,,,,,,,"Compute Optimized",,"Yes","Yes","Yes","OnDemand","96",,"SQL Web","Intel AVX; Intel AVX2; Intel AVX512; Intel Turbo; Intel AMX",,"eu-west-3",,"Amazon Elastic Compute Cloud",,,,"true"
"9FVEB9KJSPQAMARP","CUZHX8X6JH","9FVEB9KJSPQAMARP.CUZHX8X6JH.2TG2D8R56U","Reserved","Upfront Fee","2026-10-08",,,"Quantity","12453","USD",,"1yr","Partial Upfront","convertible","Compute Instance","AmazonEC2","EU (Paris)","AWS Region","c7i.12xlarge","Yes","Compute optimized","48","Intel Xeon Scalable (Sapphire Rapids)","3.2 GHz","96 GiB","EBS only","18750 Megabit","64-bit",,,,,,,,"Dedicated","Linux","No License required",,,,"EUW3-DedicatedUsage:c7i.12xlarge","RunInstances:0200","NA","Used","false","15000 Mbps","15000 Mbps","NA","Yes",,"NA",,,,,,,,,,,,,,"Compute Optimized",,"Yes","Yes","Yes","OnDemand","96",,"SQL Web","Intel AVX; Intel AVX2; Intel AVX512; Intel Turbo; Intel AMX",,"eu-west-3",,"Amazon Elastic Compute Cloud",,,,"true"
"9FVEB9KJSPQAMARP","HU7G6KETJZ","9FVEB9KJSPQAMARP.HU7G6KETJZ.6YS6EN2CT7","Reserved","Linux with SQL Server Web (Amazon VPC), c7i.12xlarge reserved instance applied","2026-10-08","0","Inf","Hrs","1.2857100000","USD",,"1yr","Partial Upfront","standard","Compute Instance","AmazonEC2","EU (Paris)","AWS Region","c7i.12xlarge","Yes","Compute optimized","48","Intel Xeon Scalable (Sapphire Rapids)","3.2 GHz","96 GiB","EBS only","18750 Megabit","64-bit",,,,,,,,"Dedicated","Linux","No License required",,,,"EUW3-DedicatedUsage:c7i.12xlarge","RunInstances:0200","NA","Used","false","15000 Mbps","15000 Mbps","NA","Yes",,"NA",,,,,,,,,,,,,,"Compute Optimized",,"Yes","Yes","Yes","OnDemand","96",,"SQL Web","Intel AVX; Intel AVX2; Intel AVX512; Intel Turbo; Intel AMX",,"eu-west-3",,"Amazon Elastic Compute Cloud",,,,"true"
"9FVEB9KJSPQAMARP","HU7G6KETJZ","9FVEB9KJSPQAMARP.HU7G6KETJZ.2TG2D8R56U","Reserved","Upfront Fee","2026-10-08",,,"Quantity","11263","USD",,"1yr","Partial Upfront","standard","Compute Instance","AmazonEC2","EU (Paris)","AWS Region","c7i.12xlarge","Yes","Compute optimized","48","Intel Xeon Scalable (Sapphire Rapids)","3.2 GHz","96 GiB","EBS only","18750 Megabit","64-bit",,,,,,,,"Dedicated","Linux","No License required",,,,"EUW3-DedicatedUsage:c7i.12xlarge","RunInstances:0200","NA","Used","false","15000 Mbps","15000 Mbps","NA","Yes",,"NA",,,,,,,,,,,,,,"Compute Optimized",,"Yes","Yes","Yes","OnDemand","96",,"SQL Web","Intel AVX; Intel AVX2; Intel AVX512; Intel Turbo; Intel AMX",,"eu-west-3",,"Amazon Elastic Compute Cloud",,,,"true"
"9FVEB9KJSPQAMARP","JRTCKXETXF","9FVEB9KJSPQAMARP.JRTCKXETXF.6YS6EN2CT7","OnDemand","$3.61092 per Dedicated Linux with SQL Web c7i.12xlarge Instance Hour","2026-10-01","0","Inf","Hrs","3.6109200000","USD",,,,,"Compute Instance","AmazonEC2","EU (Paris)","AWS Region","c7i.12xlarge","Yes","Compute optimized","48","Intel Xeon Scalable (Sapphire Rapids)","3.2 GHz","96 GiB","EBS only","18750 Megabit","64-bit",,,,,,,,"Dedicated","Linux","No License required",,,,"EUW3-DedicatedUsage:c7i.12xlarge","RunInstances:0200","NA","Used","false","15000 Mbps","15000 Mbps","NA","Yes",,"NA",,,,,,,,,,,,,,"Compute Optimized",,"Yes","Yes","Yes","OnDemand","96",,"SQL Web","Intel AVX; Intel AVX2; Intel AVX512; Intel Turbo; Intel AMX",,"eu-west-3",,"Amazon Elastic Compute Cloud",,,,"true"
"9FVEB9KJSPQAMARP","MZU6U2429S","9FVEB9KJSPQAMARP.MZU6U2429S.6YS6EN2CT7","Reserved","USD 0.0 per Linux with SQL Server Web (Amazon VPC), c7i.12xlarge reserved instance applied","2026-10-08","0","Inf","Hrs","0.0000000000","USD",,"3yr","All Upfront","convertible","Compute Instance","AmazonEC2","EU (Paris)","AWS Region","c7i.12xlarge","Yes","Compute optimized","48","Intel Xeon Scalable (Sapphire Rapids)","3.2 GHz","96 GiB","EBS only","18750 Megabit","64-bit",,,,,,,,"Dedicated","Linux","No License required",,,,"EUW3-DedicatedUsage:c7i.12xlarge","RunInstances:0200","NA","Used","false","15000 Mbps","15000 Mbps","NA","Yes",,"NA",,,,,,,,,,,,,,"Compute Optimized",,"Yes","Yes","Yes","OnDemand","96",,"SQL Web","Intel AVX; Intel AVX2; Intel AVX512; Intel Turbo; Intel AMX",,"eu-west-3",,"Amazon Elastic Compute Cloud",,,,"true"
"9FVEB9KJSPQAMARP","MZU6U2429S","9FVEB9KJSPQAMARP.MZU6U2429S.2TG2D8R56U","Reserved","Upfront Fee","2026-10-08",,,"Quantity","56157","USD",,"3yr","All Upfront","convertible","Compute Instance","AmazonEC2","EU (Paris)","AWS Region","c7i.12xlarge","Yes","Compute optimized","48","Intel Xeon Scalable (Sapphire Rapids)","3.2 GHz","96 GiB","EBS only","18750 Megabit","64-bit",,,,,,,,"Dedicated","Linux","No License required",,,,"EUW3-DedicatedUsage:c7i.12xlarge","RunInstances:0200","NA","Used","false","15000 Mbps","15000 Mbps","NA","Yes",,"NA",,,,,,,,,,,,,,"Compute Optimized",,"Yes","Yes","Yes","OnDemand","96",,"SQL Web","Intel AVX; Intel AVX2; Intel AVX512; Intel Turbo; Intel AMX",,"eu-west-3",,"Amazon Elastic Compute Cloud",,,,"true"
"9FVEB9KJSPQAMARP","NQ3QZPMQV9","9FVEB9KJSPQAMARP.NQ3QZPMQV9.6YS6EN2CT7","Reserved","USD 0.0 per Linux with SQL Server Web (Amazon VPC), c7i.12xlarge reserved instance applied","2026-10-08","0","Inf","Hrs","0.0000000000","USD",,"3yr","All Upfront","standard","Compute Instance","AmazonEC2","EU (Paris)","AWS Region","c7i.12xlarge","Yes","Compute optimized","48","Intel Xeon Scalable (Sapphire Rapids)","3.2 GHz","96 GiB","EBS only","18750 Megabit","64-bit",,,,,,,,"Dedicated","Linux","No License required",,,,"EUW3-DedicatedUsage:c7i.12xlarge","RunInstances:0200","NA","Used","false","15000 Mbps","15000 Mbps","NA","Yes",,"NA",,,,,,,,,,,,,,"Compute Optimized",,"Yes","Yes","Yes","OnDemand","96",,"SQL Web","Intel AVX; Intel AVX2; Intel AVX512; Intel Turbo; Intel AMX",,"eu-west-3",,"Amazon Elastic Compute Cloud",,,,"true"
"9FVEB9KJSPQAMARP","NQ3QZPMQV9","9FVEB9KJSPQAMARP.NQ3QZPMQV9.2TG2D8R56U","Reserved","Upfront Fee","2026-10-08",,,"Quantity","50421","USD",,"3yr","All Upfront","standard","Compute Instance","AmazonEC2","EU (Paris)","AWS Region","c7i.12xlarge","Yes","Compute optimized","48","Intel Xeon Scalable (Sapphire Rapids)","3.2 GHz","96 GiB","EBS only","18750 Megabit","64-bit",,,,,,,,"Dedicated","Linux","No License required",,,,"EUW3-DedicatedUsage:c7i.12xlarge","RunInstances:0200","NA","Used","false","15000 Mbps","15000 Mbps","NA","Yes",,"NA",,,,,,,,,,,,,,"Compute Optimized",,"Yes","Yes","Yes","OnDemand","96",,"SQL Web","Intel AVX; Intel AVX2; Intel AVX512; Intel Turbo; Intel AMX",,"eu-west-3",,"Amazon Elastic Compute Cloud",,,,"true"
"9FVEB9KJSPQAMARP","R5XV2EPZQZ","9FVEB9KJSPQAMARP.R5XV2EPZQZ.6YS6EN2CT7","Reserved","Linux with SQL Server Web (Amazon VPC), c7i.12xlarge reserved instance applied","2026-10-08","0","Inf","Hrs","1.0819700000","USD",,"3yr","Partial Upfront","convertible","Compute Instance","AmazonEC2","EU (Paris)","AWS Region","c7i.12xlarge","Yes","Compute optimized","48","Intel Xeon Scalable (Sapphire Rapids)","3.2 GHz","96 GiB","EBS only","18750 Megabit","64-bit",,,,,,,,"Dedicated","Linux","No License required",,,,"EUW3-DedicatedUsage:c7i.12xlarge","RunInstances:0200","NA","Used","false","15000 Mbps","15000 Mbps","NA","Yes",,"NA",,,,,,,,,,,,,,"Compute Optimized",,"Yes","Yes","Yes","OnDemand","96",,"SQL Web","Intel AVX; Intel AVX2; Intel AVX512; Intel Turbo; Intel AMX",,"eu-west-3",,"Amazon Elastic Compute Cloud",,,,"true"
"9FVEB9KJSPQAMARP","R5XV2EPZQZ","9FVEB9KJSPQAMARP.R5XV2EPZQZ.2TG2D8R56U","Reserved","Upfront Fee","2026-10-08",,,"Quantity","28434","USD",,"3yr","Partial Upfront","convertible","Compute Instance","AmazonEC2","EU (Paris)","AWS Region","c7i.12xlarge","Yes","Compute optimized","48","Intel Xeon Scalable (Sapphire Rapids)","3.2 GHz","96 GiB","EBS only","18750 Megabit","64-bit",,,,,,,,"Dedicated","Linux","No License required",,,,"EUW3-DedicatedUsage:c7i.12xlarge","RunInstances:0200","NA","Used","false","15000 Mbps","15000 Mbps","NA","Yes",,"NA",,,,,,,,,,,,,,"Compute Optimized",,"Yes","Yes","Yes","OnDemand","96",,"SQL Web","Intel AVX; Intel AVX2; Intel AVX512; Intel Turbo; Intel AMX",,"eu-west-3",,"Amazon Elastic Compute Cloud",,,,"true"
"9FVEB9KJSPQAMARP","VJWZNREJX2","9FVEB9KJSPQAMARP.VJWZNREJX2.6YS6EN2CT7","Reserved","USD 0.0 per Linux with SQL Server Web (Amazon VPC), c7i.12xlarge reserved instance applied","2026-10-08","0","Inf","Hrs","0.0000000000","USD",,"1yr","All Upfront","convertible","Compute Instance","AmazonEC2","EU (Paris)","AWS Region","c7i.12xlarge","Yes","Compute optimized","48","Intel Xeon Scalable (Sapphire Rapids)","3.2 GHz","96 GiB","EBS only","18750 Megabit","64-bit",,,,,,,,"Dedicated","Linux","No License required",,,,"EUW3-DedicatedUsage:c7i.12xlarge","RunInstances:0200","NA","Used","false","15000 Mbps","15000 Mbps","NA","Yes",,"NA",,,,,,,,,,,,,,"Compute Optimized",,"Yes","Yes","Yes","OnDemand","96",,"SQL Web","Intel AVX; Intel AVX2; Intel AVX512; Intel Turbo; Intel AMX",,"eu-west-3",,"Amazon Elastic Compute Cloud",,,,"true"
"9FVEB9KJSPQAMARP","VJWZNREJX2","9FVEB9KJSPQAMARP.VJWZNREJX2.2TG2D8R56U","Reserved","Upfront Fee","2026-10-08",,,"Quantity","24549","USD",,"1yr","All Upfront","convertible","Compute Instance","AmazonEC2","EU (Paris)","AWS Region","c7i.12xlarge","Yes","Compute optimized","48","Intel Xeon Scalable (Sapphire Rapids)","3.2 GHz","96 GiB","EBS only","18750 Megabit","64-bit",,,,,,,,"Dedicated","Linux","No License required",,,,"EUW3-DedicatedUsage:c7i.12xlarge","RunInstances:0200","NA","Used","false","15000 Mbps","15000 Mbps","NA","Yes",,"NA",,,,,,,,,,,,,,"Compute Optimized",,"Yes","Yes","Yes","OnDemand","96",,"SQL Web","Intel AVX; Intel AVX2; Intel AVX512; Intel Turbo; Intel AMX",,"eu-west-3",,"Amazon Elastic Compute Cloud",,,,"true"
"9FVEB9KJSPQAMARP","Z2E3P23VKM","9FVEB9KJSPQAMARP.Z2E3P23VKM.6YS6EN2CT7","Reserved","Linux with SQL Server Web (Amazon VPC), c7i.12xlarge reserved instance applied","2026-10-08","0","Inf","Hrs","2.2721600000","USD",,"3yr","No Upfront","convertible","Compute Instance","AmazonEC2","EU (Paris)","AWS Region","c7i.12xlarge","Yes","Compute optimized","48","Intel Xeon Scalable (Sapphire Rapids)","3.2 GHz","96 GiB","EBS only","18750 Megabit","64-bit",,,,,,,,"Dedicated","Linux","No License required",,,,"EUW3-DedicatedUsage:c7i.12xlarge","RunInstances:0200","NA","Used","false","15000 Mbps","15000 Mbps","NA","Yes",,"NA",,,,,,,,,,,,,,"Compute Optimized",,"Yes","Yes","Yes","OnDemand","96",,"SQL Web","Intel AVX; Intel AVX2; Intel AVX512; Intel Turbo; Intel AMX",,"eu-west-3",,"Amazon Elastic Compute Cloud",,,,"true"
"9HZRV3CFK7WDFCA2","JRTCKXETXF","9HZRV3CFK7WDFCA2.JRTCKXETXF.6YS6EN2CT7","OnDemand","$0.00 per Dedicated Reservation RHEL with HA and SQL Enterprise c8i.12xlarge Instance Hour","2026-10-01","0","Inf","Hrs","0.0000000000","USD",,,,,"Compute Instance","AmazonEC2","EU (Paris)","AWS Region","c8i.12xlarge","Yes","Compute optimized","48","Intel Xeon Scalable (Granite Rapids)","3.9 GHz","96 GiB","EBS only","22500 Megabit","64-bit",,,,,,,,"Dedicated","Red Hat Enterprise Linux with HA","No License required",,,,"EUW3-DedicatedRes:c8i.12xlarge","RunInstances:1110","NA","AllocatedCapacityReservation","false","15000 Mbps","15000 Mbps","NA","Yes",,"NA",,,,,,,,,,,,,,"Compute Optimized","DJ3HH29QEDC89PWU","Yes","Yes","Yes","OnDemand","96",,"SQL Ent","Intel AVX; Intel AVX2; Intel AVX512; Intel Turbo; Intel AMX",,"eu-west-3",,"Amazon Elastic Compute Cloud",,,,"true"
"9JUZ9B7A68HTHWFK","JRTCKXETXF","9JUZ9B7A68HTHWFK.JRTCKXETXF.6YS6EN2CT7","OnDemand","$0.00 per Dedicated Reservation RHEL with HA and SQL Standard c8i.12xlarge Instance Hour","2026-10-01","0","Inf","Hrs","0.0000000000","USD",,,,,"Compute Instance","AmazonEC2","EU (Paris)","AWS Region","c8i.12xlarge","Yes","Compute optimized","48","Intel Xeon Scalable (Granite Rapids)","3.9 GHz","96 GiB","EBS only","22500 Megabit","64-bit",,,,,,,,"Dedicated","Red Hat Enterprise Linux with HA","No License required",,,,"EUW3-DedicatedRes:c8i.12xlarge","RunInstances:1014","NA","AllocatedCapacityReservation","false","15000 Mbps","15000 Mbps","NA","Yes",,"NA",,,,,,,,,,,,,,"Compute Optimized","PY48M5YMHBEK7BRR","Yes","Yes","Yes","OnDemand","96",,"SQL Std","Intel AVX; Intel AVX2; Intel AVX512; Intel Turbo; Intel AMX",,"eu-west-3",,"Amazon Elastic Compute Cloud",,,,"true"
"9NH86H9C58NA6FXD","JRTCKXETXF","9NH86H9C58NA6FXD.JRTCKXETXF.6YS6EN2CT7","OnDemand","$0.00 per Dedicated Reservation Windows with SQL Web c7i.12xlarge Instance Hour","2026-10-01","0","Inf","Hrs","0.0000000000","USD",,,,,"Compute Instance","AmazonEC2","EU (Paris)","AWS Region","c7i.12xlarge","Yes","Compute optimized","48","Intel Xeon Scalable (Sapphire Rapids)","3.2 GHz","96 GiB","EBS only","18750 Megabit","64-bit",,,,,,,,"Dedicated","Windows","No License required",,,,"EUW3-DedicatedRes:c7i.12xlarge","RunInstances:0202","NA","AllocatedCapacityReservation","false","15000 Mbps","15000 Mbps","NA","Yes",,"NA",,,,,,,,,,,,,,"Compute Optimized","K7WGE833RQ5FYGXT","Yes","Yes","Yes","OnDemand","96",,"SQL Web","Intel AVX; Intel AVX2; Intel AVX512; Intel Turbo; Intel AMX",,"eu-west-3",,"Amazon Elastic Compute Cloud",,,,"true"
"9QVGYBTCPGNGQU8C","JRTCKXETXF","9QVGYBTCPGNGQU8C.JRTCKXETXF.6YS6EN2CT7","OnDemand","$0.00 per Reservation RHEL with SQL Standard c7i.12xlarge Instance Hour","2026-10-01","0","Inf","Hrs","0.0000000000","USD",,,,,"Compute Instance","AmazonEC2","EU (Paris)","AWS Region","c7i.12xlarge","Yes","Compute optimized","48","Intel Xeon Scalable (Sapphire Rapids)","3.2 GHz","96 GiB","EBS only","18750 Megabit","64-bit",,,,,,,,"Shared","RHEL","No License required",,,,"EUW3-Reservation:c7i.12xlarge","RunInstances:0014","NA","AllocatedCapacityReservation","false","15000 Mbps","15000 Mbps","NA","Yes",,"NA",,,,,,,,,,,,,,"Compute Optimized","WUXZS5MTQGGFQJR4","Yes","Yes","Yes","OnDemand","96",,"SQL Std","Intel AVX; Intel AVX2; Intel AVX512; Intel Turbo; Intel AMX",,"eu-west-3",,"Amazon Elastic Compute Cloud",,,,"true"
"9S4WZVQAY4MH88Z3","JRTCKXETXF","9S4WZVQAY4MH88Z3.JRTCKXETXF.6YS6EN2CT7","OnDemand","$0.00 per Dedicated Reservation Windows BYOL c7i.8xlarge Instance Hour","2026-10-01","0","Inf","Hrs","0.0000000000","USD",,,,,"Compute Instance","AmazonEC2","EU (Paris)","AWS Region","c7i.8xlarge","Yes","Compute optimized","32","Intel Xeon Scalable (Sapphire Rapids)","3.2 GHz","64 GiB","EBS only","12500 Megabit","64-bit",,,,,,,,"Dedicated","Windows","Bring your own license",,,,"EUW3-DedicatedRes:c7i.8xlarge","RunInstances:0800","NA","AllocatedCapacityReservation","false","10000 Mbps","10000 Mbps","NA","Yes",,"NA",,,,,,,,,,,,,,"Compute Optimized","QDUCCCF6W8QCG4WJ","Yes","Yes","Yes","OnDemand","64",,"NA","Intel AVX; Intel AVX2; Intel AVX512; Intel Turbo; Intel AMX",,"eu-west-3",,"Amazon Elastic Compute Cloud",,,,"true"
"9UGNSGPQ5A9NFK3K","JRTCKXETXF","9UGNSGPQ5A9NFK3K.JRTCKXETXF.6YS6EN2CT7","OnDemand","$9.21804 per Dedicated Unused Reservation RHEL with SQL Standard c8i.12xlarge Instance Hour","2026-10-01","0","Inf","Hrs","9.2180400000","USD",,,,,"Compute Instance","AmazonEC2","EU (Paris)","AWS Region","c8i.12xlarge","Yes","Compute optimized","48","Intel Xeon Scalable (Granite Rapids)","3.9 GHz","96 GiB","EBS only","22500 Megabit","64-bit",,,,,,,,"Dedicated","RHEL","No License required",,,,"EUW3-UnusedDed:c8i.12xlarge","RunInstances:0014","NA","UnusedCapacityReservation","false","15000 Mbps","15000 Mbps","NA","Yes",,"NA",,,,,,,,,,,,,,"Compute Optimized","HPGDHQ6NWCHRQTAF","Yes","Yes","Yes","OnDemand","96",,"SQL Std","Intel AVX; Intel AVX2; Intel AVX512; Intel Turbo; Intel AMX",,"eu-west-3",,"Amazon Elastic Compute Cloud",,,,"true"
"9ZKB57TDH85AJ8Y9","JRTCKXETXF","9ZKB57TDH85AJ8Y9.JRTCKXETXF.6YS6EN2CT7","OnDemand","$2.7974 per Unused Reservation SUSE c8i.12xlarge Instance Hour","2026-10-01","0","Inf","Hrs","2.7974000000","USD",,,,,"Compute Instance","AmazonEC2","EU (Paris)","AWS Region","c8i.12xlarge","Yes","Compute optimized","48","Intel Xeon Scalable (Granite Rapids)","3.9 GHz","96 GiB","EBS only","22500 Megabit","64-bit",,,,,,,,"Shared","SUSE","No License required",,,,"EUW3-UnusedBox:c8i.12xlarge","RunInstances:000g","NA","UnusedCapacityReservation","false","15000 Mbps","15000 Mbps","NA","Yes",,"NA",,,,,,,,,,,,,,"Compute Optimized","UN2VDU3ZD9MQ4MU4","Yes","Yes","Yes","OnDemand","96",,"NA","Intel AVX; Intel AVX2; Intel AVX512; Intel Turbo; Intel AMX",,"eu-west-3",,"Amazon Elastic Compute Cloud",,,,"true"
"9ZKEH6FPSBVUMFPQ","JRTCKXETXF","9ZKEH6FPSBVUMFPQ.JRTCKXETXF.6YS6EN2CT7","OnDemand","$0.00 per Reservation Windows c7i.8xlarge Instance Hour","2026-10-01","0","Inf","Hrs","0.0000000000","USD",,,,,"Compute Instance","AmazonEC2","EU (Paris)","AWS Region","c7i.8xlarge","Yes","Compute optimized","32","Intel Xeon Scalable (Sapphire Rapids)","3.2 GHz","64 GiB","EBS only","12500 Megabit","64-bit",,,,,,,,"Shared","Windows","No License required",,,,"EUW3-Reservation:c7i.8xlarge","RunInstances:0002","NA","AllocatedCapacityReservation","false","10000 Mbps","10000 Mbps","NA","Yes",,"NA",,,,,,,,,,,,,,"Compute Optimized","BRXM89J9XAMWX2TD","Yes","Yes","Yes","OnDemand","64",,"NA","Intel AVX; Intel AVX2; Intel AVX512; Intel Turbo; Intel AMX",,"eu-west-3",,"Amazon Elastic Compute Cloud",,,,"true"
"ACHEBM5TTKK7QT2Q","JRTCKXETXF","ACHEBM5TTKK7QT2Q.JRTCKXETXF.6YS6EN2CT7","OnDemand","$0.00 per Dedicated Reservation Linux with SQL Server Enterprise c7i.12xlarge Instance Hour","2026-10-01","0","Inf","Hrs","0.0000000000","USD",,,,,"Compute Instance","AmazonEC2","EU (Paris)","AWS Region","c7i.12xlarge","Yes","Compute optimized","48","Intel Xeon Scalable (Sapphire Rapids)","3.2 GHz","96 GiB","EBS only","18750 Megabit","64-bit",,,,,,,,"Dedicated","Linux","No License required",,,,"EUW3-DedicatedRes:c7i.12xlarge","RunInstances:0100","NA","AllocatedCapacityReservation","false","15000 Mbps","15000 Mbps","NA","Yes",,"NA",,,,,,,,,,,,,,"Compute Optimized","46SNB296DQUVTWZK","Yes","Yes","Yes","OnDemand","96",,"SQL Ent","Intel AVX; Intel AVX2; Intel AVX512; Intel Turbo; Intel AMX",,"eu-west-3",,"Amazon Elastic Compute Cloud",,,,"true"
"AEUG8J4MTQTBWNYU","JRTCKXETXF","AEUG8J4MTQTBWNYU.JRTCKXETXF.6YS6EN2CT7","OnDemand","$9.6228 per Unused Reservation RHEL with HA and SQL Standard c8i.12xlarge Instance Hour","2026-10-01","0","Inf","Hrs","9.6228000000","USD",,,,,"Compute Instance","AmazonEC2","EU (Paris)","AWS Region","c8i.12xlarge","Yes","Compute optimized","48","Intel Xeon Scalable (Granite Rapids)","3.9 GHz","96 GiB","EBS only","22500 Megabit","64-bit",,,,,,,,"Shared","Red Hat Enterprise Linux with HA","No License required",,,,"EUW3-UnusedBox:c8i.12xlarge","RunInstances:1014","NA","UnusedCapacityReservation","false","15000 Mbps","15000 Mbps","NA","Yes",,"NA",,,,,,,,,,,,,,"Compute Optimized","ZRR7H88QCR7WMSKR","Yes","Yes","Yes","OnDemand","96",,"SQL Std","Intel AVX; Intel AVX2; Intel AVX512; Intel Turbo; Intel AMX",,"eu-west-3",,"Amazon Elastic Compute Cloud",,,,"true"
"AK73PEETJFTPH7FJ","JRTCKXETXF","AK73PEETJFTPH7FJ.JRTCKXETXF.6YS6EN2CT7","OnDemand","$8.3052 per Unused Reservation Linux with SQL Std c7i.12xlarge Instance Hour","2026-10-01","0","Inf","Hrs","8.3052000000","USD",,,,,"Compute Instance","AmazonEC2","EU (Paris)","AWS Region","c7i.12xlarge","Yes","Compute optimized","48","Intel Xeon Scalable (Sapphire Rapids)","3.2 GHz","96 GiB","EBS only","18750 Megabit","64-bit",,,,,,,,"Shared","Linux","No License required",,,,"EUW3-UnusedBox:c7i.12xlarge","RunInstances:0004","NA","UnusedCapacityReservation","false","15000 Mbps","15000 Mbps","NA","Yes",,"NA",,,,,,,,,,,,,,"Compute Optimized","TWKC2K368XHNHE4V","Yes","Yes","Yes","OnDemand","96",,"SQL Std","Intel AVX; Intel AVX2; Intel AVX512; Intel Turbo; Intel AMX",,"eu-west-3",,"Amazon Elastic Compute Cloud",,,,"true"
"AKGY6VF8P3BCFAV9","JRTCKXETXF","AKGY6VF8P3BCFAV9.JRTCKXETXF.6YS6EN2CT7","OnDemand","$0.00 per Dedicated Reservation Ubuntu Pro c7i.12xlarge Instance Hour","2026-10-01","0","Inf","Hrs","0.0000000000","USD",,,,,"Compute Instance","AmazonEC2","EU (Paris)","AWS Region","c7i.12xlarge","Yes","Compute optimized","48","Intel Xeon Scalable (Sapphire Rapids)","3.2 GHz","96 GiB","EBS only","18750 Megabit","64-bit",,,,,,,,"Dedicated","Ubuntu Pro","No License required",,,,"EUW3-DedicatedRes:c7i.12xlarge","RunInstances:0g00","NA","AllocatedCapacityReservation","false","15000 Mbps","15000 Mbps","NA","Yes",,"NA",,,,,,,,,,,,,,"Compute Optimized","6MDJYGPQGCQP5GFD","Yes","Yes","Yes","OnDemand","96",,"NA","Intel AVX; Intel AVX2; Intel AVX512; Intel Turbo; Intel AMX",,"eu-west-3",,"Amazon Elastic Compute Cloud",,,,"true"
"B2F4Q9NHZU2SKWCR","JRTCKXETXF","B2F4Q9NHZU2SKWCR.JRTCKXETXF.6YS6EN2CT7","OnDemand","$3.1908 per On Demand RHEL c8i.12xlarge Instance Hour","2026-10-01","0","Inf","Hrs","3.1908000000","USD",,,,,"Compute Instance","AmazonEC2","EU (Paris)","AWS Region","c8i.12xlarge","Yes","Compute optimized","48","Intel Xeon Scalable (Granite Rapids)","3.9 GHz","96 GiB","EBS only","22500 Megabit","64-bit",,,,,,,,"Shared","RHEL","No License required",,,,"EUW3-BoxUsage:c8i.12xlarge","RunInstances:0010","NA","Used","false","15000 Mbps","15000 Mbps","NA","Yes",,"NA",,,,,,,,,,,,,,"Compute Optimized",,"Yes","Yes","Yes","OnDemand","96",,"NA","Intel AVX; Intel AVX2; Intel AVX512; Intel Turbo; Intel AMX",,"eu-west-3",,"Amazon Elastic Compute Cloud",,,,"true"
"B3GHV3XJAFFV4FJT","JRTCKXETXF","B3GHV3XJAFFV4FJT.JRTCKXETXF.6YS6EN2CT7","OnDemand","$2.92472 per Dedicated Unused Reservation SUSE c7i.12xlarge Instance Hour","2026-10-01","0","Inf","Hrs","2.9247200000","USD",,,,,"Compute Instance","AmazonEC2","EU (Paris)","AWS Region","c7i.12xlarge","Yes","Compute optimized","48","Intel Xeon Scalable (Sapphire Rapids)","3.2 GHz","96 GiB","EBS only","18750 Megabit","64-bit",,,,,,,,"Dedicated","SUSE","No License required",,,,"EUW3-UnusedDed:c7i.12xlarge","RunInstances:000g","NA","UnusedCapacityReservation","false","15000 Mbps","15000 Mbps","NA","Yes",,"NA",,,,,,,,,,,,,,"Compute Optimized","FE2HR88XQVRWJ8FJ","Yes","Yes","Yes","OnDemand","96",,"NA","Intel AVX; Intel AVX2; Intel AVX512; Intel Turbo; Intel AMX",,"eu-west-3",,"Amazon Elastic Compute Cloud",,,,"true"
"B65TVBFS66VX3N2T","JRTCKXETXF","B65TVBFS66VX3N2T.JRTCKXETXF.6YS6EN2CT7","OnDemand","$0.00 per Dedicated Reservation SUSE c7i.8xlarge Instance Hour","2026-10-01","0","Inf","Hrs","0.0000000000","USD",,,,,"Compute Instance","AmazonEC2","EU (Paris)","AWS Region","c7i.8xlarge","Yes","Compute optimized","32","Intel Xeon Scalable (Sapphire Rapids)","3.2 GHz","64 GiB","EBS only","12500 Megabit","64-bit",,,,,,,,"Dedicated","SUSE","No License required",,,,"EUW3-DedicatedRes:c7i.8xlarge","RunInstances:000g","NA","AllocatedCapacityReservation","false","10000 Mbps","10000 Mbps","NA","Yes",,"NA",,,,,,,,,,,,,,"Compute Optimized","SG3KBM6JYXJ7HKU7","Yes","Yes","Yes","OnDemand","64",,"NA","Intel AVX; Intel AVX2; Intel AVX512; Intel Turbo; Intel AMX",,"eu-west-3",,"Amazon Elastic Compute Cloud",,,,"true"
"B92523ZWDQT83QW4","JRTCKXETXF","B92523ZWDQT83QW4.JRTCKXETXF.6YS6EN2CT7","OnDemand","$0.00 per Reservation SUSE c7i.12xlarge Instance Hour","2026-10-01","0","Inf","Hrs","0.0000000000","USD",,,,,"Compute Instance","AmazonEC2","EU (Paris)","AWS Region","c7i.12xlarge","Yes","Compute optimized","48","Intel Xeon Scalable (Sapphire Rapids)","3.2 GHz","96 GiB","EBS only","18750 Megabit","64-bit",,,,,,,,"Shared","SUSE","No License required",,,,"EUW3-Reservation:c7i.12xlarge","RunInstances:000g","NA","AllocatedCapacityReservation","false","15000 Mbps","15000 Mbps","NA","Yes",,"NA",,,,,,,,,,,,,,"Compute Optimized","H489STSP96NQF245","Yes","Yes","Yes","OnDemand","96",,"NA","Intel AVX; Intel AVX2; Intel AVX512; Intel Turbo; Intel AMX",,"eu-west-3",,"Amazon Elastic Compute Cloud",,,,"true"
"BARW5FYS5GQKCTYD","JRTCKXETXF","BARW5FYS5GQKCTYD.JRTCKXETXF.6YS6EN2CT7","OnDemand","$21.31812 per Dedicated Unused Reservation RHEL with SQL Server Enterprise c7i.12xlarge Instance Hour","2026-10-01","0","Inf","Hrs","21.3181200000","USD",,,,,"Compute Instance","AmazonEC2","EU (Paris)","AWS Region","c7i.12xlarge","Yes","Compute optimized","48","Intel Xeon Scalable (Sapphire Rapids)","3.2 GHz","96 GiB","EBS only","18750 Megabit","64-bit",,,,,,,,"Dedicated","RHEL","No License required",,,,"EUW3-UnusedDed:c7i.12xlarge","RunInstances:0110","NA","UnusedCapacityReservation","false","15000 Mbps","15000 Mbps","NA","Yes",,"NA",,,,,,,,,,,,,,"Compute Optimized","E6A297ZVU3UZQXD5","Yes","Yes","Yes","OnDemand","96",,"SQL Ent","Intel AVX; Intel AVX2; Intel AVX512; Intel Turbo; Intel AMX",,"eu-west-3",,"Amazon Elastic Compute Cloud",,,,"true"
"BC8N69K7PESBQ2B6","JRTCKXETXF","BC8N69K7PESBQ2B6.JRTCKXETXF.6YS6EN2CT7","OnDemand","$9.4956 per Unused Reservation RHEL with HA and SQL Standard c7i.12xlarge Instance Hour","2026-10-01","0","Inf","Hrs","9.4956000000","USD",,,,,"Compute Instance","AmazonEC2","EU (Paris)","AWS Region","c7i.12xlarge","Yes","Compute optimized","48","Intel Xeon Scalable (Sapphire Rapids)","3.2 GHz","96 GiB","EBS only","18750 Megabit","64-bit",,,,,,,,"Shared","Red Hat Enterprise Linux with HA","No License required",,,,"EUW3-UnusedBox:c7i.12xlarge","RunInstances:1014","NA","UnusedCapacityReservation","false","15000 Mbps","15000 Mbps","NA","Yes",,"NA",,,,,,,,,,,,,,"Compute Optimized","5VDTTEXPZA7H89D7","Yes","Yes","Yes","OnDemand","96",,"SQL Std","Intel AVX; Intel AVX2; Intel AVX512; Intel Turbo; Intel AMX",,"eu-west-3",,"Amazon Elastic Compute Cloud",,,,"true"
"BFTG7TPCGQVPYFKN","JRTCKXETXF","BFTG7TPCGQVPYFKN.JRTCKXETXF.6YS6EN2CT7","OnDemand","$0.00 per Red Hat Enterprise Linux with HA c7i.8xlarge Dedicated Host Instance hour","2026-10-01","0","Inf","Hrs","0.0000000000","USD",,,,,"Compute Instance","AmazonEC2","EU (Paris)","AWS Region","c7i.8xlarge","Yes","Compute optimized","32","Intel Xeon Scalable (Sapphire Rapids)","3.2 GHz","64 GiB","EBS only","12500 Megabit","64-bit",,,,,,,,"Host","Red Hat Enterprise Linux with HA","No License required",,,,"EUW3-HostBoxUsage:c7i.8xlarge","RunInstances:1010","NA","Used","false","10000 Mbps","10000 Mbps","NA","Yes",,"NA",,,,,,,,,,,,,,"Compute Optimized",,"Yes","Yes","Yes","OnDemand","64",,"NA","Intel AVX; Intel AVX2; Intel AVX512; Intel Turbo; Intel AMX",,"eu-west-3",,"Amazon Elastic Compute Cloud",,,,"true"
"BGNP5XAPW3ZQUAFG","JRTCKXETXF","BGNP5XAPW3ZQUAFG.JRTCKXETXF.6YS6EN2CT7","OnDemand","$0.00 per Reservation Linux with SQL Web c7i.12xlarge Instance Hour","2026-10-01","0","Inf","Hrs","0.0000000000","USD",,,,,"Compute Instance","AmazonEC2","EU (Paris)","AWS Region","c7i.12xlarge","Yes","Compute optimized","48","Intel Xeon Scalable (Sapphire Rapids)","3.2 GHz","96 GiB","EBS only","18750 Megabit","64-bit",,,,,,,,"Shared","Linux","No License required",,,,"EUW3-Reservation:c7i.12xlarge","RunInstances:0200","NA","AllocatedCapacityReservation","false","15000 Mbps","15000 Mbps","NA","Yes",,"NA",,,,,,,,,,,,,,"Compute Optimized","6SWF5B3N7K2BPJJG","Yes","Yes","Yes","OnDemand","96",,"SQL Web","Intel AVX; Intel AVX2; Intel AVX512; Intel Turbo; Intel AMX",,"eu-west-3",,"Amazon Elastic Compute Cloud",,,,"true"
"BNTMRE6PQZ9DAUV8","JRTCKXETXF","BNTMRE6PQZ9DAUV8.JRTCKXETXF.6YS6EN2CT7","OnDemand","$9.89004 per Dedicated Unused Reservation RHEL with HA and SQL Standard c8i.12xlarge Instance Hour","2026-10-01","0","Inf","Hrs","9.8900400000","USD",,,,,"Compute Instance","AmazonEC2","EU (Paris)","AWS Region","c8i.12xlarge","Yes","Compute optimized","48","Intel Xeon Scalable (Granite Rapids)","3.9 GHz","96 GiB","EBS only","22500 Megabit","64-bit",,,,,,,,"Dedicated","Red Hat Enterprise Linux with HA","No License required",,,,"EUW3-UnusedDed:c8i.12xlarge","RunInstances:1014","NA","UnusedCapacityReservation","false","15000 Mbps","15000 Mbps","NA","Yes",,"NA",,,,,,,,,,,,,,"Compute Optimized","PY48M5YMHBEK7BRR","Yes","Yes","Yes","OnDemand","96",,"SQL Std","Intel AVX; Intel AVX2; Intel AVX512; Intel Turbo; Intel AMX",,"eu-west-3",,"Amazon Elastic Compute Cloud",,,,"true"
"BRCPSNTRRYDWTVWB","JRTCKXETXF","BRCPSNTRRYDWTVWB.JRTCKXETXF.6YS6EN2CT7","OnDemand","$5.95884 per Dedicated Windows with SQL Web c8i.12xlarge Instance Hour","2026-10-01","0","Inf","Hrs","5.9588400000","USD",,,,,"Compute Instance","AmazonEC2","EU (Paris)","AWS Region","c8i.12xlarge","Yes","Compute optimized","48","Intel Xeon Scalable (Granite Rapids)","3.9 GHz","96 GiB","EBS only","22500 Megabit","64-bit",,,,,,,,"Dedicated","Windows","No License required",,,,"EUW3-DedicatedUsage:c8i.12xlarge","RunInstances:0202","NA","Used","false","15000 Mbps","15000 Mbps","NA","Yes",,"NA",,,,,,,,,,,,,,"Compute Optimized",,"Yes","Yes","Yes","OnDemand","96",,"SQL Web","Intel AVX; Intel AVX2; Intel AVX512; Intel Turbo; Intel AMX",,"eu-west-3",,"Amazon Elastic Compute Cloud",,,,"true"
"BRRTGZAJXBQ8R423","JRTCKXETXF","BRRTGZAJXBQ8R423.JRTCKXETXF.6YS6EN2CT7","OnDemand","$3.7096 per Unused Reservation Windows with SQL Web c7i.8xlarge Instance Hour","2026-10-01","0","Inf","Hrs","3.7096000000","USD",,,,,"Compute Instance","AmazonEC2","EU (Paris)","AWS Region","c7i.8xlarge","Yes","Compute optimized","32","Intel Xeon Scalable (Sapphire Rapids)","3.2 GHz","64 GiB","EBS only","12500 Megabit","64-bit",,,,,,,,"Shared","Windows","No License required",,,,"EUW3-UnusedBox:c7i.8xlarge","RunInstances:0202","NA","UnusedCapacityReservation","false","10000 Mbps","10000 Mbps","NA","Yes",,"NA",,,,,,,,,,,,,,"Compute Optimized","QDVF9JB96KAXKFTK","Yes","Yes","Yes","OnDemand","64",,"SQL Web","Intel AVX; Intel AVX2; Intel AVX512; Intel Turbo; Intel AMX",,"eu-west-3",,"Amazon Elastic Compute Cloud",,,,"true"
"BRXM89J9XAMWX2TD","38NPMPTW36","BRXM89J9XAMWX2TD.38NPMPTW36.6YS6EN2CT7","Reserved","Windows (Amazon VPC), c7i.8xlarge reserved instance applied","2026-10-08","0","Inf","Hrs","1.0930000000","USD",,"3yr","Partial Upfront","standard","Compute Instance","AmazonEC2","EU (Paris)","AWS Region","c7i.8xlarge","Yes","Compute optimized","32","Intel Xeon Scalable (Sapphire Rapids)","3.2 GHz","64 GiB","EBS only","12500 Megabit","64-bit",,,,,,,,"Shared","Windows","No License required",,,,"EUW3-BoxUsage:c7i.8xlarge","RunInstances:0002","NA","Used","false","10000 Mbps","10000 Mbps","NA","Yes",,"NA",,,,,,,,,,,,,,"Compute Optimized",,"Yes","Yes","Yes","OnDemand","64",,"NA","Intel AVX; Intel AVX2; Intel AVX512; Intel Turbo; Intel AMX",,"eu-west-3",,"Amazon Elastic Compute Cloud",,,,"true"
"BRXM89J9XAMWX2TD","38NPMPTW36","BRXM89J9XAMWX2TD.38NPMPTW36.2TG2D8R56U","Reserved","Upfront Fee","2026-10-08",,,"Quantity","28724","USD",,"3yr","Partial Upfront","standard","Compute Instance","AmazonEC2","EU (Paris)","AWS Region","c7i.8xlarge","Yes","Compute optimized","32","Intel Xeon Scalable (Sapphire Rapids)","3.2 GHz","64 GiB","EBS only","12500 Megabit","64-bit",,,,,,,,"Shared","Windows","No License required",,,,"EUW3-BoxUsage:c7i.8xlarge","RunInstances:0002","NA","Used","false","10000 Mbps","10000 Mbps","NA","Yes",,"NA",,,,,,,,,,,,,,"Compute Optimized",,"Yes","Yes","Yes","OnDemand","64",,"NA","Intel AVX; Intel AVX2; Intel AVX512; Intel Turbo; Intel AMX",,"eu-west-3",,"Amazon Elastic Compute Cloud",,,,"true"
"BRXM89J9XAMWX2TD","4NA7Y494T4","BRXM89J9XAMWX2TD.4NA7Y494T4.6YS6EN2CT7","Reserved","Windows (Amazon VPC), c7i.8xlarge reserved instance applied","2026-10-08","0","Inf","Hrs","2.5921300000","USD",,"1yr","No Upfront","standard","Compute Instance","AmazonEC2","EU (Paris)","AWS Region","c7i.8xlarge","Yes","Compute optimized","32","Intel Xeon Scalable (Sapphire Rapids)","3.2 GHz","64 GiB","EBS only","12500 Megabit","64-bit",,,,,,,,"Shared","Windows","No License required",,,,"EUW3-BoxUsage:c7i.8xlarge","RunInstances:0002","NA","Used","false","10000 Mbps","10000 Mbps","NA","Yes",,"NA",,,,,,,,,,,,,,"Compute Optimized",,"Yes","Yes","Yes","OnDemand","64",,"NA","Intel AVX; Intel AVX2; Intel AVX512; Intel Turbo; Intel AMX",,"eu-west-3",,"Amazon Elastic Compute Cloud",,,,"true"
"BRXM89J9XAMWX2TD","6QCMYABX3D","BRXM89J9XAMWX2TD.6QCMYABX3D.6YS6EN2CT7","Reserved","USD 0.0 per Windows (Amazon VPC), c7i.8xlarge reserved instance applied","2026-10-08","0","Inf","Hrs","0.0000000000","USD",,"1yr","All Upfront","standard","Compute Instance","AmazonEC2","EU (Paris)","AWS Region","c7i.8xlarge","Yes","Compute optimized","32","Intel Xeon Scalable (Sapphire Rapids)","3.2 GHz","64 GiB","EBS only","12500 Megabit","64-bit",,,,,,,,"Shared","Windows","No License required",,,,"EUW3-BoxUsage:c7i.8xlarge","RunInstances:0002","NA","Used","false","10000 Mbps","10000 Mbps","NA","Yes",,"NA",,,,,,,,,,,,,,"Compute Optimized",,"Yes","Yes","Yes","OnDemand","64",,"NA","Intel AVX; Intel AVX2; Intel AVX512; Intel Turbo; Intel AMX",,"eu-west-3",,"Amazon Elastic Compute Cloud",,,,"true"
"BRXM89J9XAMWX2TD","6QCMYABX3D","BRXM89J9XAMWX2TD.6QCMYABX3D.2TG2D8R56U","Reserved","Upfront Fee","2026-10-08",,,"Quantity","22053","USD",,"1yr","All Upfront","standard","Compute Instance","AmazonEC2","EU (Paris)","AWS Region","c7i.8xlarge","Yes","Compute optimized","32","Intel Xeon Scalable (Sapphire Rapids)","3.2 GHz","64 GiB","EBS only","12500 Megabit","64-bit",,,,,,,,"Shared","Windows","No License required",,,,"EUW3-BoxUsage:c7i.8xlarge","RunInstances:0002","NA","Used","false","10000 Mbps","10000 Mbps","NA","Yes",,"NA",,,,,,,,,,,,,,"Compute Optimized",,"Yes","Yes","Yes","OnDemand","64",,"NA","Intel AVX; Intel AVX2; Intel AVX512; Intel Turbo; Intel AMX",,"eu-west-3",,"Amazon Elastic Compute Cloud",,,,"true"
"BRXM89J9XAMWX2TD","7NE97W5U4E","BRXM89J9XAMWX2TD.7NE97W5U4E.6YS6EN2CT7","Reserved","Windows (Amazon VPC), c7i.8xlarge reserved instance applied","2026-10-08","0","Inf","Hrs","2.7650100000","USD",,"1yr","No Upfront","convertible","Compute Instance","AmazonEC2","EU (Paris)","AWS Region","c7i.8xlarge","Yes","Compute optimized","32","Intel Xeon Scalable (Sapphire Rapids)","3.2 GHz","64 GiB","EBS only","12500 Megabit","64-bit",,,,,,,,"Shared","Windows","No License required",,,,"EUW3-BoxUsage:c7i.8xlarge","RunInstances:0002","NA","Used","false","10000 Mbps","10000 Mbps","NA","Yes",,"NA",,,,,,,,,,,,,,"Compute Optimized",,"Yes","Yes","Yes","OnDemand","64",,"NA","Intel AVX; Intel AVX2; Intel AVX512; Intel Turbo; Intel AMX",,"eu-west-3",,"Amazon Elastic Compute Cloud",,,,"true"
"BRXM89J9XAMWX2TD","BPH4J8HBKS","BRXM89J9XAMWX2TD.BPH4J8HBKS.6YS6EN2CT7","Reserved","Windows (Amazon VPC), c7i.8xlarge reserved instance applied","2026-10-08","0","Inf","Hrs","2.2431200000","USD",,"3yr","No Upfront","standard","Compute Instance","AmazonEC2","EU (Paris)","AWS Region","c7i.8xlarge","Yes","Compute optimized","32","Intel Xeon Scalable (Sapphire Rapids)","3.2 GHz","64 GiB","EBS only","12500 Megabit","64-bit",,,,,,,,"Shared","Windows","No License required",,,,"EUW3-BoxUsage:c7i.8xlarge","RunInstances:0002","NA","Used","false","10000 Mbps","10000 Mbps","NA","Yes",,"NA",,,,,,,,,,,,,,"Compute Optimized",,"Yes","Yes","Yes","OnDemand","64",,"NA","Intel AVX; Intel AVX2; Intel AVX512; Intel Turbo; Intel AMX",,"eu-west-3",,"Amazon Elastic Compute Cloud",,,,"true"
"BRXM89J9XAMWX2TD","CUZHX8X6JH","BRXM89J9XAMWX2TD.CUZHX8X6JH.6YS6EN2CT7","Reserved","Windows (Amazon VPC), c7i.8xlarge reserved instance applied","2026-10-08","0","Inf","Hrs","1.3517200000","USD",,"1yr","Partial Upfront","convertible","Compute Instance","AmazonEC2","EU (Paris)","AWS Region","c7i.8xlarge","Yes","Compute optimized","32","Intel Xeon Scalable (Sapphire Rapids)","3.2 GHz","64 GiB","EBS only","12500 Megabit","64-bit",,,,,,,,"Shared","Windows","No License required",,,,"EUW3-BoxUsage:c7i.8xlarge","RunInstances:0002","NA","Used","false","10000 Mbps","10000 Mbps","NA","Yes",,"NA",,,,,,,,,,,,,,"Compute Optimized",,"Yes","Yes","Yes","OnDemand","64",,"NA","Intel AVX; Intel AVX2; Intel AVX512; Intel Turbo; Intel AMX",,"eu-west-3",,"Amazon Elastic Compute Cloud",,,,"true"
"BRXM89J9XAMWX2TD","CUZHX8X6JH","BRXM89J9XAMWX2TD.CUZHX8X6JH.2TG2D8R56U","Reserved","Upfront Fee","2026-10-08",,,"Quantity","11841","USD",,"1yr","Partial Upfront","convertible","Compute Instance","AmazonEC2","EU (Paris)","AWS Region","c7i.8xlarge","Yes","Compute optimized","32","Intel Xeon Scalable (Sapphire Rapids)","3.2 GHz","64 GiB","EBS only","12500 Megabit","64-bit",,,,,,,,"Shared","Windows","No License required",,,,"EUW3-BoxUsage:c7i.8xlarge","RunInstances:0002","NA","Used","false","10000 Mbps","10000 Mbps","NA","Yes",,"NA",,,,,,,,,,,,,,"Compute Optimized",,"Yes","Yes","Yes","OnDemand","64",,"NA","Intel AVX; Intel AVX2; Intel AVX512; Intel Turbo; Intel AMX",,"eu-west-3",,"Amazon Elastic Compute Cloud",,,,"true"
"BRXM89J9XAMWX2TD","HU7G6KETJZ","BRXM89J9XAMWX2TD.HU7G6KETJZ.6YS6EN2CT7","Reserved","Windows (Amazon VPC), c7i.8xlarge reserved instance applied","2026-10-08","0","Inf","Hrs","1.2694000000","USD",,"1yr","Partial Upfront","standard","Compute Instance","AmazonEC2","EU (Paris)","AWS Region","c7i.8xlarge","Yes","Compute optimized","32","Intel Xeon Scalable (Sapphire Rapids)","3.2 GHz","64 GiB","EBS only","12500 Megabit","64-bit",,,,,,,,"Shared","Windows","No License required",,,,"EUW3-BoxUsage:c7i.8xlarge","RunInstances:0002","NA","Used","false","10000 Mbps","10000 Mbps","NA","Yes",,"NA",,,,,,,,,,,,,,"Compute Optimized",,"Yes","Yes","Yes","OnDemand","64",,"NA","Intel AVX; Intel AVX2; Intel AVX512; Intel Turbo; Intel AMX",,"eu-west-3",,"Amazon Elastic Compute Cloud",,,,"true"
"BRXM89J9XAMWX2TD","HU7G6KETJZ","BRXM89J9XAMWX2TD.HU7G6KETJZ.2TG2D8R56U","Reserved","Upfront Fee","2026-10-08",,,"Quantity","11120","USD",,"1yr","Partial Upfront","standard","Compute Instance","AmazonEC2","EU (Paris)","AWS Region","c7i.8xlarge","Yes","Compute optimized","32","Intel Xeon Scalable (Sapphire Rapids)","3.2 GHz","64 GiB","EBS only","12500 Megabit","64-bit",,,,,,,,"Shared","Windows","No License required",,,,"EUW3-BoxUsage:c7i.8xlarge","RunInstances:0002","NA","Used","false","10000 Mbps","10000 Mbps","NA","Yes",,"NA",,,,,,,,,,,,,,"Compute Optimized",,"Yes","Yes","Yes","OnDemand","64",,"NA","Intel AVX; Intel AVX2; Intel AVX512; Intel Turbo; Intel AMX",,"eu-west-3",,"Amazon Elastic Compute Cloud",,,,"true"
"BRXM89J9XAMWX2TD","JRTCKXETXF","BRXM89J9XAMWX2TD.JRTCKXETXF.6YS6EN2CT7","OnDemand","$3.1688 per On Demand Windows c7i.8xlarge Instance Hour","2026-10-01","0","Inf","Hrs","3.1688000000","USD",,,,,"Compute Instance","AmazonEC2","EU (Paris)","AWS Region","c7i.8xlarge","Yes","Compute optimized","32","Intel Xeon Scalable (Sapphire Rapids)","3.2 GHz","64 GiB","EBS only","12500 Megabit","64-bit",,,,,,,,"Shared","Windows","No License required",,,,"EUW3-BoxUsage:c7i.8xlarge","RunInstances:0002","NA","Used","false","10000 Mbps","10000 Mbps","NA","Yes",,"NA",,,,,,,,,,,,,,"Compute Optimized",,"Yes","Yes","Yes","OnDemand","64",,"NA","Intel AVX; Intel AVX2; Intel AVX512; Intel Turbo; Intel AMX",,"eu-west-3",,"Amazon Elastic Compute Cloud",,,,"true"
"BRXM89J9XAMWX2TD","MZU6U2429S","BRXM89J9XAMWX2TD.MZU6U2429S.6YS6EN2CT7","Reserved","USD 0.0 per Windows (Amazon VPC), c7i.8xlarge reserved instance applied","2026-10-08","0","Inf","Hrs","0.0000000000","USD",,"3yr","All Upfront","convertible","Compute Instance","AmazonEC2","EU (Paris)","AWS Region","c7i.8xlarge","Yes","Compute optimized","32","Intel Xeon Scalable (Sapphire Rapids)","3.2 GHz","64 GiB","EBS only","12500 Megabit","64-bit",,,,,,,,"Shared","Windows","No License required",,,,"EUW3-BoxUsage:c7i.8xlarge","RunInstances:0002","NA","Used","false","10000 Mbps","10000 Mbps","NA","Yes",,"NA",,,,,,,,,,,,,,"Compute Optimized",,"Yes","Yes","Yes","OnDemand","64",,"NA","Intel AVX; Intel AVX2; Intel AVX512; Intel Turbo; Intel AMX",,"eu-west-3",,"Amazon Elastic Compute Cloud",,,,"true"
"BRXM89J9XAMWX2TD","MZU6U2429S","BRXM89J9XAMWX2TD.MZU6U2429S.2TG2D8R56U","Reserved","Upfront Fee","2026-10-08",,,"Quantity","59799","USD",,"3yr","All Upfront","convertible","Compute Instance","AmazonEC2","EU (Paris)","AWS Region","c7i.8xlarge","Yes","Compute optimized","32","Intel Xeon Scalable (Sapphire Rapids)","3.2 GHz","64 GiB","EBS only","12500 Megabit","64-bit",,,,,,,,"Shared","Windows","No License required",,,,"EUW3-BoxUsage:c7i.8xlarge","RunInstances:0002","NA","Used","false","10000 Mbps","10000 Mbps","NA","Yes",,"NA",,,,,,,,,,,,,,"Compute Optimized",,"Yes","Yes","Yes","OnDemand","64",,"NA","Intel AVX; Intel AVX2; Intel AVX512; Intel Turbo; Intel AMX",,"eu-west-3",,"Amazon Elastic Compute Cloud",,,,"true"
"BRXM89J9XAMWX2TD","NQ3QZPMQV9","BRXM89J9XAMWX2TD.NQ3QZPMQV9.6YS6EN2CT7","Reserved","USD 0.0 per Windows (Amazon VPC), c7i.8xlarge reserved instance applied","2026-10-08","0","Inf","Hrs","0.0000000000","USD",,"3yr","All Upfront","standard","Compute Instance","AmazonEC2","EU (Paris)","AWS Region","c7i.8xlarge","Yes","Compute optimized","32","Intel Xeon Scalable (Sapphire Rapids)","3.2 GHz","64 GiB","EBS only","12500 Megabit","64-bit",,,,,,,,"Shared","Windows","No License required",,,,"EUW3-BoxUsage:c7i.8xlarge","RunInstances:0002","NA","Used","false","10000 Mbps","10000 Mbps","NA","Yes",,"NA",,,,,,,,,,,,,,"Compute Optimized",,"Yes","Yes","Yes","OnDemand","64",,"NA","Intel AVX; Intel AVX2; Intel AVX512; Intel Turbo; Intel AMX",,"eu-west-3",,"Amazon Elastic Compute Cloud",,,,"true"
"BRXM89J9XAMWX2TD","NQ3QZPMQV9","BRXM89J9XAMWX2TD.NQ3QZPMQV9.2TG2D8R56U","Reserved","Upfront Fee","2026-10-08",,,"Quantity","56322","USD",,"3yr","All Upfront","standard","Compute Instance","AmazonEC2","EU (Paris)","AWS Region","c7i.8xlarge","Yes","Compute optimized","32","Intel Xeon Scalable (Sapphire Rapids)","3.2 GHz","64 GiB","EBS only","12500 Megabit","64-bit",,,,,,,,"Shared","Windows","No License required",,,,"EUW3-BoxUsage:c7i.8xlarge","RunInstances:0002","NA","Used","false","10000 Mbps","10000 Mbps","NA","Yes",,"NA",,,,,,,,,,,,,,"Compute Optimized",,"Yes","Yes","Yes","OnDemand","64",,"NA","Intel AVX; Intel AVX2; Intel AVX512; Intel Turbo; Intel AMX",,"eu-west-3",,"Amazon Elastic Compute Cloud",,,,"true"
"BRXM89J9XAMWX2TD","R5XV2EPZQZ","BRXM89J9XAMWX2TD.R5XV2EPZQZ.6YS6EN2CT7","Reserved","Windows (Amazon VPC), c7i.8xlarge reserved instance applied","2026-10-08","0","Inf","Hrs","1.1459200000","USD",,"3yr","Partial Upfront","convertible","Compute Instance","AmazonEC2","EU (Paris)","AWS Region","c7i.8xlarge","Yes","Compute optimized","32","Intel Xeon Scalable (Sapphire Rapids)","3.2 GHz","64 GiB","EBS only","12500 Megabit","64-bit",,,,,,,,"Shared","Windows","No License required",,,,"EUW3-BoxUsage:c7i.8xlarge","RunInstances:0002","NA","Used","false","10000 Mbps","10000 Mbps","NA","Yes",,"NA",,,,,,,,,,,,,,"Compute Optimized",,"Yes","Yes","Yes","OnDemand","64",,"NA","Intel AVX; Intel AVX2; Intel AVX512; Intel Turbo; Intel AMX",,"eu-west-3",,"Amazon Elastic Compute Cloud",,,,"true"
"BRXM89J9XAMWX2TD","R5XV2EPZQZ","BRXM89J9XAMWX2TD.R5XV2EPZQZ.2TG2D8R56U","Reserved","Upfront Fee","2026-10-08",,,"Quantity","30115","USD",,"3yr","Partial Upfront","convertible","Compute Instance","AmazonEC2","EU (Paris)","AWS Region","c7i.8xlarge","Yes","Compute optimized","32","Intel Xeon Scalable (Sapphire Rapids)","3.2 GHz","64 GiB","EBS only","12500 Megabit","64-bit",,,,,,,,"Shared","Windows","No License required",,,,"EUW3-BoxUsage:c7i.8xlarge","RunInstances:0002","NA","Used","false","10000 Mbps","10000 Mbps","NA","Yes",,"NA",,,,,,,,,,,,,,"Compute Optimized",,"Yes","Yes","Yes","OnDemand","64",,"NA","Intel AVX; Intel AVX2; Intel AVX512; Intel Turbo; Intel AMX",,"eu-west-3",,"Amazon Elastic Compute Cloud",,,,"true"
"BRXM89J9XAMWX2TD","VJWZNREJX2","BRXM89J9XAMWX2TD.VJWZNREJX2.6YS6EN2CT7","Reserved","USD 0.0 per Windows (Amazon VPC), c7i.8xlarge reserved instance applied","2026-10-08","0","Inf","Hrs","0.0000000000","USD",,"1yr","All Upfront","convertible","Compute Instance","AmazonEC2","EU (Paris)","AWS Region","c7i.8xlarge","Yes","Compute optimized","32","Intel Xeon Scalable (Sapphire Rapids)","3.2 GHz","64 GiB","EBS only","12500 Megabit","64-bit",,,,,,,,"Shared","Windows","No License required",,,,"EUW3-BoxUsage:c7i.8xlarge","RunInstances:0002","NA","Used","false","10000 Mbps","10000 Mbps","NA","Yes",,"NA",,,,,,,,,,,,,,"Compute Optimized",,"Yes","Yes","Yes","OnDemand","64",,"NA","Intel AVX; Intel AVX2; Intel AVX512; Intel Turbo; Intel AMX",,"eu-west-3",,"Amazon Elastic Compute Cloud",,,,"true"
"BRXM89J9XAMWX2TD","VJWZNREJX2","BRXM89J9XAMWX2TD.VJWZNREJX2.2TG2D8R56U","Reserved","Upfront Fee","2026-10-08",,,"Quantity","23466","USD",,"1yr","All Upfront","convertible","Compute Instance","AmazonEC2","EU (Paris)","AWS Region","c7i.8xlarge","Yes","Compute optimized","32","Intel Xeon Scalable (Sapphire Rapids)","3.2 GHz","64 GiB","EBS only","12500 Megabit","64-bit",,,,,,,,"Shared","Windows","No License required",,,,"EUW3-BoxUsage:c7i.8xlarge","RunInstances:0002","NA","Used","false","10000 Mbps","10000 Mbps","NA","Yes",,"NA",,,,,,,,,,,,,,"Compute Optimized",,"Yes","Yes","Yes","OnDemand","64",,"NA","Intel AVX; Intel AVX2; Intel AVX512; Intel Turbo; Intel AMX",,"eu-west-3",,"Amazon Elastic Compute Cloud",,,,"true"
"BRXM89J9XAMWX2TD","Z2E3P23VKM","BRXM89J9XAMWX2TD.Z2E3P23VKM.6YS6EN2CT7","Reserved","Windows (Amazon VPC), c7i.8xlarge reserved instance applied","2026-10-08","0","Inf","Hrs","2.3574300000","USD",,"3yr","No Upfront","convertible","Compute Instance","AmazonEC2","EU (Paris)","AWS Region","c7i.8xlarge","Yes","Compute optimized","32","Intel Xeon Scalable (Sapphire Rapids)","3.2 GHz","64 GiB","EBS only","12500 Megabit","64-bit",,,,,,,,"Shared","Windows","No License required",,,,"EUW3-BoxUsage:c7i.8xlarge","RunInstances:0002","NA","Used","false","10000 Mbps","10000 Mbps","NA","Yes",,"NA",,,,,,,,,,,,,,"Compute Optimized",,"Yes","Yes","Yes","OnDemand","64",,"NA","Intel AVX; Intel AVX2; Intel AVX512; Intel Turbo; Intel AMX",,"eu-west-3",,"Amazon Elastic Compute Cloud",,,,"true"
"BVF62QF3AVQMHCT6","JRTCKXETXF","BVF62QF3AVQMHCT6.JRTCKXETXF.6YS6EN2CT7","OnDemand","$2.4904 per Unused Reservation Red Hat Enterprise Linux with HA c7i.8xlarge Instance Hour","2026-10-01","0","Inf","Hrs","2.4904000000","USD",,,,,"Compute Instance","AmazonEC2","EU (Paris)","AWS Region","c7i.8xlarge","Yes","Compute optimized","32","Intel Xeon Scalable (Sapphire Rapids)","3.2 GHz","64 GiB","EBS only","12500 Megabit","64-bit",,,,,,,,"Shared","Red Hat Enterprise Linux with HA","No License required",,,,"EUW3-UnusedBox:c7i.8xlarge","RunInstances:1010","NA","UnusedCapacityReservation","false","10000 Mbps","10000 Mbps","NA","Yes",,"NA",,,,,,,,,,,,,,"Compute Optimized","ECW9A2T264JHQBAG","Yes","Yes","Yes","OnDemand","64",,"NA","Intel AVX; Intel AVX2; Intel AVX512; Intel Turbo; Intel AMX",,"eu-west-3",,"Amazon Elastic Compute Cloud",,,,"true"
"BVG9W6M7M4RM4XXB","JRTCKXETXF","BVG9W6M7M4RM4XXB.JRTCKXETXF.6YS6EN2CT7","OnDemand","$5.00772 per Dedicated Unused Reservation Windows c7i.12xlarge Instance Hour","2026-10-01","0","Inf","Hrs","5.0077200000","USD",,,,,"Compute Instance","AmazonEC2","EU (Paris)","AWS Region","c7i.12xlarge","Yes","Compute optimized","48","Intel Xeon Scalable (Sapphire Rapids)","3.2 GHz","96 GiB","EBS only","18750 Megabit","64-bit",,,,,,,,"Dedicated","Windows","No License required",,,,"EUW3-UnusedDed:c7i.12xlarge","RunInstances:0002","NA","UnusedCapacityReservation","false","15000 Mbps","15000 Mbps","NA","Yes",,"NA",,,,,,,,,,,,,,"Compute Optimized","KZ6AYX5Q4RY6UK8H","Yes","Yes","Yes","OnDemand","96",,"NA","Intel AVX; Intel AVX2; Intel AVX512; Intel Turbo; Intel AMX",,"eu-west-3",,"Amazon Elastic Compute Cloud",,,,"true"
"C8KJ2KXBSNFJU955","JRTCKXETXF","C8KJ2KXBSNFJU955.JRTCKXETXF.6YS6EN2CT7","OnDemand","$22.8804 per Unused Reservation Windows with SQL Server Enterprise c8i.12xlarge Instance Hour","2026-10-01","0","Inf","Hrs","22.8804000000","USD",,,,,"Compute Instance","AmazonEC2","EU (Paris)","AWS Region","c8i.12xlarge","Yes","Compute optimized","48","Intel Xeon Scalable (Granite Rapids)","3.9 GHz","96 GiB","EBS only","22500 Megabit","64-bit",,,,,,,,"Shared","Windows","No License required",,,,"EUW3-UnusedBox:c8i.12xlarge","RunInstances:0102","NA","UnusedCapacityReservation","false","15000 Mbps","15000 Mbps","NA","Yes",,"NA",,,,,,,,,,,,,,"Compute Optimized","8VZWJGXJCHF3B8TQ","Yes","Yes","Yes","OnDemand","96",,"SQL Ent","Intel AVX; Intel AVX2; Intel AVX512; Intel Turbo; Intel AMX",,"eu-west-3",,"Amazon Elastic Compute Cloud",,,,"true"
"C8P83F4RGXJZXVTQ","JRTCKXETXF","C8P83F4RGXJZXVTQ.JRTCKXETXF.6YS6EN2CT7","OnDemand","$0.00 per Dedicated Reservation SUSE c7i.12xlarge Instance Hour","2026-10-01","0","Inf","Hrs","0.0000000000","USD",,,,,"Compute Instance","AmazonEC2","EU (Paris)","AWS Region","c7i.12xlarge","Yes","Compute optimized","48","Intel Xeon Scalable (Sapphire Rapids)","3.2 GHz","96 GiB","EBS only","18750 Megabit","64-bit",,,,,,,,"Dedicated","SUSE","No License required",,,,"EUW3-DedicatedRes:c7i.12xlarge","RunInstances:000g","NA","AllocatedCapacityReservation","false","15000 Mbps","15000 Mbps","NA","Yes",,"NA",,,,,,,,,,,,,,"Compute Optimized","FE2HR88XQVRWJ8FJ","Yes","Yes","Yes","OnDemand","96",,"NA","Intel AVX; Intel AVX2; Intel AVX512; Intel Turbo; Intel AMX",,"eu-west-3",,"Amazon Elastic Compute Cloud",,,,"true"
"C8SQ6JNHFFBN8UNT","JRTCKXETXF","C8SQ6JNHFFBN8UNT.JRTCKXETXF.6YS6EN2CT7","OnDemand","$23.14764 per Dedicated Windows with SQL Server Enterprise c8i.12xlarge Instance Hour","2026-10-01","0","Inf","Hrs","23.1476400000","USD",,,,,"Compute Instance","AmazonEC2","EU (Paris)","AWS Region","c8i.12xlarge","Yes","Compute optimized","48","Intel Xeon Scalable (Granite Rapids)","3.9 GHz","96 GiB","EBS only","22500 Megabit","64-bit",,,,,,,,"Dedicated","Windows","No License required",,,,"EUW3-DedicatedUsage:c8i.12xlarge","RunInstances:0102","NA","Used","false","15000 Mbps","15000 Mbps","NA","Yes",,"NA",,,,,,,,,,,,,,"Compute Optimized",,"Yes","Yes","Yes","OnDemand","96",,"SQL Ent","Intel AVX; Intel AVX2; Intel AVX512; Intel Turbo; Intel AMX",,"eu-west-3",,"Amazon Elastic Compute Cloud",,,,"true"
"CARHMS47KPNRU3JY","JRTCKXETXF","CARHMS47KPNRU3JY.JRTCKXETXF.6YS6EN2CT7","OnDemand","$15.33848 per Dedicated Unused Reservation Windows with SQL Server Enterprise c7i.8xlarge Instance Hour","2026-10-01","0","Inf","Hrs","15.3384800000","USD",,,,,"Compute Instance","AmazonEC2","EU (Paris)","AWS Region","c7i.8xlarge","Yes","Compute optimized","32","Intel Xeon Scalable (Sapphire Rapids)","3.2 GHz","64 GiB","EBS only","12500 Megabit","64-bit",,,,,,,,"Dedicated","Windows","No License required",,,,"EUW3-UnusedDed:c7i.8xlarge","RunInstances:0102","NA","UnusedCapacityReservation","false","10000 Mbps","10000 Mbps","NA","Yes",,"NA",,,,,,,,,,,,,,"Compute Optimized","EGZZQ4B6E5CYKFP7","Yes","Yes","Yes","OnDemand","64",,"SQL Ent","Intel AVX; Intel AVX2; Intel AVX512; Intel Turbo; Intel AMX",,"eu-west-3",,"Amazon Elastic Compute Cloud",,,,"true"
"CCMDVHCUJG3DP3BJ","JRTCKXETXF","CCMDVHCUJG3DP3BJ.JRTCKXETXF.6YS6EN2CT7","OnDemand","$2.75288 per Dedicated RHEL with SQL Web c7i.8xlarge Instance Hour","2026-10-01","0","Inf","Hrs","2.7528800000","USD",,,,,"Compute Instance","AmazonEC2","EU (Paris)","AWS Region","c7i.8xlarge","Yes","Compute optimized","32","Intel Xeon Scalable (Sapphire Rapids)","3.2 GHz","64 GiB","EBS only","12500 Megabit","64-bit",,,,,,,,"Dedicated","RHEL","No License required",,,,"EUW3-DedicatedUsage:c7i.8xlarge","RunInstances:0210","NA","Used","false","10000 Mbps","10000 Mbps","NA","Yes",,"NA",,,,,,,,,,,,,,"Compute Optimized",,"Yes","Yes","Yes","OnDemand","64",,"SQL Web","Intel AVX; Intel AVX2; Intel AVX512; Intel Turbo; Intel AMX",,"eu-west-3",,"Amazon Elastic Compute Cloud",,,,"true"
"CCN8FQS4SJ7DJ242","38NPMPTW36","CCN8FQS4SJ7DJ242.38NPMPTW36.6YS6EN2CT7","Reserved","Windows (Amazon VPC), c7i.12xlarge reserved instance applied","2026-10-08","0","Inf","Hrs","1.6395000000","USD",,"3yr","Partial Upfront","standard","Compute Instance","AmazonEC2","EU (Paris)","AWS Region","c7i.12xlarge","Yes","Compute optimized","48","Intel Xeon Scalable (Sapphire Rapids)","3.2 GHz","96 GiB","EBS only","18750 Megabit","64-bit",,,,,,,,"Shared","Windows","No License required",,,,"EUW3-BoxUsage:c7i.12xlarge","RunInstances:0002","NA","Used","false","15000 Mbps","15000 Mbps","NA","Yes",,"NA",,,,,,,,,,,,,,"Compute Optimized",,"Yes","Yes","Yes","OnDemand","96",,"NA","Intel AVX; Intel AVX2; Intel AVX512; Intel Turbo; Intel AMX",,"eu-west-3",,"Amazon Elastic Compute Cloud",,,,"true"
"CCN8FQS4SJ7DJ242","38NPMPTW36","CCN8FQS4SJ7DJ242.38NPMPTW36.2TG2D8R56U","Reserved","Upfront Fee","2026-10-08",,,"Quantity","43086","USD",,"3yr","Partial Upfront","standard","Compute Instance","AmazonEC2","EU (Paris)","AWS Region","c7i.12xlarge","Yes","Compute optimized","48","Intel Xeon Scalable (Sapphire Rapids)","3.2 GHz","96 GiB","EBS only","18750 Megabit","64-bit",,,,,,,,"Shared","Windows","No License required",,,,"EUW3-BoxUsage:c7i.12xlarge","RunInstances:0002","NA","Used","false","15000 Mbps","15000 Mbps","NA","Yes",,"NA",,,,,,,,,,,,,,"Compute Optimized",,"Yes","Yes","Yes","OnDemand","96",,"NA","Intel AVX; Intel AVX2; Intel AVX512; Intel Turbo; Intel AMX",,"eu-west-3",,"Amazon Elastic Compute Cloud",,,,"true"
"CCN8FQS4SJ7DJ242","4NA7Y494T4","CCN8FQS4SJ7DJ242.4NA7Y494T4.6YS6EN2CT7","Reserved","Windows (Amazon VPC), c7i.12xlarge reserved instance applied","2026-10-08","0","Inf","Hrs","3.8882000000","USD",,"1yr","No Upfront","standard","Compute Instance","AmazonEC2","EU (Paris)","AWS Region","c7i.12xlarge","Yes","Compute optimized","48","Intel Xeon Scalable (Sapphire Rapids)","3.2 GHz","96 GiB","EBS only","18750 Megabit","64-bit",,,,,,,,"Shared","Windows","No License required",,,,"EUW3-BoxUsage:c7i.12xlarge","RunInstances:0002","NA","Used","false","15000 Mbps","15000 Mbps","NA","Yes",,"NA",,,,,,,,,,,,,,"Compute Optimized",,"Yes","Yes","Yes","OnDemand","96",,"NA","Intel AVX; Intel AVX2; Intel AVX512; Intel Turbo; Intel AMX",,"eu-west-3",,"Amazon Elastic Compute Cloud",,,,"true"
"CCN8FQS4SJ7DJ242","6QCMYABX3D","CCN8FQS4SJ7DJ242.6QCMYABX3D.6YS6EN2CT7","Reserved","USD 0.0 per Windows (Amazon VPC), c7i.12xlarge reserved instance applied","2026-10-08","0","Inf","Hrs","0.0000000000","USD",,"1yr","All Upfront","standard","Compute Instance","AmazonEC2","EU (Paris)","AWS Region","c7i.12xlarge","Yes","Compute optimized","48","Intel Xeon Scalable (Sapphire Rapids)","3.2 GHz","96 GiB","EBS only","18750 Megabit","64-bit",,,,,,,,"Shared","Windows","No License required",,,,"EUW3-BoxUsage:c7i.12xlarge","RunInstances:0002","NA","Used","false","15000 Mbps","15000 Mbps","NA","Yes",,"NA",,,,,,,,,,,,,,"Compute Optimized",,"Yes","Yes","Yes","OnDemand","96",,"NA","Intel AVX; Intel AVX2; Intel AVX512; Intel Turbo; Intel AMX",,"eu-west-3",,"Amazon Elastic Compute Cloud",,,,"true"
"CCN8FQS4SJ7DJ242","6QCMYABX3D","CCN8FQS4SJ7DJ242.6QCMYABX3D.2TG2D8R56U","Reserved","Upfront Fee","2026-10-08",,,"Quantity","33079","USD",,"1yr","All Upfront","standard","Compute Instance","AmazonEC2","EU (Paris)","AWS Region","c7i.12xlarge","Yes","Compute optimized","48","Intel Xeon Scalable (Sapphire Rapids)","3.2 GHz","96 GiB","EBS only","18750 Megabit","64-bit",,,,,,,,"Shared","Windows","No License required",,,,"EUW3-BoxUsage:c7i.12xlarge","RunInstances:0002","NA","Used","false","15000 Mbps","15000 Mbps","NA","Yes",,"NA",,,,,,,,,,,,,,"Compute Optimized",,"Yes","Yes","Yes","OnDemand","96",,"NA","Intel AVX; Intel AVX2; Intel AVX512; Intel Turbo; Intel AMX",,"eu-west-3",,"Amazon Elastic Compute Cloud",,,,"true"
"CCN8FQS4SJ7DJ242","7NE97W5U4E","CCN8FQS4SJ7DJ242.7NE97W5U4E.6YS6EN2CT7","Reserved","Windows (Amazon VPC), c7i.12xlarge reserved instance applied","2026-10-08","0","Inf","Hrs","4.1475100000","USD",,"1yr","No Upfront","convertible","Compute Instance","AmazonEC2","EU (Paris)","AWS Region","c7i.12xlarge","Yes","Compute optimized","48","Intel Xeon Scalable (Sapphire Rapids)","3.2 GHz","96 GiB","EBS only","18750 Megabit","64-bit",,,,,,,,"Shared","Windows","No License required",,,,"EUW3-BoxUsage:c7i.12xlarge","RunInstances:0002","NA","Used","false","15000 Mbps","15000 Mbps","NA","Yes",,"NA",,,,,,,,,,,,,,"Compute Optimized",,"Yes","Yes","Yes","OnDemand","96",,"NA","Intel AVX; Intel AVX2; Intel AVX512; Intel Turbo; Intel AMX",,"eu-west-3",,"Amazon Elastic Compute Cloud",,,,"true"
"CCN8FQS4SJ7DJ242","BPH4J8HBKS","CCN8FQS4SJ7DJ242.BPH4J8HBKS.6YS6EN2CT7","Reserved","Windows (Amazon VPC), c7i.12xlarge reserved instance applied","2026-10-08","0","Inf","Hrs","3.3646700000","USD",,"3yr","No Upfront","standard","Compute Instance","AmazonEC2","EU (Paris)","AWS Region","c7i.12xlarge","Yes","Compute optimized","48","Intel Xeon Scalable (Sapphire Rapids)","3.2 GHz","96 GiB","EBS only","18750 Megabit","64-bit",,,,,,,,"Shared","Windows","No License required",,,,"EUW3-BoxUsage:c7i.12xlarge","RunInstances:0002","NA","Used","false","15000 Mbps","15000 Mbps","NA","Yes",,"NA",,,,,,,,,,,,,,"Compute Optimized",,"Yes","Yes","Yes","OnDemand","96",,"NA","Intel AVX; Intel AVX2; Intel AVX512; Intel Turbo; Intel AMX",,"eu-west-3",,"Amazon Elastic Compute Cloud",,,,"true"
"CCN8FQS4SJ7DJ242","CUZHX8X6JH","CCN8FQS4SJ7DJ242.CUZHX8X6JH.6YS6EN2CT7","Reserved","Windows (Amazon VPC), c7i.12xlarge reserved instance applied","2026-10-08","0","Inf","Hrs","2.0275800000","USD",,"1yr","Partial Upfront","convertible","Compute Instance","AmazonEC2","EU (Paris)","AWS Region","c7i.12xlarge","Yes","Compute optimized","48","Intel Xeon Scalable (Sapphire Rapids)","3.2 GHz","96 GiB","EBS only","18750 Megabit","64-bit",,,,,,,,"Shared","Windows","No License required",,,,"EUW3-BoxUsage:c7i.12xlarge","RunInstances:0002","NA","Used","false","15000 Mbps","15000 Mbps","NA","Yes",,"NA",,,,,,,,,,,,,,"Compute Optimized",,"Yes","Yes","Yes","OnDemand","96",,"NA","Intel AVX; Intel AVX2; Intel AVX512; Intel Turbo; Intel AMX",,"eu-west-3",,"Amazon Elastic Compute Cloud",,,,"true"
"CCN8FQS4SJ7DJ242","CUZHX8X6JH","CCN8FQS4SJ7DJ242.CUZHX8X6JH.2TG2D8R56U","Reserved","Upfront Fee","2026-10-08",,,"Quantity","17762","USD",,"1yr","Partial Upfront","convertible","Compute Instance","AmazonEC2","EU (Paris)","AWS Region","c7i.12xlarge","Yes","Compute optimized","48","Intel Xeon Scalable (Sapphire Rapids)","3.2 GHz","96 GiB","EBS only","18750 Megabit","64-bit",,,,,,,,"Shared","Windows","No License required",,,,"EUW3-BoxUsage:c7i.12xlarge","RunInstances:0002","NA","Used","false","15000 Mbps","15000 Mbps","NA","Yes",,"NA",,,,,,,,,,,,,,"Compute Optimized",,"Yes","Yes","Yes","OnDemand","96",,"NA","Intel AVX; Intel AVX2; Intel AVX512; Intel Turbo; Intel AMX",,"eu-west-3",,"Amazon Elastic Compute Cloud",,,,"true"
"CCN8FQS4SJ7DJ242","HU7G6KETJZ","CCN8FQS4SJ7DJ242.HU7G6KETJZ.6YS6EN2CT7","Reserved","Windows (Amazon VPC), c7i.12xlarge reserved instance applied","2026-10-08","0","Inf","Hrs","1.9041000000","USD",,"1yr","Partial Upfront","standard","Compute Instance","AmazonEC2","EU (Paris)","AWS Region","c7i.12xlarge","Yes","Compute optimized","48","Intel Xeon Scalable (Sapphire Rapids)","3.2 GHz","96 GiB","EBS only","18750 Megabit","64-bit",,,,,,,,"Shared","Windows","No License required",,,,"EUW3-BoxUsage:c7i.12xlarge","RunInstances:0002","NA","Used","false","15000 Mbps","15000 Mbps","NA","Yes",,"NA",,,,,,,,,,,,,,"Compute Optimized",,"Yes","Yes","Yes","OnDemand","96",,"NA","Intel AVX; Intel AVX2; Intel AVX512; Intel Turbo; Intel AMX",,"eu-west-3",,"Amazon Elastic Compute Cloud",,,,"true"
"CCN8FQS4SJ7DJ242","HU7G6KETJZ","CCN8FQS4SJ7DJ242.HU7G6KETJZ.2TG2D8R56U","Reserved","Upfront Fee","2026-10-08",,,"Quantity","16680","USD",,"1yr","Partial Upfront","standard","Compute Instance","AmazonEC2","EU (Paris)","AWS Region","c7i.12xlarge","Yes","Compute optimized","48","Intel Xeon Scalable (Sapphire Rapids)","3.2 GHz","96 GiB","EBS only","18750 Megabit","64-bit",,,,,,,,"Shared","Windows","No License required",,,,"EUW3-BoxUsage:c7i.12xlarge","RunInstances:0002","NA","Used","false","15000 Mbps","15000 Mbps","NA","Yes",,"NA",,,,,,,,,,,,,,"Compute Optimized",,"Yes","Yes","Yes","OnDemand","96",,"NA","Intel AVX; Intel AVX2; Intel AVX512; Intel Turbo; Intel AMX",,"eu-west-3",,"Amazon Elastic Compute Cloud",,,,"true"
"CCN8FQS4SJ7DJ242","JRTCKXETXF","CCN8FQS4SJ7DJ242.JRTCKXETXF.6YS6EN2CT7","OnDemand","$4.7532 per On Demand Windows c7i.12xlarge Instance Hour","2026-10-01","0","Inf","Hrs","4.7532000000","USD",,,,,"Compute Instance","AmazonEC2","EU (Paris)","AWS Region","c7i.12xlarge","Yes","Compute optimized","48","Intel Xeon Scalable (Sapphire Rapids)","3.2 GHz","96 GiB","EBS only","18750 Megabit","64-bit",,,,,,,,"Shared","Windows","No License required",,,,"EUW3-BoxUsage:c7i.12xlarge","RunInstances:0002","NA","Used","false","15000 Mbps","15000 Mbps","NA","Yes",,"NA",,,,,,,,,,,,,,"Compute Optimized",,"Yes","Yes","Yes","OnDemand","96",,"NA","Intel AVX; Intel AVX2; Intel AVX512; Intel Turbo; Intel AMX",,"eu-west-3",,"Amazon Elastic Compute Cloud",,,,"true"
"CCN8FQS4SJ7DJ242","MZU6U2429S","CCN8FQS4SJ7DJ242.MZU6U2429S.6YS6EN2CT7","Reserved","USD 0.0 per Windows (Amazon VPC), c7i.12xlarge reserved instance applied","2026-10-08","0","Inf","Hrs","0.0000000000","USD",,"3yr","All Upfront","convertible","Compute Instance","AmazonEC2","EU (Paris)","AWS Region","c7i.12xlarge","Yes","Compute optimized","48","Intel Xeon Scalable (Sapphire Rapids)","3.2 GHz","96 GiB","EBS only","18750 Megabit","64-bit",,,,,,,,"Shared","Windows","No License required",,,,"EUW3-BoxUsage:c7i.12xlarge","RunInstances:0002","NA","Used","false","15000 Mbps","15000 Mbps","NA","Yes",,"NA",,,,,,,,,,,,,,"Compute Optimized",,"Yes","Yes","Yes","OnDemand","96",,"NA","Intel AVX; Intel AVX2; Intel AVX512; Intel Turbo; Intel AMX",,"eu-west-3",,"Amazon Elastic Compute Cloud",,,,"true"
"CCN8FQS4SJ7DJ242","MZU6U2429S","CCN8FQS4SJ7DJ242.MZU6U2429S.2TG2D8R56U","Reserved","Upfront Fee","2026-10-08",,,"Quantity","89698","USD",,"3yr","All Upfront","convertible","Compute Instance","AmazonEC2","EU (Paris)","AWS Region","c7i.12xlarge","Yes","Compute optimized","48","Intel Xeon Scalable (Sapphire Rapids)","3.2 GHz","96 GiB","EBS only","18750 Megabit","64-bit",,,,,,,,"Shared","Windows","No License required",,,,"EUW3-BoxUsage:c7i.12xlarge","RunInstances:0002","NA","Used","false","15000 Mbps","15000 Mbps","NA","Yes",,"NA",,,,,,,,,,,,,,"Compute Optimized",,"Yes","Yes","Yes","OnDemand","96",,"NA","Intel AVX; Intel AVX2; Intel AVX512; Intel Turbo; Intel AMX",,"eu-west-3",,"Amazon Elastic Compute Cloud",,,,"true"
"CCN8FQS4SJ7DJ242","NQ3QZPMQV9","CCN8FQS4SJ7DJ242.NQ3QZPMQV9.6YS6EN2CT7","Reserved","USD 0.0 per Windows (Amazon VPC), c7i.12xlarge reserved instance applied","2026-10-08","0","Inf","Hrs","0.0000000000","USD",,"3yr","All Upfront","standard","Compute Instance","AmazonEC2","EU (Paris)","AWS Region","c7i.12xlarge","Yes","Compute optimized","48","Intel Xeon Scalable (Sapphire Rapids)","3.2 GHz","96 GiB","EBS only","18750 Megabit","64-bit",,,,,,,,"Shared","Windows","No License required",,,,"EUW3-BoxUsage:c7i.12xlarge","RunInstances:0002","NA","Used","false","15000 Mbps","15000 Mbps","NA","Yes",,"NA",,,,,,,,,,,,,,"Compute Optimized",,"Yes","Yes","Yes","OnDemand","96",,"NA","Intel AVX; Intel AVX2; Intel AVX512; Intel Turbo; Intel AMX",,"eu-west-3",,"Amazon Elastic Compute Cloud",,,,"true"
"CCN8FQS4SJ7DJ242","NQ3QZPMQV9","CCN8FQS4SJ7DJ242.NQ3QZPMQV9.2TG2D8R56U","Reserved","Upfront Fee","2026-10-08",,,"Quantity","84483","USD",,"3yr","All Upfront","standard","Compute Instance","AmazonEC2","EU (Paris)","AWS Region","c7i.12xlarge","Yes","Compute optimized","48","Intel Xeon Scalable (Sapphire Rapids)","3.2 GHz","96 GiB","EBS only","18750 Megabit","64-bit",,,,,,,,"Shared","Windows","No License required",,,,"EUW3-BoxUsage:c7i.12xlarge","RunInstances:0002","NA","Used","false","15000 Mbps","15000 Mbps","NA","Yes",,"NA",,,,,,,,,,,,,,"Compute Optimized",,"Yes","Yes","Yes","OnDemand","96",,"NA","Intel AVX; Intel AVX2; Intel AVX512; Intel Turbo; Intel AMX",,"eu-west-3",,"Amazon Elastic Compute Cloud",,,,"true"
"CCN8FQS4SJ7DJ242","R5XV2EPZQZ","CCN8FQS4SJ7DJ242.R5XV2EPZQZ.6YS6EN2CT7","Reserved","Windows (Amazon VPC), c7i.12xlarge reserved instance applied","2026-10-08","0","Inf","Hrs","1.7188800000","USD",,"3yr","Partial Upfront","convertible","Compute Instance","AmazonEC2","EU (Paris)","AWS Region","c7i.12xlarge","Yes","Compute optimized","48","Intel Xeon Scalable (Sapphire Rapids)","3.2 GHz","96 GiB","EBS only","18750 Megabit","64-bit",,,,,,,,"Shared","Windows","No License required",,,,"EUW3-BoxUsage:c7i.12xlarge","RunInstances:0002","NA","Used","false","15000 Mbps","15000 Mbps","NA","Yes",,"NA",,,,,,,,,,,,,,"Compute Optimized",,"Yes","Yes","Yes","OnDemand","96",,"NA","Intel AVX; Intel AVX2; Intel AVX512; Intel Turbo; Intel AMX",,"eu-west-3",,"Amazon Elastic Compute Cloud",,,,"true"
"CCN8FQS4SJ7DJ242","R5XV2EPZQZ","CCN8FQS4SJ7DJ242.R5XV2EPZQZ.2TG2D8R56U","Reserved","Upfront Fee","2026-10-08",,,"Quantity","45172","USD",,"3yr","Partial Upfront","convertible","Compute Instance","AmazonEC2","EU (Paris)","AWS Region","c7i.12xlarge","Yes","Compute optimized","48","Intel Xeon Scalable (Sapphire Rapids)","3.2 GHz","96 GiB","EBS only","18750 Megabit","64-bit",,,,,,,,"Shared","Windows","No License required",,,,"EUW3-BoxUsage:c7i.12xlarge","RunInstances:0002","NA","Used","false","15000 Mbps","15000 Mbps","NA","Yes",,"NA",,,,,,,,,,,,,,"Compute Optimized",,"Yes","Yes","Yes","OnDemand","96",,"NA","Intel AVX; Intel AVX2; Intel AVX512; Intel Turbo; Intel AMX",,"eu-west-3",,"Amazon Elastic Compute Cloud",,,,"true"
"CCN8FQS4SJ7DJ242","VJWZNREJX2","CCN8FQS4SJ7DJ242.VJWZNREJX2.6YS6EN2CT7","Reserved","USD 0.0 per Windows (Amazon VPC), c7i.12xlarge reserved instance applied","2026-10-08","0","Inf","Hrs","0.0000000000","USD",,"1yr","All Upfront","convertible","Compute Instance","AmazonEC2","EU (Paris)","AWS Region","c7i.12xlarge","Yes","Compute optimized","48","Intel Xeon Scalable (Sapphire Rapids)","3.2 GHz","96 GiB","EBS only","18750 Megabit","64-bit",,,,,,,,"Shared","Windows","No License required",,,,"EUW3-BoxUsage:c7i.12xlarge","RunInstances:0002","NA","Used","false","15000 Mbps","15000 Mbps","NA","Yes",,"NA",,,,,,,,,,,,,,"Compute Optimized",,"Yes","Yes","Yes","OnDemand","96",,"NA","Intel AVX; Intel AVX2; Intel AVX512; Intel Turbo; Intel AMX",,"eu-west-3",,"Amazon Elastic Compute Cloud",,,,"true"
"CCN8FQS4SJ7DJ242","VJWZNREJX2","CCN8FQS4SJ7DJ242.VJWZNREJX2.2TG2D8R56U","Reserved","Upfront Fee","2026-10-08",,,"Quantity","35200","USD",,"1yr","All Upfront","convertible","Compute Instance","AmazonEC2","EU (Paris)","AWS Region","c7i.12xlarge","Yes","Compute optimized","48","Intel Xeon Scalable (Sapphire Rapids)","3.2 GHz","96 GiB","EBS only","18750 Megabit","64-bit",,,,,,,,"Shared","Windows","No License required",,,,"EUW3-BoxUsage:c7i.12xlarge","RunInstances:0002","NA","Used","false","15000 Mbps","15000 Mbps","NA","Yes",,"NA",,,,,,,,,,,,,,"Compute Optimized",,"Yes","Yes","Yes","OnDemand","96",,"NA","Intel AVX; Intel AVX2; Intel AVX512; Intel Turbo; Intel AMX",,"eu-west-3",,"Amazon Elastic Compute Cloud",,,,"true"
"CCN8FQS4SJ7DJ242","Z2E3P23VKM","CCN8FQS4SJ7DJ242.Z2E3P23VKM.6YS6EN2CT7","Reserved","Windows (Amazon VPC), c7i.12xlarge reserved instance applied","2026-10-08","0","Inf","Hrs","3.5361500000","USD",,"3yr","No Upfront","convertible","Compute Instance","AmazonEC2","EU (Paris)","AWS Region","c7i.12xlarge","Yes","Compute optimized","48","Intel Xeon Scalable (Sapphire Rapids)","3.2 GHz","96 GiB","EBS only","18750 Megabit","64-bit",,,,,,,,"Shared","Windows","No License required",,,,"EUW3-BoxUsage:c7i.12xlarge","RunInstances:0002","NA","Used","false","15000 Mbps","15000 Mbps","NA","Yes",,"NA",,,,,,,,,,,,,,"Compute Optimized",,"Yes","Yes","Yes","OnDemand","96",,"NA","Intel AVX; Intel AVX2; Intel AVX512; Intel Turbo; Intel AMX",,"eu-west-3",,"Amazon Elastic Compute Cloud",,,,"true"
"CF2JK3BBQE5F2XBH","JRTCKXETXF","CF2JK3BBQE5F2XBH.JRTCKXETXF.6YS6EN2CT7","OnDemand","$4.12932 per Dedicated Unused Reservation RHEL with SQL Web c7i.12xlarge Instance Hour","2026-10-01","0","Inf","Hrs","4.1293200000","USD",,,,,"Compute Instance","AmazonEC2","EU (Paris)","AWS Region","c7i.12xlarge","Yes","Compute optimized","48","Intel Xeon Scalable (Sapphire Rapids)","3.2 GHz","96 GiB","EBS only","18750 Megabit","64-bit",,,,,,,,"Dedicated","RHEL","No License required",,,,"EUW3-UnusedDed:c7i.12xlarge","RunInstances:0210","NA","UnusedCapacityReservation","false","15000 Mbps","15000 Mbps","NA","Yes",,"NA",,,,,,,,,,,,,,"Compute Optimized","KD5RXWWBQQB3AN8C","Yes","Yes","Yes","OnDemand","96",,"SQL Web","Intel AVX; Intel AVX2; Intel AVX512; Intel Turbo; Intel AMX",,"eu-west-3",,"Amazon Elastic Compute Cloud",,,,"true"
"CV3Z9ZBS9DTWTSVF","JRTCKXETXF","CV3Z9ZBS9DTWTSVF.JRTCKXETXF.6YS6EN2CT7","OnDemand","$1.472 per Windows c7i.8xlarge Dedicated Host Instance hour","2026-10-01","0","Inf","Hrs","1.4720000000","USD",,,,,"Compute Instance","AmazonEC2","EU (Paris)","AWS Region","c7i.8xlarge","Yes","Compute optimized","32","Intel Xeon Scalable (Sapphire Rapids)","3.2 GHz","64 GiB","EBS only","12500 Megabit","64-bit",,,,,,,,"Host","Windows","No License required",,,,"EUW3-HostBoxUsage:c7i.8xlarge","RunInstances:0002","NA","Used","false","10000 Mbps","10000 Mbps","NA","Yes",,"NA",,,,,,,,,,,,,,"Compute Optimized",,"Yes","Yes","Yes","OnDemand","64",,"NA","Intel AVX; Intel AVX2; Intel AVX512; Intel Turbo; Intel AMX",,"eu-west-3",,"Amazon Elastic Compute Cloud",,,,"true"
"CZ9ZNND7VQ5W7FY3","JRTCKXETXF","CZ9ZNND7VQ5W7FY3.JRTCKXETXF.6YS6EN2CT7","OnDemand","$0.00 per Dedicated Reservation Linux with SQL Std c7i.8xlarge Instance Hour","2026-10-01","0","Inf","Hrs","0.0000000000","USD",,,,,"Compute Instance","AmazonEC2","EU (Paris)","AWS Region","c7i.8xlarge","Yes","Compute optimized","32","Intel Xeon Scalable (Sapphire Rapids)","3.2 GHz","64 GiB","EBS only","12500 Megabit","64-bit",,,,,,,,"Dedicated","Linux","No License required",,,,"EUW3-DedicatedRes:c7i.8xlarge","RunInstances:0004","NA","AllocatedCapacityReservation","false","10000 Mbps","10000 Mbps","NA","Yes",,"NA",,,,,,,,,,,,,,"Compute Optimized","VSQNUARV85JFHK8K","Yes","Yes","Yes","OnDemand","64",,"SQL Std","Intel AVX; Intel AVX2; Intel AVX512; Intel Turbo; Intel AMX",,"eu-west-3",,"Amazon Elastic Compute Cloud",,,,"true"
"D3EYSQJE4KH3DK42","JRTCKXETXF","D3EYSQJE4KH3DK42.JRTCKXETXF.6YS6EN2CT7","OnDemand","$0.00 per Windows with SQL Web c8i.12xlarge Dedicated Host Instance hour","2026-10-01","0","Inf","Hrs","0.0000000000","USD",,,,,"Compute Instance","AmazonEC2","EU (Paris)","AWS Region","c8i.12xlarge","Yes","Compute optimized","48","Intel Xeon Scalable (Granite Rapids)","3.9 GHz","96 GiB","EBS only","22500 Megabit","64-bit",,,,,,,,"Host","Windows","No License required",,,,"EUW3-HostBoxUsage:c8i.12xlarge","RunInstances:0202","NA","Used","false","15000 Mbps","15000 Mbps","NA","Yes",,"NA",,,,,,,,,,,,,,"Compute Optimized",,"Yes","Yes","Yes","OnDemand","96",,"SQL Web","Intel AVX; Intel AVX2; Intel AVX512; Intel Turbo; Intel AMX",,"eu-west-3",,"Amazon Elastic Compute Cloud",,,,"true"
"D3UHFM3YDNHDZH83","JRTCKXETXF","D3UHFM3YDNHDZH83.JRTCKXETXF.6YS6EN2CT7","OnDemand","$2.6724 per On Demand Linux c8i.12xlarge Instance Hour","2026-10-01","0","Inf","Hrs","2.6724000000","USD",,,,,"Compute Instance","AmazonEC2","EU (Paris)","AWS Region","c8i.12xlarge","Yes","Compute optimized","48","Intel Xeon Scalable (Granite Rapids)","3.9 GHz","96 GiB","EBS only","22500 Megabit","64-bit",,,,,,,,"Shared","Linux","No License required",,,,"EUW3-BoxUsage:c8i.12xlarge","RunInstances","NA","Used","false","15000 Mbps","15000 Mbps","NA","Yes",,"NA",,,,,,,,,,,,,,"Compute Optimized",,"Yes","Yes","Yes","OnDemand","96",,"NA","Intel AVX; Intel AVX2; Intel AVX512; Intel Turbo; Intel AMX",,"eu-west-3",,"Amazon Elastic Compute Cloud",,,,"true"
"D4JESY4TX77UH2MH","JRTCKXETXF","D4JESY4TX77UH2MH.JRTCKXETXF.6YS6EN2CT7","OnDemand","$3.0636 per Unused Reservation RHEL c7i.12xlarge Instance Hour","2026-10-01","0","Inf","Hrs","3.0636000000","USD",,,,,"Compute Instance","AmazonEC2","EU (Paris)","AWS Region","c7i.12xlarge","Yes","Compute optimized","48","Intel Xeon Scalable (Sapphire Rapids)","3.2 GHz","96 GiB","EBS only","18750 Megabit","64-bit",,,,,,,,"Shared","RHEL","No License required",,,,"EUW3-UnusedBox:c7i.12xlarge","RunInstances:0010","NA","UnusedCapacityReservation","false","15000 Mbps","15000 Mbps","NA","Yes",,"NA",,,,,,,,,,,,,,"Compute Optimized","FYSHMSQ3FZTC6JVT","Yes","Yes","Yes","OnDemand","96",,"NA","Intel AVX; Intel AVX2; Intel AVX512; Intel Turbo; Intel AMX",,"eu-west-3",,"Amazon Elastic Compute Cloud",,,,"true"
"D7J2NCVK3A62DVZH","JRTCKXETXF","D7J2NCVK3A62DVZH.JRTCKXETXF.6YS6EN2CT7","OnDemand","$0.00 per Windows with SQL Std c7i.12xlarge Dedicated Host Instance hour","2026-10-01","0","Inf","Hrs","0.0000000000","USD",,,,,"Compute Instance","AmazonEC2","EU (Paris)","AWS Region","c7i.12xlarge","Yes","Compute optimized","48","Intel Xeon Scalable (Sapphire Rapids)","3.2 GHz","96 GiB","EBS only","18750 Megabit","64-bit",,,,,,,,"Host","Windows","No License required",,,,"EUW3-HostBoxUsage:c7i.12xlarge","RunInstances:0006","NA","Used","false","15000 Mbps","15000 Mbps","NA","Yes",,"NA",,,,,,,,,,,,,,"Compute Optimized",,"Yes","Yes","Yes","OnDemand","96",,"SQL Std","Intel AVX; Intel AVX2; Intel AVX512; Intel Turbo; Intel AMX",,"eu-west-3",,"Amazon Elastic Compute Cloud",,,,"true"
"DA4UUPXC2B9YEW6R","JRTCKXETXF","DA4UUPXC2B9YEW6R.JRTCKXETXF.6YS6EN2CT7","OnDemand","$21.45804 per Dedicated RHEL with SQL Server Enterprise c8i.12xlarge Instance Hour","2026-10-01","0","Inf","Hrs","21.4580400000","USD",,,,,"Compute Instance","AmazonEC2","EU (Paris)","AWS Region","c8i.12xlarge","Yes","Compute optimized","48","Intel Xeon Scalable (Granite Rapids)","3.9 GHz","96 GiB","EBS only","22500 Megabit","64-bit",,,,,,,,"Dedicated","RHEL","No License required",,,,"EUW3-DedicatedUsage:c8i.12xlarge","RunInstances:0110","NA","Used","false","15000 Mbps","15000 Mbps","NA","Yes",,"NA",,,,,,,,,,,,,,"Compute Optimized",,"Yes","Yes","Yes","OnDemand","96",,"SQL Ent","Intel AVX; Intel AVX2; Intel AVX512; Intel Turbo; Intel AMX",,"eu-west-3",,"Amazon Elastic Compute Cloud",,,,"true"
"DCJZ2DQ4PTNAQBUN","JRTCKXETXF","DCJZ2DQ4PTNAQBUN.JRTCKXETXF.6YS6EN2CT7","OnDemand","$0.00 per Reservation Ubuntu Pro c7i.8xlarge Instance Hour","2026-10-01","0","Inf","Hrs","0.0000000000","USD",,,,,"Compute Instance","AmazonEC2","EU (Paris)","AWS Region","c7i.8xlarge","Yes","Compute optimized","32","Intel Xeon Scalable (Sapphire Rapids)","3.2 GHz","64 GiB","EBS only","12500 Megabit","64-bit",,,,,,,,"Shared","Ubuntu Pro","No License required",,,,"EUW3-Reservation:c7i.8xlarge","RunInstances:0g00","NA","AllocatedCapacityReservation","false","10000 Mbps","10000 Mbps","NA","Yes",,"NA",,,,,,,,,,,,,,"Compute Optimized","5Y47XPF5Y7QSWU2W","Yes","Yes","Yes","OnDemand","64",,"NA","Intel AVX; Intel AVX2; Intel AVX512; Intel Turbo; Intel AMX",,"eu-west-3",,"Amazon Elastic Compute Cloud",,,,"true"
"DDJHJJPD9MS2F7XR","38NPMPTW36","DDJHJJPD9MS2F7XR.38NPMPTW36.6YS6EN2CT7","Reserved","Windows with SQL Server Enterprise (Amazon VPC), c7i.12xlarge reserved instance applied","2026-10-08","0","Inf","Hrs","10.6395000000","USD",,"3yr","Partial Upfront","standard","Compute Instance","AmazonEC2","EU (Paris)","AWS Region","c7i.12xlarge","Yes","Compute optimized","48","Intel Xeon Scalable (Sapphire Rapids)","3.2 GHz","96 GiB","EBS only","18750 Megabit","64-bit",,,,,,,,"Shared","Windows","No License required",,,,"EUW3-BoxUsage:c7i.12xlarge","RunInstances:0102","NA","Used","false","15000 Mbps","15000 Mbps","NA","Yes",,"NA",,,,,,,,,,,,,,"Compute Optimized",,"Yes","Yes","Yes","OnDemand","96",,"SQL Ent","Intel AVX; Intel AVX2; Intel AVX512; Intel Turbo; Intel AMX",,"eu-west-3",,"Amazon Elastic Compute Cloud",,,,"true"
"DDJHJJPD9MS2F7XR","38NPMPTW36","DDJHJJPD9MS2F7XR.38NPMPTW36.2TG2D8R56U","Reserved","Upfront Fee","2026-10-08",,,"Quantity","279606","USD",,"3yr","Partial Upfront","standard","Compute Instance","AmazonEC2","EU (Paris)","AWS Region","c7i.12xlarge","Yes","Compute optimized","48","Intel Xeon Scalable (Sapphire Rapids)","3.2 GHz","96 GiB","EBS only","18750 Megabit","64-bit",,,,,,,,"Shared","Windows","No License required",,,,"EUW3-BoxUsage:c7i.12xlarge","RunInstances:0102","NA","Used","false","15000 Mbps","15000 Mbps","NA","Yes",,"NA",,,,,,,,,,,,,,"Compute Optimized",,"Yes","Yes","Yes","OnDemand","96",,"SQL Ent","Intel AVX; Intel AVX2; Intel AVX512; Intel Turbo; Intel AMX",,"eu-west-3",,"Amazon Elastic Compute Cloud",,,,"true"
"DDJHJJPD9MS2F7XR","4NA7Y494T4","DDJHJJPD9MS2F7XR.4NA7Y494T4.6YS6EN2CT7","Reserved","Windows with SQL Server Enterprise (Amazon VPC), c7i.12xlarge reserved instance applied","2026-10-08","0","Inf","Hrs","21.8882000000","USD",,"1yr","No Upfront","standard","Compute Instance","AmazonEC2","EU (Paris)","AWS Region","c7i.12xlarge","Yes","Compute optimized","48","Intel Xeon Scalable (Sapphire Rapids)","3.2 GHz","96 GiB","EBS only","18750 Megabit","64-bit",,,,,,,,"Shared","Windows","No License required",,,,"EUW3-BoxUsage:c7i.12xlarge","RunInstances:0102","NA","Used","false","15000 Mbps","15000 Mbps","NA","Yes",,"NA",,,,,,,,,,,,,,"Compute Optimized",,"Yes","Yes","Yes","OnDemand","96",,"SQL Ent","Intel AVX; Intel AVX2; Intel AVX512; Intel Turbo; Intel AMX",,"eu-west-3",,"Amazon Elastic Compute Cloud",,,,"true"
"DDJHJJPD9MS2F7XR","6QCMYABX3D","DDJHJJPD9MS2F7XR.6QCMYABX3D.6YS6EN2CT7","Reserved","USD 0.0 per Windows with SQL Server Enterprise (Amazon VPC), c7i.12xlarge reserved instance applied","2026-10-08","0","Inf","Hrs","0.0000000000","USD",,"1yr","All Upfront","standard","Compute Instance","AmazonEC2","EU (Paris)","AWS Region","c7i.12xlarge","Yes","Compute optimized","48","Intel Xeon Scalable (Sapphire Rapids)","3.2 GHz","96 GiB","EBS only","18750 Megabit","64-bit",,,,,,,,"Shared","Windows","No License required",,,,"EUW3-BoxUsage:c7i.12xlarge","RunInstances:0102","NA","Used","false","15000 Mbps","15000 Mbps","NA","Yes",,"NA",,,,,,,,,,,,,,"Compute Optimized",,"Yes","Yes","Yes","OnDemand","96",,"SQL Ent","Intel AVX; Intel AVX2; Intel AVX512; Intel Turbo; Intel AMX",,"eu-west-3",,"Amazon Elastic Compute Cloud",,,,"true"
"DDJHJJPD9MS2F7XR","6QCMYABX3D","DDJHJJPD9MS2F7XR.6QCMYABX3D.2TG2D8R56U","Reserved","Upfront Fee","2026-10-08",,,"Quantity","190759","USD",,"1yr","All Upfront","standard","Compute Instance","AmazonEC2","EU (Paris)","AWS Region","c7i.12xlarge","Yes","Compute optimized","48","Intel Xeon Scalable (Sapphire Rapids)","3.2 GHz","96 GiB","EBS only","18750 Megabit","64-bit",,,,,,,,"Shared","Windows","No License required",,,,"EUW3-BoxUsage:c7i.12xlarge","RunInstances:0102","NA","Used","false","15000 Mbps","15000 Mbps","NA","Yes",,"NA",,,,,,,,,,,,,,"Compute Optimized",,"Yes","Yes","Yes","OnDemand","96",,"SQL Ent","Intel AVX; Intel AVX2; Intel AVX512; Intel Turbo; Intel AMX",,"eu-west-3",,"Amazon Elastic Compute Cloud",,,,"true"
"DDJHJJPD9MS2F7XR","7NE97W5U4E","DDJHJJPD9MS2F7XR.7NE97W5U4E.6YS6EN2CT7","Reserved","Windows with SQL Server Enterprise (Amazon VPC), c7i.12xlarge reserved instance applied","2026-10-08","0","Inf","Hrs","22.1475100000","USD",,"1yr","No Upfront","convertible","Compute Instance","AmazonEC2","EU (Paris)","AWS Region","c7i.12xlarge","Yes","Compute optimized","48","Intel Xeon Scalable (Sapphire Rapids)","3.2 GHz","96 GiB","EBS only","18750 Megabit","64-bit",,,,,,,,"Shared","Windows","No License required",,,,"EUW3-BoxUsage:c7i.12xlarge","RunInstances:0102","NA","Used","false","15000 Mbps","15000 Mbps","NA","Yes",,"NA",,,,,,,,,,,,,,"Compute Optimized",,"Yes","Yes","Yes","OnDemand","96",,"SQL Ent","Intel AVX; Intel AVX2; Intel AVX512; Intel Turbo; Intel AMX",,"eu-west-3",,"Amazon Elastic Compute Cloud",,,,"true"
"DDJHJJPD9MS2F7XR","BPH4J8HBKS","DDJHJJPD9MS2F7XR.BPH4J8HBKS.6YS6EN2CT7","Reserved","Windows with SQL Server Enterprise (Amazon VPC), c7i.12xlarge reserved instance applied","2026-10-08","0","Inf","Hrs","21.3646700000","USD",,"3yr","No Upfront","standard","Compute Instance","AmazonEC2","EU (Paris)","AWS Region","c7i.12xlarge","Yes","Compute optimized","48","Intel Xeon Scalable (Sapphire Rapids)","3.2 GHz","96 GiB","EBS only","18750 Megabit","64-bit",,,,,,,,"Shared","Windows","No License required",,,,"EUW3-BoxUsage:c7i.12xlarge","RunInstances:0102","NA","Used","false","15000 Mbps","15000 Mbps","NA","Yes",,"NA",,,,,,,,,,,,,,"Compute Optimized",,"Yes","Yes","Yes","OnDemand","96",,"SQL Ent","Intel AVX; Intel AVX2; Intel AVX512; Intel Turbo; Intel AMX",,"eu-west-3",,"Amazon Elastic Compute Cloud",,,,"true"
"DDJHJJPD9MS2F7XR","CUZHX8X6JH","DDJHJJPD9MS2F7XR.CUZHX8X6JH.6YS6EN2CT7","Reserved","Windows with SQL Server Enterprise (Amazon VPC), c7i.12xlarge reserved instance applied","2026-10-08","0","Inf","Hrs","11.0275800000","USD",,"1yr","Partial Upfront","convertible","Compute Instance","AmazonEC2","EU (Paris)","AWS Region","c7i.12xlarge","Yes","Compute optimized","48","Intel Xeon Scalable (Sapphire Rapids)","3.2 GHz","96 GiB","EBS only","18750 Megabit","64-bit",,,,,,,,"Shared","Windows","No License required",,,,"EUW3-BoxUsage:c7i.12xlarge","RunInstances:0102","NA","Used","false","15000 Mbps","15000 Mbps","NA","Yes",,"NA",,,,,,,,,,,,,,"Compute Optimized",,"Yes","Yes","Yes","OnDemand","96",,"SQL Ent","Intel AVX; Intel AVX2; Intel AVX512; Intel Turbo; Intel AMX",,"eu-west-3",,"Amazon Elastic Compute Cloud",,,,"true"
"DDJHJJPD9MS2F7XR","CUZHX8X6JH","DDJHJJPD9MS2F7XR.CUZHX8X6JH.2TG2D8R56U","Reserved","Upfront Fee","2026-10-08",,,"Quantity","96602","USD",,"1yr","Partial Upfront","convertible","Compute Instance","AmazonEC2","EU (Paris)","AWS Region","c7i.12xlarge","Yes","Compute optimized","48","Intel Xeon Scalable (Sapphire Rapids)","3.2 GHz","96 GiB","EBS only","18750 Megabit","64-bit",,,,,,,,"Shared","Windows","No License required",,,,"EUW3-BoxUsage:c7i.12xlarge","RunInstances:0102","NA","Used","false","15000 Mbps","15000 Mbps","NA","Yes",,"NA",,,,,,,,,,,,,,"Compute Optimized",,"Yes","Yes","Yes","OnDemand","96",,"SQL Ent","Intel AVX; Intel AVX2; Intel AVX512; Intel Turbo; Intel AMX",,"eu-west-3",,"Amazon Elastic Compute Cloud",,,,"true"
"DDJHJJPD9MS2F7XR","HU7G6KETJZ","DDJHJJPD9MS2F7XR.HU7G6KETJZ.6YS6EN2CT7","Reserved","Windows with SQL Server Enterprise (Amazon VPC), c7i.12xlarge reserved instance applied","2026-10-08","0","Inf","Hrs","10.9041000000","USD",,"1yr","Partial Upfront","standard","Compute Instance","AmazonEC2","EU (Paris)","AWS Region","c7i.12xlarge","Yes","Compute optimized","48","Intel Xeon Scalable (Sapphire Rapids)","3.2 GHz","96 GiB","EBS only","18750 Megabit","64-bit",,,,,,,,"Shared","Windows","No License required",,,,"EUW3-BoxUsage:c7i.12xlarge","RunInstances:0102","NA","Used","false","15000 Mbps","15000 Mbps","NA","Yes",,"NA",,,,,,,,,,,,,,"Compute Optimized",,"Yes","Yes","Yes","OnDemand","96",,"SQL Ent","Intel AVX; Intel AVX2; Intel AVX512; Intel Turbo; Intel AMX",,"eu-west-3",,"Amazon Elastic Compute Cloud",,,,"true"
"DDJHJJPD9MS2F7XR","HU7G6KETJZ","DDJHJJPD9MS2F7XR.HU7G6KETJZ.2TG2D8R56U","Reserved","Upfront Fee","2026-10-08",,,"Quantity","95520","USD",,"1yr","Partial Upfront","standard","Compute Instance","AmazonEC2","EU (Paris)","AWS Region","c7i.12xlarge","Yes","Compute optimized","48","Intel Xeon Scalable (Sapphire Rapids)","3.2 GHz","96 GiB","EBS only","18750 Megabit","64-bit",,,,,,,,"Shared","Windows","No License required",,,,"EUW3-BoxUsage:c7i.12xlarge","RunInstances:0102","NA","Used","false","15000 Mbps","15000 Mbps","NA","Yes",,"NA",,,,,,,,,,,,,,"Compute Optimized",,"Yes","Yes","Yes","OnDemand","96",,"SQL Ent","Intel AVX; Intel AVX2; Intel AVX512; Intel Turbo; Intel AMX",,"eu-west-3",,"Amazon Elastic Compute Cloud",,,,"true"
"DDJHJJPD9MS2F7XR","JRTCKXETXF","DDJHJJPD9MS2F7XR.JRTCKXETXF.6YS6EN2CT7","OnDemand","$22.7532 per On Demand Windows with SQL Server Enterprise c7i.12xlarge Instance Hour","2026-10-01","0","Inf","Hrs","22.7532000000","USD",,,,,"Compute Instance","AmazonEC2","EU (Paris)","AWS Region","c7i.12xlarge","Yes","Compute optimized","48","Intel Xeon Scalable (Sapphire Rapids)","3.2 GHz","96 GiB","EBS only","18750 Megabit","64-bit",,,,,,,,"Shared","Windows","No License required",,,,"EUW3-BoxUsage:c7i.12xlarge","RunInstances:0102","NA","Used","false","15000 Mbps","15000 Mbps","NA","Yes",,"NA",,,,,,,,,,,,,,"Compute Optimized",,"Yes","Yes","Yes","OnDemand","96",,"SQL Ent","Intel AVX; Intel AVX2; Intel AVX512; Intel Turbo; Intel AMX",,"eu-west-3",,"Amazon Elastic Compute Cloud",,,,"true"
"DDJHJJPD9MS2F7XR","MZU6U2429S","DDJHJJPD9MS2F7XR.MZU6U2429S.6YS6EN2CT7","Reserved","USD 0.0 per Windows with SQL Server Enterprise (Amazon VPC), c7i.12xlarge reserved instance applied","2026-10-08","0","Inf","Hrs","0.0000000000","USD",,"3yr","All Upfront","convertible","Compute Instance","AmazonEC2","EU (Paris)","AWS Region","c7i.12xlarge","Yes","Compute optimized","48","Intel Xeon Scalable (Sapphire Rapids)","3.2 GHz","96 GiB","EBS only","18750 Megabit","64-bit",,,,,,,,"Shared","Windows","No License required",,,,"EUW3-BoxUsage:c7i.12xlarge","RunInstances:0102","NA","Used","false","15000 Mbps","15000 Mbps","NA","Yes",,"NA",,,,,,,,,,,,,,"Compute Optimized",,"Yes","Yes","Yes","OnDemand","96",,"SQL Ent","Intel AVX; Intel AVX2; Intel AVX512; Intel Turbo; Intel AMX",,"eu-west-3",,"Amazon Elastic Compute Cloud",,,,"true"
"DDJHJJPD9MS2F7XR","MZU6U2429S","DDJHJJPD9MS2F7XR.MZU6U2429S.2TG2D8R56U","Reserved","Upfront Fee","2026-10-08",,,"Quantity","562738","USD",,"3yr","All Upfront","convertible","Compute Instance","AmazonEC2","EU (Paris)","AWS Region","c7i.12xlarge","Yes","Compute optimized","48","Intel Xeon Scalable (Sapphire Rapids)","3.2 GHz","96 GiB","EBS only","18750 Megabit","64-bit",,,,,,,,"Shared","Windows","No License required",,,,"EUW3-BoxUsage:c7i.12xlarge","RunInstances:0102","NA","Used","false","15000 Mbps","15000 Mbps","NA","Yes",,"NA",,,,,,,,,,,,,,"Compute Optimized",,"Yes","Yes","Yes","OnDemand","96",,"SQL Ent","Intel AVX; Intel AVX2; Intel AVX512; Intel Turbo; Intel AMX",,"eu-west-3",,"Amazon Elastic Compute Cloud",,,,"true"
"DDJHJJPD9MS2F7XR","NQ3QZPMQV9","DDJHJJPD9MS2F7XR.NQ3QZPMQV9.6YS6EN2CT7","Reserved","USD 0.0 per Windows with SQL Server Enterprise (Amazon VPC), c7i.12xlarge reserved instance applied","2026-10-08","0","Inf","Hrs","0.0000000000","USD",,"3yr","All Upfront","standard","Compute Instance","AmazonEC2","EU (Paris)","AWS Region","c7i.12xlarge","Yes","Compute optimized","48","Intel Xeon Scalable (Sapphire Rapids)","3.2 GHz","96 GiB","EBS only","18750 Megabit","64-bit",,,,,,,,"Shared","Windows","No License required",,,,"EUW3-BoxUsage:c7i.12xlarge","RunInstances:0102","NA","Used","false","15000 Mbps","15000 Mbps","NA","Yes",,"NA",,,,,,,,,,,,,,"Compute Optimized",,"Yes","Yes","Yes","OnDemand","96",,"SQL Ent","Intel AVX; Intel AVX2; Intel AVX512; Intel Turbo; Intel AMX",,"eu-west-3",,"Amazon Elastic Compute Cloud",,,,"true"
"DDJHJJPD9MS2F7XR","NQ3QZPMQV9","DDJHJJPD9MS2F7XR.NQ3QZPMQV9.2TG2D8R56U","Reserved","Upfront Fee","2026-10-08",,,"Quantity","557523","USD",,"3yr","All Upfront","standard","Compute Instance","AmazonEC2","EU (Paris)","AWS Region","c7i.12xlarge","Yes","Compute optimized","48","Intel Xeon Scalable (Sapphire Rapids)","3.2 GHz","96 GiB","EBS only","18750 Megabit","64-bit",,,,,,,,"Shared","Windows","No License required",,,,"EUW3-BoxUsage:c7i.12xlarge","RunInstances:0102","NA","Used","false","15000 Mbps","15000 Mbps","NA","Yes",,"NA",,,,,,,,,,,,,,"Compute Optimized",,"Yes","Yes","Yes","OnDemand","96",,"SQL Ent","Intel AVX; Intel AVX2; Intel AVX512; Intel Turbo; Intel AMX",,"eu-west-3",,"Amazon Elastic Compute Cloud",,,,"true"
"DDJHJJPD9MS2F7XR","R5XV2EPZQZ","DDJHJJPD9MS2F7XR.R5XV2EPZQZ.6YS6EN2CT7","Reserved","Windows with SQL Server Enterprise (Amazon VPC), c7i.12xlarge reserved instance applied","2026-10-08","0","Inf","Hrs","10.7188800000","USD",,"3yr","Partial Upfront","convertible","Compute Instance","AmazonEC2","EU (Paris)","AWS Region","c7i.12xlarge","Yes","Compute optimized","48","Intel Xeon Scalable (Sapphire Rapids)","3.2 GHz","96 GiB","EBS only","18750 Megabit","64-bit",,,,,,,,"Shared","Windows","No License required",,,,"EUW3-BoxUsage:c7i.12xlarge","RunInstances:0102","NA","Used","false","15000 Mbps","15000 Mbps","NA","Yes",,"NA",,,,,,,,,,,,,,"Compute Optimized",,"Yes","Yes","Yes","OnDemand","96",,"SQL Ent","Intel AVX; Intel AVX2; Intel AVX512; Intel Turbo; Intel AMX",,"eu-west-3",,"Amazon Elastic Compute Cloud",,,,"true"
"DDJHJJPD9MS2F7XR","R5XV2EPZQZ","DDJHJJPD9MS2F7XR.R5XV2EPZQZ.2TG2D8R56U","Reserved","Upfront Fee","2026-10-08",,,"Quantity","281692","USD",,"3yr","Partial Upfront","convertible","Compute Instance","AmazonEC2","EU (Paris)","AWS Region","c7i.12xlarge","Yes","Compute optimized","48","Intel Xeon Scalable (Sapphire Rapids)","3.2 GHz","96 GiB","EBS only","18750 Megabit","64-bit",,,,,,,,"Shared","Windows","No License required",,,,"EUW3-BoxUsage:c7i.12xlarge","RunInstances:0102","NA","Used","false","15000 Mbps","15000 Mbps","NA","Yes",,"NA",,,,,,,,,,,,,,"Compute Optimized",,"Yes","Yes","Yes","OnDemand","96",,"SQL Ent","Intel AVX; Intel AVX2; Intel AVX512; Intel Turbo; Intel AMX",,"eu-west-3",,"Amazon Elastic Compute Cloud",,,,"true"
"DDJHJJPD9MS2F7XR","VJWZNREJX2","DDJHJJPD9MS2F7XR.VJWZNREJX2.6YS6EN2CT7","Reserved","USD 0.0 per Windows with SQL Server Enterprise (Amazon VPC), c7i.12xlarge reserved instance applied","2026-10-08","0","Inf","Hrs","0.0000000000","USD",,"1yr","All Upfront","convertible","Compute Instance","AmazonEC2","EU (Paris)","AWS Region","c7i.12xlarge","Yes","Compute optimized","48","Intel Xeon Scalable (Sapphire Rapids)","3.2 GHz","96 GiB","EBS only","18750 Megabit","64-bit",,,,,,,,"Shared","Windows","No License required",,,,"EUW3-BoxUsage:c7i.12xlarge","RunInstances:0102","NA","Used","false","15000 Mbps","15000 Mbps","NA","Yes",,"NA",,,,,,,,,,,,,,"Compute Optimized",,"Yes","Yes","Yes","OnDemand","96",,"SQL Ent","Intel AVX; Intel AVX2; Intel AVX512; Intel Turbo; Intel AMX",,"eu-west-3",,"Amazon Elastic Compute Cloud",,,,"true"
"DDJHJJPD9MS2F7XR","VJWZNREJX2","DDJHJJPD9MS2F7XR.VJWZNREJX2.2TG2D8R56U","Reserved","Upfront Fee","2026-10-08",,,"Quantity","192880","USD",,"1yr","All Upfront","convertible","Compute Instance","AmazonEC2","EU (Paris)","AWS Region","c7i.12xlarge","Yes","Compute optimized","48","Intel Xeon Scalable (Sapphire Rapids)","3.2 GHz","96 GiB","EBS only","18750 Megabit","64-bit",,,,,,,,"Shared","Windows","No License required",,,,"EUW3-BoxUsage:c7i.12xlarge","RunInstances:0102","NA","Used","false","15000 Mbps","15000 Mbps","NA","Yes",,"NA",,,,,,,,,,,,,,"Compute Optimized",,"Yes","Yes","Yes","OnDemand","96",,"SQL Ent","Intel AVX; Intel AVX2; Intel AVX512; Intel Turbo; Intel AMX",,"eu-west-3",,"Amazon Elastic Compute Cloud",,,,"true"
"DDJHJJPD9MS2F7XR","Z2E3P23VKM","DDJHJJPD9MS2F7XR.Z2E3P23VKM.6YS6EN2CT7","Reserved","Windows with SQL Server Enterprise (Amazon VPC), c7i.12xlarge reserved instance applied","2026-10-08","0","Inf","Hrs","21.5361500000","USD",,"3yr","No Upfront","convertible","Compute Instance","AmazonEC2","EU (Paris)","AWS Region","c7i.12xlarge","Yes","Compute optimized","48","Intel Xeon Scalable (Sapphire Rapids)","3.2 GHz","96 GiB","EBS only","18750 Megabit","64-bit",,,,,,,,"Shared","Windows","No License required",,,,"EUW3-BoxUsage:c7i.12xlarge","RunInstances:0102","NA","Used","false","15000 Mbps","15000 Mbps","NA","Yes",,"NA",,,,,,,,,,,,,,"Compute Optimized",,"Yes","Yes","Yes","OnDemand","96",,"SQL Ent","Intel AVX; Intel AVX2; Intel AVX512; Intel Turbo; Intel AMX",,"eu-west-3",,"Amazon Elastic Compute Cloud",,,,"true"
"DHCM95DRFXTA65SQ","JRTCKXETXF","DHCM95DRFXTA65SQ.JRTCKXETXF.6YS6EN2CT7","OnDemand","$0.00 per Dedicated Reservation Linux with SQL Web c8i.12xlarge Instance Hour","2026-10-01","0","Inf","Hrs","0.0000000000","USD",,,,,"Compute Instance","AmazonEC2","EU (Paris)","AWS Region","c8i.12xlarge","Yes","Compute optimized","48","Intel Xeon Scalable (Granite Rapids)","3.9 GHz","96 GiB","EBS only","22500 Megabit","64-bit",,,,,,,,"Dedicated","Linux","No License required",,,,"EUW3-DedicatedRes:c8i.12xlarge","RunInstances:0200","NA","AllocatedCapacityReservation","false","15000 Mbps","15000 Mbps","NA","Yes",,"NA",,,,,,,,,,,,,,"Compute Optimized","FAXXPJ5P4R2W958D","Yes","Yes","Yes","OnDemand","96",,"SQL Web","Intel AVX; Intel AVX2; Intel AVX512; Intel Turbo; Intel AMX",,"eu-west-3",,"Amazon Elastic Compute Cloud",,,,"true"
"DHD4F2KSYPWC9HBQ","JRTCKXETXF","DHD4F2KSYPWC9HBQ.JRTCKXETXF.6YS6EN2CT7","OnDemand","$0.00 per Windows with SQL Std c8i.12xlarge Dedicated Host Instance hour","2026-10-01","0","Inf","Hrs","0.0000000000","USD",,,,,"Compute Instance","AmazonEC2","EU (Paris)","AWS Region","c8i.12xlarge","Yes","Compute optimized","48","Intel Xeon Scalable (Granite Rapids)","3.9 GHz","96 GiB","EBS only","22500 Megabit","64-bit",,,,,,,,"Host","Windows","No License required",,,,"EUW3-HostBoxUsage:c8i.12xlarge","RunInstances:0006","NA","Used","false","15000 Mbps","15000 Mbps","NA","Yes",,"NA",,,,,,,,,,,,,,"Compute Optimized",,"Yes","Yes","Yes","OnDemand","96",,"SQL Std","Intel AVX; Intel AVX2; Intel AVX512; Intel Turbo; Intel AMX",,"eu-west-3",,"Amazon Elastic Compute Cloud",,,,"true"
"DJ3HH29QEDC89PWU","JRTCKXETXF","DJ3HH29QEDC89PWU.JRTCKXETXF.6YS6EN2CT7","OnDemand","$22.13004 per Dedicated RHEL with HA and SQL Enterprise c8i.12xlarge Instance Hour","2026-10-01","0","Inf","Hrs","22.1300400000","USD",,,,,"Compute Instance","AmazonEC2","EU (Paris)","AWS Region","c8i.12xlarge","Yes","Compute optimized","48","Intel Xeon Scalable (Granite Rapids)","3.9 GHz","96 GiB","EBS only","22500 Megabit","64-bit",,,,,,,,"Dedicated","Red Hat Enterprise Linux with HA","No License required",,,,"EUW3-DedicatedUsage:c8i.12xlarge","RunInstances:1110","NA","Used","false","15000 Mbps","15000 Mbps","NA","Yes",,"NA",,,,,,,,,,,,,,"Compute Optimized",,"Yes","Yes","Yes","OnDemand","96",,"SQL Ent","Intel AVX; Intel AVX2; Intel AVX512; Intel Turbo; Intel AMX",,"eu-west-3",,"Amazon Elastic Compute Cloud",,,,"true"
"DKD67UVZG2QXD4HV","JRTCKXETXF","DKD67UVZG2QXD4HV.JRTCKXETXF.6YS6EN2CT7","OnDemand","$0.00 per Reservation RHEL c7i.8xlarge Instance Hour","2026-10-01","0","Inf","Hrs","0.0000000000","USD",,,,,"Compute Instance","AmazonEC2","EU (Paris)","AWS Region","c7i.8xlarge","Yes","Compute optimized","32","Intel Xeon Scalable (Sapphire Rapids)","3.2 GHz","64 GiB","EBS only","12500 Megabit","64-bit",,,,,,,,"Shared","RHEL","No License required",,,,"EUW3-Reservation:c7i.8xlarge","RunInstances:0010","NA","AllocatedCapacityReservation","false","10000 Mbps","10000 Mbps","NA","Yes",,"NA",,,,,,,,,,,,,,"Compute Optimized","GMAEHG2AE6JVG7MD","Yes","Yes","Yes","OnDemand","64",,"NA","Intel AVX; Intel AVX2; Intel AVX512; Intel Turbo; Intel AMX",,"eu-west-3",,"Amazon Elastic Compute Cloud",,,,"true"
"DTWDA3SXD7B4GGKB","JRTCKXETXF","DTWDA3SXD7B4GGKB.JRTCKXETXF.6YS6EN2CT7","OnDemand","$3.8748 per Unused Reservation RHEL with SQL Web c7i.12xlarge Instance Hour","2026-10-01","0","Inf","Hrs","3.8748000000","USD",,,,,"Compute Instance","AmazonEC2","EU (Paris)","AWS Region","c7i.12xlarge","Yes","Compute optimized","48","Intel Xeon Scalable (Sapphire Rapids)","3.2 GHz","96 GiB","EBS only","18750 Megabit","64-bit",,,,,,,,"Shared","RHEL","No License required",,,,"EUW3-UnusedBox:c7i.12xlarge","RunInstances:0210","NA","UnusedCapacityReservation","false","15000 Mbps","15000 Mbps","NA","Yes",,"NA",,,,,,,,,,,,,,"Compute Optimized","JUF3DSWKXH5ZNVMT","Yes","Yes","Yes","OnDemand","96",,"SQL Web","Intel AVX; Intel AVX2; Intel AVX512; Intel Turbo; Intel AMX",,"eu-west-3",,"Amazon Elastic Compute Cloud",,,,"true"
"DVCBHSTJMQZ5KNK3","JRTCKXETXF","DVCBHSTJMQZ5KNK3.JRTCKXETXF.6YS6EN2CT7","OnDemand","$3.02364 per Dedicated Unused Reservation Ubuntu Pro c8i.12xlarge Instance Hour","2026-10-01","0","Inf","Hrs","3.0236400000","USD",,,,,"Compute Instance","AmazonEC2","EU (Paris)","AWS Region","c8i.12xlarge","Yes","Compute optimized","48","Intel Xeon Scalable (Granite Rapids)","3.9 GHz","96 GiB","EBS only","22500 Megabit","64-bit",,,,,,,,"Dedicated","Ubuntu Pro","No License required",,,,"EUW3-UnusedDed:c8i.12xlarge","RunInstances:0g00","NA","UnusedCapacityReservation","false","15000 Mbps","15000 Mbps","NA","Yes",,"NA",,,,,,,,,,,,,,"Compute Optimized","GWPNUMPAMVES95KW","Yes","Yes","Yes","OnDemand","96",,"NA","Intel AVX; Intel AVX2; Intel AVX512; Intel Turbo; Intel AMX",,"eu-west-3",,"Amazon Elastic Compute Cloud",,,,"true"
"DYSZWPP3AK54CZTP","JRTCKXETXF","DYSZWPP3AK54CZTP.JRTCKXETXF.6YS6EN2CT7","OnDemand","$0.00 per Dedicated Reservation Windows BYOL c8i.12xlarge Instance Hour","2026-10-01","0","Inf","Hrs","0.0000000000","USD",,,,,"Compute Instance","AmazonEC2","EU (Paris)","AWS Region","c8i.12xlarge","Yes","Compute optimized","48","Intel Xeon Scalable (Granite Rapids)","3.9 GHz","96 GiB","EBS only","22500 Megabit","64-bit",,,,,,,,"Dedicated","Windows","Bring your own license",,,,"EUW3-DedicatedRes:c8i.12xlarge","RunInstances:0800","NA","AllocatedCapacityReservation","false","15000 Mbps","15000 Mbps","NA","Yes",,"NA",,,,,,,,,,,,,,"Compute Optimized","6JSRZWWKKWQMVGEE","Yes","Yes","Yes","OnDemand","96",,"NA","Intel AVX; Intel AVX2; Intel AVX512; Intel Turbo; Intel AMX",,"eu-west-3",,"Amazon Elastic Compute Cloud",,,,"true"
"E2CYU2DHB9ZFMX9G","JRTCKXETXF","E2CYU2DHB9ZFMX9G.JRTCKXETXF.6YS6EN2CT7","OnDemand","$0.00 per Dedicated Reservation RHEL c8i.12xlarge Instance Hour","2026-10-01","0","Inf","Hrs","0.0000000000","USD",,,,,"Compute Instance","AmazonEC2","EU (Paris)","AWS Region","c8i.12xlarge","Yes","Compute optimized","48","Intel Xeon Scalable (Granite Rapids)","3.9 GHz","96 GiB","EBS only","22500 Megabit","64-bit",,,,,,,,"Dedicated","RHEL","No License required",,,,"EUW3-DedicatedRes:c8i.12xlarge","RunInstances:0010","NA","AllocatedCapacityReservation","false","15000 Mbps","15000 Mbps","NA","Yes",,"NA",,,,,,,,,,,,,,"Compute Optimized","ZNKTF7FDG38AYTFG","Yes","Yes","Yes","OnDemand","96",,"NA","Intel AVX; Intel AVX2; Intel AVX512; Intel Turbo; Intel AMX",,"eu-west-3",,"Amazon Elastic Compute Cloud",,,,"true"
"E3PF8EA3NSAJNUQG","JRTCKXETXF","E3PF8EA3NSAJNUQG.JRTCKXETXF.6YS6EN2CT7","OnDemand","$10.76772 per Dedicated Unused Reservation Windows with SQL Std c7i.12xlarge Instance Hour","2026-10-01","0","Inf","Hrs","10.7677200000","USD",,,,,"Compute Instance","AmazonEC2","EU (Paris)","AWS Region","c7i.12xlarge","Yes","Compute optimized","48","Intel Xeon Scalable (Sapphire Rapids)","3.2 GHz","96 GiB","EBS only","18750 Megabit","64-bit",,,,,,,,"Dedicated","Windows","No License required",,,,"EUW3-UnusedDed:c7i.12xlarge","RunInstances:0006","NA","UnusedCapacityReservation","false","15000 Mbps","15000 Mbps","NA","Yes",,"NA",,,,,,,,,,,,,,"Compute Optimized","QYY2X7FFNA3YJ3VQ","Yes","Yes","Yes","OnDemand","96",,"SQL Std","Intel AVX; Intel AVX2; Intel AVX512; Intel Turbo; Intel AMX",,"eu-west-3",,"Amazon Elastic Compute Cloud",,,,"true"
"E5NNRY6X4VHRNFZZ","JRTCKXETXF","E5NNRY6X4VHRNFZZ.JRTCKXETXF.6YS6EN2CT7","OnDemand","$0.00 per Reservation Windows with SQL Web c7i.8xlarge Instance Hour","2026-10-01","0","Inf","Hrs","0.0000000000","USD",,,,,"Compute Instance","AmazonEC2","EU (Paris)","AWS Region","c7i.8xlarge","Yes","Compute optimized","32","Intel Xeon Scalable (Sapphire Rapids)","3.2 GHz","64 GiB","EBS only","12500 Megabit","64-bit",,,,,,,,"Shared","Windows","No License required",,,,"EUW3-Reservation:c7i.8xlarge","RunInstances:0202","NA","AllocatedCapacityReservation","false","10000 Mbps","10000 Mbps","NA","Yes",,"NA",,,,,,,,,,,,,,"Compute Optimized","QDVF9JB96KAXKFTK","Yes","Yes","Yes","OnDemand","64",,"SQL Web","Intel AVX; Intel AVX2; Intel AVX512; Intel Turbo; Intel AMX",,"eu-west-3",,"Amazon Elastic Compute Cloud",,,,"true"
"E6A297ZVU3UZQXD5","JRTCKXETXF","E6A297ZVU3UZQXD5.JRTCKXETXF.6YS6EN2CT7","OnDemand","$21.31812 per Dedicated RHEL with SQL Server Enterprise c7i.12xlarge Instance Hour","2026-10-01","0","Inf","Hrs","21.3181200000","USD",,,,,"Compute Instance","AmazonEC2","EU (Paris)","AWS Region","c7i.12xlarge","Yes","Compute optimized","48","Intel Xeon Scalable (Sapphire Rapids)","3.2 GHz","96 GiB","EBS only","18750 Megabit","64-bit",,,,,,,,"Dedicated","RHEL","No License required",,,,"EUW3-DedicatedUsage:c7i.12xlarge","RunInstances:0110","NA","Used","false","15000 Mbps","15000 Mbps","NA","Yes",,"NA",,,,,,,,,,,,,,"Compute Optimized",,"Yes","Yes","Yes","OnDemand","96",,"SQL Ent","Intel AVX; Intel AVX2; Intel AVX512; Intel Turbo; Intel AMX",,"eu-west-3",,"Amazon Elastic Compute Cloud",,,,"true"
"E983G8XQBH4KGCX3","JRTCKXETXF","E983G8XQBH4KGCX3.JRTCKXETXF.6YS6EN2CT7","OnDemand","$14.66008 per Dedicated Unused Reservation RHEL with HA and SQL Enterprise c7i.8xlarge Instance Hour","2026-10-01","0","Inf","Hrs","14.6600800000","USD",,,,,"Compute Instance","AmazonEC2","EU (Paris)","AWS Region","c7i.8xlarge","Yes","Compute optimized","32","Intel Xeon Scalable (Sapphire Rapids)","3.2 GHz","64 GiB","EBS only","12500 Megabit","64-bit",,,,,,,,"Dedicated","Red Hat Enterprise Linux with HA","No License required",,,,"EUW3-UnusedDed:c7i.8xlarge","RunInstances:1110","NA","UnusedCapacityReservation","false","10000 Mbps","10000 Mbps","NA","Yes",,"NA",,,,,,,,,,,,,,"Compute Optimized","T5PNBR7YVTH239RP","Yes","Yes","Yes","OnDemand","64",,"SQL Ent","Intel AVX; Intel AVX2; Intel AVX512; Intel Turbo; Intel AMX",,"eu-west-3",,"Amazon Elastic Compute Cloud",,,,"true"
"EAFVYUEMKTSB6SJP","JRTCKXETXF","EAFVYUEMKTSB6SJP.JRTCKXETXF.6YS6EN2CT7","OnDemand","$0.00 per Reservation Windows BYOL c7i.8xlarge Instance Hour","2026-10-01","0","Inf","Hrs","0.0000000000","USD",,,,,"Compute Instance","AmazonEC2","EU (Paris)","AWS Region","c7i.8xlarge","Yes","Compute optimized","32","Intel Xeon Scalable (Sapphire Rapids)","3.2 GHz","64 GiB","EBS only","12500 Megabit","64-bit",,,,,,,,"Shared","Windows","Bring your own license",,,,"EUW3-Reservation:c7i.8xlarge","RunInstances:0800","NA","AllocatedCapacityReservation","false","10000 Mbps","10000 Mbps","NA","Yes",,"NA",,,,,,,,,,,,,,"Compute Optimized","V7CVDBF6DHARY3Y6","Yes","Yes","Yes","OnDemand","64",,"NA","Intel AVX; Intel AVX2; Intel AVX512; Intel Turbo; Intel AMX",,"eu-west-3",,"Amazon Elastic Compute Cloud",,,,"true"
"ECW9A2T264JHQBAG","38NPMPTW36","ECW9A2T264JHQBAG.38NPMPTW36.6YS6EN2CT7","Reserved","Red Hat Enterprise Linux with HA (Amazon VPC), c7i.8xlarge reserved instance applied","2026-10-08","0","Inf","Hrs","0.4363500000","USD",,"3yr","Partial Upfront","standard","Compute Instance","AmazonEC2","EU (Paris)","AWS Region","c7i.8xlarge","Yes","Compute optimized","32","Intel Xeon Scalable (Sapphire Rapids)","3.2 GHz","64 GiB","EBS only","12500 Megabit","64-bit",,,,,,,,"Shared","Red Hat Enterprise Linux with HA","No License required",,,,"EUW3-BoxUsage:c7i.8xlarge","RunInstances:1010","NA","Used","false","10000 Mbps","10000 Mbps","NA","Yes",,"NA",,,,,,,,,,,,,,"Compute Optimized",,"Yes","Yes","Yes","OnDemand","64",,"NA","Intel AVX; Intel AVX2; Intel AVX512; Intel Turbo; Intel AMX",,"eu-west-3",,"Amazon Elastic Compute Cloud",,,,"true"
"ECW9A2T264JHQBAG","38NPMPTW36","ECW9A2T264JHQBAG.38NPMPTW36.2TG2D8R56U","Reserved","Upfront Fee","2026-10-08",,,"Quantity","11467","USD",,"3yr","Partial Upfront","standard","Compute Instance","AmazonEC2","EU (Paris)","AWS Region","c7i.8xlarge","Yes","Compute optimized","32","Intel Xeon Scalable (Sapphire Rapids)","3.2 GHz","64 GiB","EBS only","12500 Megabit","64-bit",,,,,,,,"Shared","Red Hat Enterprise Linux with HA","No License required",,,,"EUW3-BoxUsage:c7i.8xlarge","RunInstances:1010","NA","Used","false","10000 Mbps","10000 Mbps","NA","Yes",,"NA",,,,,,,,,,,,,,"Compute Optimized",,"Yes","Yes","Yes","OnDemand","64",,"NA","Intel AVX; Intel AVX2; Intel AVX512; Intel Turbo; Intel AMX",,"eu-west-3",,"Amazon Elastic Compute Cloud",,,,"true"
"ECW9A2T264JHQBAG","4NA7Y494T4","ECW9A2T264JHQBAG.4NA7Y494T4.6YS6EN2CT7","Reserved","Red Hat Enterprise Linux with HA (Amazon VPC), c7i.8xlarge reserved instance applied","2026-10-08","0","Inf","Hrs","1.2821300000","USD",,"1yr","No Upfront","standard","Compute Instance","AmazonEC2","EU (Paris)","AWS Region","c7i.8xlarge","Yes","Compute optimized","32","Intel Xeon Scalable (Sapphire Rapids)","3.2 GHz","64 GiB","EBS only","12500 Megabit","64-bit",,,,,,,,"Shared","Red Hat Enterprise Linux with HA","No License required",,,,"EUW3-BoxUsage:c7i.8xlarge","RunInstances:1010","NA","Used","false","10000 Mbps","10000 Mbps","NA","Yes",,"NA",,,,,,,,,,,,,,"Compute Optimized",,"Yes","Yes","Yes","OnDemand","64",,"NA","Intel AVX; Intel AVX2; Intel AVX512; Intel Turbo; Intel AMX",,"eu-west-3",,"Amazon Elastic Compute Cloud",,,,"true"
"ECW9A2T264JHQBAG","6QCMYABX3D","ECW9A2T264JHQBAG.6QCMYABX3D.6YS6EN2CT7","Reserved","USD 0.0 per Red Hat Enterprise Linux with HA (Amazon VPC), c7i.8xlarge reserved instance applied","2026-10-08","0","Inf","Hrs","0.0000000000","USD",,"1yr","All Upfront","standard","Compute Instance","AmazonEC2","EU (Paris)","AWS Region","c7i.8xlarge","Yes","Compute optimized","32","Intel Xeon Scalable (Sapphire Rapids)","3.2 GHz","64 GiB","EBS only","12500 Megabit","64-bit",,,,,,,,"Shared","Red Hat Enterprise Linux with HA","No License required",,,,"EUW3-BoxUsage:c7i.8xlarge","RunInstances:1010","NA","Used","false","10000 Mbps","10000 Mbps","NA","Yes",,"NA",,,,,,,,,,,,,,"Compute Optimized",,"Yes","Yes","Yes","OnDemand","64",,"NA","Intel AVX; Intel AVX2; Intel AVX512; Intel Turbo; Intel AMX",,"eu-west-3",,"Amazon Elastic Compute Cloud",,,,"true"
"ECW9A2T264JHQBAG","6QCMYABX3D","ECW9A2T264JHQBAG.6QCMYABX3D.2TG2D8R56U","Reserved","Upfront Fee","2026-10-08",,,"Quantity","10577","USD",,"1yr","All Upfront","standard","Compute Instance","AmazonEC2","EU (Paris)","AWS Region","c7i.8xlarge","Yes","Compute optimized","32","Intel Xeon Scalable (Sapphire Rapids)","3.2 GHz","64 GiB","EBS only","12500 Megabit","64-bit",,,,,,,,"Shared","Red Hat Enterprise Linux with HA","No License required",,,,"EUW3-BoxUsage:c7i.8xlarge","RunInstances:1010","NA","Used","false","10000 Mbps","10000 Mbps","NA","Yes",,"NA",,,,,,,,,,,,,,"Compute Optimized",,"Yes","Yes","Yes","OnDemand","64",,"NA","Intel AVX; Intel AVX2; Intel AVX512; Intel Turbo; Intel AMX",,"eu-west-3",,"Amazon Elastic Compute Cloud",,,,"true"
"ECW9A2T264JHQBAG","7NE97W5U4E","ECW9A2T264JHQBAG.7NE97W5U4E.6YS6EN2CT7","Reserved","Red Hat Enterprise Linux with HA (Amazon VPC), c7i.8xlarge reserved instance applied","2026-10-08","0","Inf","Hrs","1.4550100000","USD",,"1yr","No Upfront","convertible","Compute Instance","AmazonEC2","EU (Paris)","AWS Region","c7i.8xlarge","Yes","Compute optimized","32","Intel Xeon Scalable (Sapphire Rapids)","3.2 GHz","64 GiB","EBS only","12500 Megabit","64-bit",,,,,,,,"Shared","Red Hat Enterprise Linux with HA","No License required",,,,"EUW3-BoxUsage:c7i.8xlarge","RunInstances:1010","NA","Used","false","10000 Mbps","10000 Mbps","NA","Yes",,"NA",,,,,,,,,,,,,,"Compute Optimized",,"Yes","Yes","Yes","OnDemand","64",,"NA","Intel AVX; Intel AVX2; Intel AVX512; Intel Turbo; Intel AMX",,"eu-west-3",,"Amazon Elastic Compute Cloud",,,,"true"
"ECW9A2T264JHQBAG","BPH4J8HBKS","ECW9A2T264JHQBAG.BPH4J8HBKS.6YS6EN2CT7","Reserved","Red Hat Enterprise Linux with HA (Amazon VPC), c7i.8xlarge reserved instance applied","2026-10-08","0","Inf","Hrs","0.9298200000","USD",,"3yr","No Upfront","standard","Compute Instance","AmazonEC2","EU (Paris)","AWS Region","c7i.8xlarge","Yes","Compute optimized","32","Intel Xeon Scalable (Sapphire Rapids)","3.2 GHz","64 GiB","EBS only","12500 Megabit","64-bit",,,,,,,,"Shared","Red Hat Enterprise Linux with HA","No License required",,,,"EUW3-BoxUsage:c7i.8xlarge","RunInstances:1010","NA","Used","false","10000 Mbps","10000 Mbps","NA","Yes",,"NA",,,,,,,,,,,,,,"Compute Optimized",,"Yes","Yes","Yes","OnDemand","64",,"NA","Intel AVX; Intel AVX2; Intel AVX512; Intel Turbo; Intel AMX",,"eu-west-3",,"Amazon Elastic Compute Cloud",,,,"true"
"ECW9A2T264JHQBAG","CUZHX8X6JH","ECW9A2T264JHQBAG.CUZHX8X6JH.6YS6EN2CT7","Reserved","Red Hat Enterprise Linux with HA (Amazon VPC), c7i.8xlarge reserved instance applied","2026-10-08","0","Inf","Hrs","0.6967200000","USD",,"1yr","Partial Upfront","convertible","Compute Instance","AmazonEC2","EU (Paris)","AWS Region","c7i.8xlarge","Yes","Compute optimized","32","Intel Xeon Scalable (Sapphire Rapids)","3.2 GHz","64 GiB","EBS only","12500 Megabit","64-bit",,,,,,,,"Shared","Red Hat Enterprise Linux with HA","No License required",,,,"EUW3-BoxUsage:c7i.8xlarge","RunInstances:1010","NA","Used","false","10000 Mbps","10000 Mbps","NA","Yes",,"NA",,,,,,,,,,,,,,"Compute Optimized",,"Yes","Yes","Yes","OnDemand","64",,"NA","Intel AVX; Intel AVX2; Intel AVX512; Intel Turbo; Intel AMX",,"eu-west-3",,"Amazon Elastic Compute Cloud",,,,"true"
"ECW9A2T264JHQBAG","CUZHX8X6JH","ECW9A2T264JHQBAG.CUZHX8X6JH.2TG2D8R56U","Reserved","Upfront Fee","2026-10-08",,,"Quantity","6103","USD",,"1yr","Partial Upfront","convertible","Compute Instance","AmazonEC2","EU (Paris)","AWS Region","c7i.8xlarge","Yes","Compute optimized","32","Intel Xeon Scalable (Sapphire Rapids)","3.2 GHz","64 GiB","EBS only","12500 Megabit","64-bit",,,,,,,,"Shared","Red Hat Enterprise Linux with HA","No License required",,,,"EUW3-BoxUsage:c7i.8xlarge","RunInstances:1010","NA","Used","false","10000 Mbps","10000 Mbps","NA","Yes",,"NA",,,,,,,,,,,,,,"Compute Optimized",,"Yes","Yes","Yes","OnDemand","64",,"NA","Intel AVX; Intel AVX2; Intel AVX512; Intel Turbo; Intel AMX",,"eu-west-3",,"Amazon Elastic Compute Cloud",,,,"true"
"ECW9A2T264JHQBAG","HU7G6KETJZ","ECW9A2T264JHQBAG.HU7G6KETJZ.6YS6EN2CT7","Reserved","Red Hat Enterprise Linux with HA (Amazon VPC), c7i.8xlarge reserved instance applied","2026-10-08","0","Inf","Hrs","0.6144000000","USD",,"1yr","Partial Upfront","standard","Compute Instance","AmazonEC2","EU (Paris)","AWS Region","c7i.8xlarge","Yes","Compute optimized","32","Intel Xeon Scalable (Sapphire Rapids)","3.2 GHz","64 GiB","EBS only","12500 Megabit","64-bit",,,,,,,,"Shared","Red Hat Enterprise Linux with HA","No License required",,,,"EUW3-BoxUsage:c7i.8xlarge","RunInstances:1010","NA","Used","false","10000 Mbps","10000 Mbps","NA","Yes",,"NA",,,,,,,,,,,,,,"Compute Optimized",,"Yes","Yes","Yes","OnDemand","64",,"NA","Intel AVX; Intel AVX2; Intel AVX512; Intel Turbo; Intel AMX",,"eu-west-3",,"Amazon Elastic Compute Cloud",,,,"true"
"ECW9A2T264JHQBAG","HU7G6KETJZ","ECW9A2T264JHQBAG.HU7G6KETJZ.2TG2D8R56U","Reserved","Upfront Fee","2026-10-08",,,"Quantity","5382","USD",,"1yr","Partial Upfront","standard","Compute Instance","AmazonEC2","EU (Paris)","AWS Region","c7i.8xlarge","Yes","Compute optimized","32","Intel Xeon Scalable (Sapphire Rapids)","3.2 GHz","64 GiB","EBS only","12500 Megabit","64-bit",,,,,,,,"Shared","Red Hat Enterprise Linux with HA","No License required",,,,"EUW3-BoxUsage:c7i.8xlarge","RunInstances:1010","NA","Used","false","10000 Mbps","10000 Mbps","NA","Yes",,"NA",,,,,,,,,,,,,,"Compute Optimized",,"Yes","Yes","Yes","OnDemand","64",,"NA","Intel AVX; Intel AVX2; Intel AVX512; Intel Turbo; Intel AMX",,"eu-west-3",,"Amazon Elastic Compute Cloud",,,,"true"
"ECW9A2T264JHQBAG","JRTCKXETXF","ECW9A2T264JHQBAG.JRTCKXETXF.6YS6EN2CT7","OnDemand","$2.4904 per On Demand Red Hat Enterprise Linux with HA c7i.8xlarge Instance Hour","2026-10-01","0","Inf","Hrs","2.4904000000","USD",,,,,"Compute Instance","AmazonEC2","EU (Paris)","AWS Region","c7i.8xlarge","Yes","Compute optimized","32","Intel Xeon Scalable (Sapphire Rapids)","3.2 GHz","64 GiB","EBS only","12500 Megabit","64-bit",,,,,,,,"Shared","Red Hat Enterprise Linux with HA","No License required",,,,"EUW3-BoxUsage:c7i.8xlarge","RunInstances:1010","NA","Used","false","10000 Mbps","10000 Mbps","NA","Yes",,"NA",,,,,,,,,,,,,,"Compute Optimized",,"Yes","Yes","Yes","OnDemand","64",,"NA","Intel AVX; Intel AVX2; Intel AVX512; Intel Turbo; Intel AMX",,"eu-west-3",,"Amazon Elastic Compute Cloud",,,,"true"
"ECW9A2T264JHQBAG","MZU6U2429S","ECW9A2T264JHQBAG.MZU6U2429S.6YS6EN2CT7","Reserved","USD 0.0 per Red Hat Enterprise Linux with HA (Amazon VPC), c7i.8xlarge reserved instance applied","2026-10-08","0","Inf","Hrs","0.0000000000","USD",,"3yr","All Upfront","convertible","Compute Instance","AmazonEC2","EU (Paris)","AWS Region","c7i.8xlarge","Yes","Compute optimized","32","Intel Xeon Scalable (Sapphire Rapids)","3.2 GHz","64 GiB","EBS only","12500 Megabit","64-bit",,,,,,,,"Shared","Red Hat Enterprise Linux with HA","No License required",,,,"EUW3-BoxUsage:c7i.8xlarge","RunInstances:1010","NA","Used","false","10000 Mbps","10000 Mbps","NA","Yes",,"NA",,,,,,,,,,,,,,"Compute Optimized",,"Yes","Yes","Yes","OnDemand","64",,"NA","Intel AVX; Intel AVX2; Intel AVX512; Intel Turbo; Intel AMX",,"eu-west-3",,"Amazon Elastic Compute Cloud",,,,"true"
"ECW9A2T264JHQBAG","MZU6U2429S","ECW9A2T264JHQBAG.MZU6U2429S.2TG2D8R56U","Reserved","Upfront Fee","2026-10-08",,,"Quantity","25285","USD",,"3yr","All Upfront","convertible","Compute Instance","AmazonEC2","EU (Paris)","AWS Region","c7i.8xlarge","Yes","Compute optimized","32","Intel Xeon Scalable (Sapphire Rapids)","3.2 GHz","64 GiB","EBS only","12500 Megabit","64-bit",,,,,,,,"Shared","Red Hat Enterprise Linux with HA","No License required",,,,"EUW3-BoxUsage:c7i.8xlarge","RunInstances:1010","NA","Used","false","10000 Mbps","10000 Mbps","NA","Yes",,"NA",,,,,,,,,,,,,,"Compute Optimized",,"Yes","Yes","Yes","OnDemand","64",,"NA","Intel AVX; Intel AVX2; Intel AVX512; Intel Turbo; Intel AMX",,"eu-west-3",,"Amazon Elastic Compute Cloud",,,,"true"
"ECW9A2T264JHQBAG","NQ3QZPMQV9","ECW9A2T264JHQBAG.NQ3QZPMQV9.6YS6EN2CT7","Reserved","USD 0.0 per Red Hat Enterprise Linux with HA (Amazon VPC), c7i.8xlarge reserved instance applied","2026-10-08","0","Inf","Hrs","0.0000000000","USD",,"3yr","All Upfront","standard","Compute Instance","AmazonEC2","EU (Paris)","AWS Region","c7i.8xlarge","Yes","Compute optimized","32","Intel Xeon Scalable (Sapphire Rapids)","3.2 GHz","64 GiB","EBS only","12500 Megabit","64-bit",,,,,,,,"Shared","Red Hat Enterprise Linux with HA","No License required",,,,"EUW3-BoxUsage:c7i.8xlarge","RunInstances:1010","NA","Used","false","10000 Mbps","10000 Mbps","NA","Yes",,"NA",,,,,,,,,,,,,,"Compute Optimized",,"Yes","Yes","Yes","OnDemand","64",,"NA","Intel AVX; Intel AVX2; Intel AVX512; Intel Turbo; Intel AMX",,"eu-west-3",,"Amazon Elastic Compute Cloud",,,,"true"
"ECW9A2T264JHQBAG","NQ3QZPMQV9","ECW9A2T264JHQBAG.NQ3QZPMQV9.2TG2D8R56U","Reserved","Upfront Fee","2026-10-08",,,"Quantity","21809","USD",,"3yr","All Upfront","standard","Compute Instance","AmazonEC2","EU (Paris)","AWS Region","c7i.8xlarge","Yes","Compute optimized","32","Intel Xeon Scalable (Sapphire Rapids)","3.2 GHz","64 GiB","EBS only","12500 Megabit","64-bit",,,,,,,,"Shared","Red Hat Enterprise Linux with HA","No License required",,,,"EUW3-BoxUsage:c7i.8xlarge","RunInstances:1010","NA","Used","false","10000 Mbps","10000 Mbps","NA","Yes",,"NA",,,,,,,,,,,,,,"Compute Optimized",,"Yes","Yes","Yes","OnDemand","64",,"NA","Intel AVX; Intel AVX2; Intel AVX512; Intel Turbo; Intel AMX",,"eu-west-3",,"Amazon Elastic Compute Cloud",,,,"true"
"ECW9A2T264JHQBAG","R5XV2EPZQZ","ECW9A2T264JHQBAG.R5XV2EPZQZ.6YS6EN2CT7","Reserved","Red Hat Enterprise Linux with HA (Amazon VPC), c7i.8xlarge reserved instance applied","2026-10-08","0","Inf","Hrs","0.4892700000","USD",,"3yr","Partial Upfront","convertible","Compute Instance","AmazonEC2","EU (Paris)","AWS Region","c7i.8xlarge","Yes","Compute optimized","32","Intel Xeon Scalable (Sapphire Rapids)","3.2 GHz","64 GiB","EBS only","12500 Megabit","64-bit",,,,,,,,"Shared","Red Hat Enterprise Linux with HA","No License required",,,,"EUW3-BoxUsage:c7i.8xlarge","RunInstances:1010","NA","Used","false","10000 Mbps","10000 Mbps","NA","Yes",,"NA",,,,,,,,,,,,,,"Compute Optimized",,"Yes","Yes","Yes","OnDemand","64",,"NA","Intel AVX; Intel AVX2; Intel AVX512; Intel Turbo; Intel AMX",,"eu-west-3",,"Amazon Elastic Compute Cloud",,,,"true"
"ECW9A2T264JHQBAG","R5XV2EPZQZ","ECW9A2T264JHQBAG.R5XV2EPZQZ.2TG2D8R56U","Reserved","Upfront Fee","2026-10-08",,,"Quantity","12858","USD",,"3yr","Partial Upfront","convertible","Compute Instance","AmazonEC2","EU (Paris)","AWS Region","c7i.8xlarge","Yes","Compute optimized","32","Intel Xeon Scalable (Sapphire Rapids)","3.2 GHz","64 GiB","EBS only","12500 Megabit","64-bit",,,,,,,,"Shared","Red Hat Enterprise Linux with HA","No License required",,,,"EUW3-BoxUsage:c7i.8xlarge","RunInstances:1010","NA","Used","false","10000 Mbps","10000 Mbps","NA","Yes",,"NA",,,,,,,,,,,,,,"Compute Optimized",,"Yes","Yes","Yes","OnDemand","64",,"NA","Intel AVX; Intel AVX2; Intel AVX512; Intel Turbo; Intel AMX",,"eu-west-3",,"Amazon Elastic Compute Cloud",,,,"true"
"ECW9A2T264JHQBAG","VJWZNREJX2","ECW9A2T264JHQBAG.VJWZNREJX2.6YS6EN2CT7","Reserved","USD 0.0 per Red Hat Enterprise Linux with HA (Amazon VPC), c7i.8xlarge reserved instance applied","2026-10-08","0","Inf","Hrs","0.0000000000","USD",,"1yr","All Upfront","convertible","Compute Instance","AmazonEC2","EU (Paris)","AWS Region","c7i.8xlarge","Yes","Compute optimized","32","Intel Xeon Scalable (Sapphire Rapids)","3.2 GHz","64 GiB","EBS only","12500 Megabit","64-bit",,,,,,,,"Shared","Red Hat Enterprise Linux with HA","No License required",,,,"EUW3-BoxUsage:c7i.8xlarge","RunInstances:1010","NA","Used","false","10000 Mbps","10000 Mbps","NA","Yes",,"NA",,,,,,,,,,,,,,"Compute Optimized",,"Yes","Yes","Yes","OnDemand","64",,"NA","Intel AVX; Intel AVX2; Intel AVX512; Intel Turbo; Intel AMX",,"eu-west-3",,"Amazon Elastic Compute Cloud",,,,"true"
"ECW9A2T264JHQBAG","VJWZNREJX2","ECW9A2T264JHQBAG.VJWZNREJX2.2TG2D8R56U","Reserved","Upfront Fee","2026-10-08",,,"Quantity","11991","USD",,"1yr","All Upfront","convertible","Compute Instance","AmazonEC2","EU (Paris)","AWS Region","c7i.8xlarge","Yes","Compute optimized","32","Intel Xeon Scalable (Sapphire Rapids)","3.2 GHz","64 GiB","EBS only","12500 Megabit","64-bit",,,,,,,,"Shared","Red Hat Enterprise Linux with HA","No License required",,,,"EUW3-BoxUsage:c7i.8xlarge","RunInstances:1010","NA","Used","false","10000 Mbps","10000 Mbps","NA","Yes",,"NA",,,,,,,,,,,,,,"Compute Optimized",,"Yes","Yes","Yes","OnDemand","64",,"NA","Intel AVX; Intel AVX2; Intel AVX512; Intel Turbo; Intel AMX",,"eu-west-3",,"Amazon Elastic Compute Cloud",,,,"true"
"ECW9A2T264JHQBAG","Z2E3P23VKM","ECW9A2T264JHQBAG.Z2E3P23VKM.6YS6EN2CT7","Reserved","Red Hat Enterprise Linux with HA (Amazon VPC), c7i.8xlarge reserved instance applied","2026-10-08","0","Inf","Hrs","1.0441300000","USD",,"3yr","No Upfront","convertible","Compute Instance","AmazonEC2","EU (Paris)","AWS Region","c7i.8xlarge","Yes","Compute optimized","32","Intel Xeon Scalable (Sapphire Rapids)","3.2 GHz","64 GiB","EBS only","12500 Megabit","64-bit",,,,,,,,"Shared","Red Hat Enterprise Linux with HA","No License required",,,,"EUW3-BoxUsage:c7i.8xlarge","RunInstances:1010","NA","Used","false","10000 Mbps","10000 Mbps","NA","Yes",,"NA",,,,,,,,,,,,,,"Compute Optimized",,"Yes","Yes","Yes","OnDemand","64",,"NA","Intel AVX; Intel AVX2; Intel AVX512; Intel Turbo; Intel AMX",,"eu-west-3",,"Amazon Elastic Compute Cloud",,,,"true"
"EGJPGB245P2NVMZQ","JRTCKXETXF","EGJPGB245P2NVMZQ.JRTCKXETXF.6YS6EN2CT7","OnDemand","$3.06464 per Dedicated SUSE c8i.12xlarge Instance Hour","2026-10-01","0","Inf","Hrs","3.0646400000","USD",,,,,"Compute Instance","AmazonEC2","EU (Paris)","AWS Region","c8i.12xlarge","Yes","Compute optimized","48","Intel Xeon Scalable (Granite Rapids)","3.9 GHz","96 GiB","EBS only","22500 Megabit","64-bit",,,,,,,,"Dedicated","SUSE","No License required",,,,"EUW3-DedicatedUsage:c8i.12xlarge","RunInstances:000g","NA","Used","false","15000 Mbps","15000 Mbps","NA","Yes",,"NA",,,,,,,,,,,,,,"Compute Optimized",,"Yes","Yes","Yes","OnDemand","96",,"NA","Intel AVX; Intel AVX2; Intel AVX512; Intel Turbo; Intel AMX",,"eu-west-3",,"Amazon Elastic Compute Cloud",,,,"true"
"EGNJENJZ7ZV97SFC","JRTCKXETXF","EGNJENJZ7ZV97SFC.JRTCKXETXF.6YS6EN2CT7","OnDemand","$0.00 per Reservation RHEL with SQL Web c8i.12xlarge Instance Hour","2026-10-01","0","Inf","Hrs","0.0000000000","USD",,,,,"Compute Instance","AmazonEC2","EU (Paris)","AWS Region","c8i.12xlarge","Yes","Compute optimized","48","Intel Xeon Scalable (Granite Rapids)","3.9 GHz","96 GiB","EBS only","22500 Megabit","64-bit",,,,,,,,"Shared","RHEL","No License required",,,,"EUW3-Reservation:c8i.12xlarge","RunInstances:0210","NA","AllocatedCapacityReservation","false","15000 Mbps","15000 Mbps","NA","Yes",,"NA",,,,,,,,,,,,,,"Compute Optimized","WK6SEKNKF9N28XJ8","Yes","Yes","Yes","OnDemand","96",,"SQL Web","Intel AVX; Intel AVX2; Intel AVX512; Intel Turbo; Intel AMX",,"eu-west-3",,"Amazon Elastic Compute Cloud",,,,"true"
"EGVHAAXENNTV3D3E","JRTCKXETXF","EGVHAAXENNTV3D3E.JRTCKXETXF.6YS6EN2CT7","OnDemand","$3.3564 per Unused Reservation Linux with SQL Web c7i.12xlarge Instance Hour","2026-10-01","0","Inf","Hrs","3.3564000000","USD",,,,,"Compute Instance","AmazonEC2","EU (Paris)","AWS Region","c7i.12xlarge","Yes","Compute optimized","48","Intel Xeon Scalable (Sapphire Rapids)","3.2 GHz","96 GiB","EBS only","18750 Megabit","64-bit",,,,,,,,"Shared","Linux","No License required",,,,"EUW3-UnusedBox:c7i.12xlarge","RunInstances:0200","NA","UnusedCapacityReservation","false","15000 Mbps","15000 Mbps","NA","Yes",,"NA",,,,,,,,,,,,,,"Compute Optimized","6SWF5B3N7K2BPJJG","Yes","Yes","Yes","OnDemand","96",,"SQL Web","Intel AVX; Intel AVX2; Intel AVX512; Intel Turbo; Intel AMX",,"eu-west-3",,"Amazon Elastic Compute Cloud",,,,"true"
"EGZZQ4B6E5CYKFP7","38NPMPTW36","EGZZQ4B6E5CYKFP7.38NPMPTW36.6YS6EN2CT7","Reserved","Windows with SQL Server Enterprise (Amazon VPC), c7i.8xlarge reserved instance applied","2026-10-08","0","Inf","Hrs","7.1287000000","USD",,"3yr","Partial Upfront","standard","Compute Instance","AmazonEC2","EU (Paris)","AWS Region","c7i.8xlarge","Yes","Compute optimized","32","Intel Xeon Scalable (Sapphire Rapids)","3.2 GHz","64 GiB","EBS only","12500 Megabit","64-bit",,,,,,,,"Dedicated","Windows","No License required",,,,"EUW3-DedicatedUsage:c7i.8xlarge","RunInstances:0102","NA","Used","false","10000 Mbps","10000 Mbps","NA","Yes",,"NA",,,,,,,,,,,,,,"Compute Optimized",,"Yes","Yes","Yes","OnDemand","64",,"SQL Ent","Intel AVX; Intel AVX2; Intel AVX512; Intel Turbo; Intel AMX",,"eu-west-3",,"Amazon Elastic Compute Cloud",,,,"true"
"EGZZQ4B6E5CYKFP7","38NPMPTW36","EGZZQ4B6E5CYKFP7.38NPMPTW36.2TG2D8R56U","Reserved","Upfront Fee","2026-10-08",,,"Quantity","187342","USD",,"3yr","Partial Upfront","standard","Compute Instance","AmazonEC2","EU (Paris)","AWS Region","c7i.8xlarge","Yes","Compute optimized","32","Intel Xeon Scalable (Sapphire Rapids)","3.2 GHz","64 GiB","EBS only","12500 Megabit","64-bit",,,,,,,,"Dedicated","Windows","No License required",,,,"EUW3-DedicatedUsage:c7i.8xlarge","RunInstances:0102","NA","Used","false","10000 Mbps","10000 Mbps","NA","Yes",,"NA",,,,,,,,,,,,,,"Compute Optimized",,"Yes","Yes","Yes","OnDemand","64",,"SQL Ent","Intel AVX; Intel AVX2; Intel AVX512; Intel Turbo; Intel AMX",,"eu-west-3",,"Amazon Elastic Compute Cloud",,,,"true"
"EGZZQ4B6E5CYKFP7","4NA7Y494T4","EGZZQ4B6E5CYKFP7.4NA7Y494T4.6YS6EN2CT7","Reserved","Windows with SQL Server Enterprise (Amazon VPC), c7i.8xlarge reserved instance applied","2026-10-08","0","Inf","Hrs","14.7041500000","USD",,"1yr","No Upfront","standard","Compute Instance","AmazonEC2","EU (Paris)","AWS Region","c7i.8xlarge","Yes","Compute optimized","32","Intel Xeon Scalable (Sapphire Rapids)","3.2 GHz","64 GiB","EBS only","12500 Megabit","64-bit",,,,,,,,"Dedicated","Windows","No License required",,,,"EUW3-DedicatedUsage:c7i.8xlarge","RunInstances:0102","NA","Used","false","10000 Mbps","10000 Mbps","NA","Yes",,"NA",,,,,,,,,,,,,,"Compute Optimized",,"Yes","Yes","Yes","OnDemand","64",,"SQL Ent","Intel AVX; Intel AVX2; Intel AVX512; Intel Turbo; Intel AMX",,"eu-west-3",,"Amazon Elastic Compute Cloud",,,,"true"
"EGZZQ4B6E5CYKFP7","6QCMYABX3D","EGZZQ4B6E5CYKFP7.6QCMYABX3D.6YS6EN2CT7","Reserved","USD 0.0 per Windows with SQL Server Enterprise (Amazon VPC), c7i.8xlarge reserved instance applied","2026-10-08","0","Inf","Hrs","0.0000000000","USD",,"1yr","All Upfront","standard","Compute Instance","AmazonEC2","EU (Paris)","AWS Region","c7i.8xlarge","Yes","Compute optimized","32","Intel Xeon Scalable (Sapphire Rapids)","3.2 GHz","64 GiB","EBS only","12500 Megabit","64-bit",,,,,,,,"Dedicated","Windows","No License required",,,,"EUW3-DedicatedUsage:c7i.8xlarge","RunInstances:0102","NA","Used","false","10000 Mbps","10000 Mbps","NA","Yes",,"NA",,,,,,,,,,,,,,"Compute Optimized",,"Yes","Yes","Yes","OnDemand","64",,"SQL Ent","Intel AVX; Intel AVX2; Intel AVX512; Intel Turbo; Intel AMX",,"eu-west-3",,"Amazon Elastic Compute Cloud",,,,"true"
"EGZZQ4B6E5CYKFP7","6QCMYABX3D","EGZZQ4B6E5CYKFP7.6QCMYABX3D.2TG2D8R56U","Reserved","Upfront Fee","2026-10-08",,,"Quantity","128089","USD",,"1yr","All Upfront","standard","Compute Instance","AmazonEC2","EU (Paris)","AWS Region","c7i.8xlarge","Yes","Compute optimized","32","Intel Xeon Scalable (Sapphire Rapids)","3.2 GHz","64 GiB","EBS only","12500 Megabit","64-bit",,,,,,,,"Dedicated","Windows","No License required",,,,"EUW3-DedicatedUsage:c7i.8xlarge","RunInstances:0102","NA","Used","false","10000 Mbps","10000 Mbps","NA","Yes",,"NA",,,,,,,,,,,,,,"Compute Optimized",,"Yes","Yes","Yes","OnDemand","64",,"SQL Ent","Intel AVX; Intel AVX2; Intel AVX512; Intel Turbo; Intel AMX",,"eu-west-3",,"Amazon Elastic Compute Cloud",,,,"true"
"EGZZQ4B6E5CYKFP7","7NE97W5U4E","EGZZQ4B6E5CYKFP7.7NE97W5U4E.6YS6EN2CT7","Reserved","Windows with SQL Server Enterprise (Amazon VPC), c7i.8xlarge reserved instance applied","2026-10-08","0","Inf","Hrs","14.8943100000","USD",,"1yr","No Upfront","convertible","Compute Instance","AmazonEC2","EU (Paris)","AWS Region","c7i.8xlarge","Yes","Compute optimized","32","Intel Xeon Scalable (Sapphire Rapids)","3.2 GHz","64 GiB","EBS only","12500 Megabit","64-bit",,,,,,,,"Dedicated","Windows","No License required",,,,"EUW3-DedicatedUsage:c7i.8xlarge","RunInstances:0102","NA","Used","false","10000 Mbps","10000 Mbps","NA","Yes",,"NA",,,,,,,,,,,,,,"Compute Optimized",,"Yes","Yes","Yes","OnDemand","64",,"SQL Ent","Intel AVX; Intel AVX2; Intel AVX512; Intel Turbo; Intel AMX",,"eu-west-3",,"Amazon Elastic Compute Cloud",,,,"true"
"EGZZQ4B6E5CYKFP7","BPH4J8HBKS","EGZZQ4B6E5CYKFP7.BPH4J8HBKS.6YS6EN2CT7","Reserved","Windows with SQL Server Enterprise (Amazon VPC), c7i.8xlarge reserved instance applied","2026-10-08","0","Inf","Hrs","14.3202300000","USD",,"3yr","No Upfront","standard","Compute Instance","AmazonEC2","EU (Paris)","AWS Region","c7i.8xlarge","Yes","Compute optimized","32","Intel Xeon Scalable (Sapphire Rapids)","3.2 GHz","64 GiB","EBS only","12500 Megabit","64-bit",,,,,,,,"Dedicated","Windows","No License required",,,,"EUW3-DedicatedUsage:c7i.8xlarge","RunInstances:0102","NA","Used","false","10000 Mbps","10000 Mbps","NA","Yes",,"NA",,,,,,,,,,,,,,"Compute Optimized",,"Yes","Yes","Yes","OnDemand","64",,"SQL Ent","Intel AVX; Intel AVX2; Intel AVX512; Intel Turbo; Intel AMX",,"eu-west-3",,"Amazon Elastic Compute Cloud",,,,"true"
"EGZZQ4B6E5CYKFP7","CUZHX8X6JH","EGZZQ4B6E5CYKFP7.CUZHX8X6JH.6YS6EN2CT7","Reserved","Windows with SQL Server Enterprise (Amazon VPC), c7i.8xlarge reserved instance applied","2026-10-08","0","Inf","Hrs","7.4132900000","USD",,"1yr","Partial Upfront","convertible","Compute Instance","AmazonEC2","EU (Paris)","AWS Region","c7i.8xlarge","Yes","Compute optimized","32","Intel Xeon Scalable (Sapphire Rapids)","3.2 GHz","64 GiB","EBS only","12500 Megabit","64-bit",,,,,,,,"Dedicated","Windows","No License required",,,,"EUW3-DedicatedUsage:c7i.8xlarge","RunInstances:0102","NA","Used","false","10000 Mbps","10000 Mbps","NA","Yes",,"NA",,,,,,,,,,,,,,"Compute Optimized",,"Yes","Yes","Yes","OnDemand","64",,"SQL Ent","Intel AVX; Intel AVX2; Intel AVX512; Intel Turbo; Intel AMX",,"eu-west-3",,"Amazon Elastic Compute Cloud",,,,"true"
"EGZZQ4B6E5CYKFP7","CUZHX8X6JH","EGZZQ4B6E5CYKFP7.CUZHX8X6JH.2TG2D8R56U","Reserved","Upfront Fee","2026-10-08",,,"Quantity","64940","USD",,"1yr","Partial Upfront","convertible","Compute Instance","AmazonEC2","EU (Paris)","AWS Region","c7i.8xlarge","Yes","Compute optimized","32","Intel Xeon Scalable (Sapphire Rapids)","3.2 GHz","64 GiB","EBS only","12500 Megabit","64-bit",,,,,,,,"Dedicated","Windows","No License required",,,,"EUW3-DedicatedUsage:c7i.8xlarge","RunInstances:0102","NA","Used","false","10000 Mbps","10000 Mbps","NA","Yes",,"NA",,,,,,,,,,,,,,"Compute Optimized",,"Yes","Yes","Yes","OnDemand","64",,"SQL Ent","Intel AVX; Intel AVX2; Intel AVX512; Intel Turbo; Intel AMX",,"eu-west-3",,"Amazon Elastic Compute Cloud",,,,"true"
"EGZZQ4B6E5CYKFP7","HU7G6KETJZ","EGZZQ4B6E5CYKFP7.HU7G6KETJZ.6YS6EN2CT7","Reserved","Windows with SQL Server Enterprise (Amazon VPC), c7i.8xlarge reserved instance applied","2026-10-08","0","Inf","Hrs","7.3227400000","USD",,"1yr","Partial Upfront","standard","Compute Instance","AmazonEC2","EU (Paris)","AWS Region","c7i.8xlarge","Yes","Compute optimized","32","Intel Xeon Scalable (Sapphire Rapids)","3.2 GHz","64 GiB","EBS only","12500 Megabit","64-bit",,,,,,,,"Dedicated","Windows","No License required",,,,"EUW3-DedicatedUsage:c7i.8xlarge","RunInstances:0102","NA","Used","false","10000 Mbps","10000 Mbps","NA","Yes",,"NA",,,,,,,,,,,,,,"Compute Optimized",,"Yes","Yes","Yes","OnDemand","64",,"SQL Ent","Intel AVX; Intel AVX2; Intel AVX512; Intel Turbo; Intel AMX",,"eu-west-3",,"Amazon Elastic Compute Cloud",,,,"true"
"EGZZQ4B6E5CYKFP7","HU7G6KETJZ","EGZZQ4B6E5CYKFP7.HU7G6KETJZ.2TG2D8R56U","Reserved","Upfront Fee","2026-10-08",,,"Quantity","64147","USD",,"1yr","Partial Upfront","standard","Compute Instance","AmazonEC2","EU (Paris)","AWS Region","c7i.8xlarge","Yes","Compute optimized","32","Intel Xeon Scalable (Sapphire Rapids)","3.2 GHz","64 GiB","EBS only","12500 Megabit","64-bit",,,,,,,,"Dedicated","Windows","No License required",,,,"EUW3-DedicatedUsage:c7i.8xlarge","RunInstances:0102","NA","Used","false","10000 Mbps","10000 Mbps","NA","Yes",,"NA",,,,,,,,,,,,,,"Compute Optimized",,"Yes","Yes","Yes","OnDemand","64",,"SQL Ent","Intel AVX; Intel AVX2; Intel AVX512; Intel Turbo; Intel AMX",,"eu-west-3",,"Amazon Elastic Compute Cloud",,,,"true"
"EGZZQ4B6E5CYKFP7","JRTCKXETXF","EGZZQ4B6E5CYKFP7.JRTCKXETXF.6YS6EN2CT7","OnDemand","$15.33848 per Dedicated Windows with SQL Server Enterprise c7i.8xlarge Instance Hour","2026-10-01","0","Inf","Hrs","15.3384800000","USD",,,,,"Compute Instance","AmazonEC2","EU (Paris)","AWS Region","c7i.8xlarge","Yes","Compute optimized","32","Intel Xeon Scalable (Sapphire Rapids)","3.2 GHz","64 GiB","EBS only","12500 Megabit","64-bit",,,,,,,,"Dedicated","Windows","No License required",,,,"EUW3-DedicatedUsage:c7i.8xlarge","RunInstances:0102","NA","Used","false","10000 Mbps","10000 Mbps","NA","Yes",,"NA",,,,,,,,,,,,,,"Compute Optimized",,"Yes","Yes","Yes","OnDemand","64",,"SQL Ent","Intel AVX; Intel AVX2; Intel AVX512; Intel Turbo; Intel AMX",,"eu-west-3",,"Amazon Elastic Compute Cloud",,,,"true"
"EGZZQ4B6E5CYKFP7","MZU6U2429S","EGZZQ4B6E5CYKFP7.MZU6U2429S.6YS6EN2CT7","Reserved","USD 0.0 per Windows with SQL Server Enterprise (Amazon VPC), c7i.8xlarge reserved instance applied","2026-10-08","0","Inf","Hrs","0.0000000000","USD",,"3yr","All Upfront","convertible","Compute Instance","AmazonEC2","EU (Paris)","AWS Region","c7i.8xlarge","Yes","Compute optimized","32","Intel Xeon Scalable (Sapphire Rapids)","3.2 GHz","64 GiB","EBS only","12500 Megabit","64-bit",,,,,,,,"Dedicated","Windows","No License required",,,,"EUW3-DedicatedUsage:c7i.8xlarge","RunInstances:0102","NA","Used","false","10000 Mbps","10000 Mbps","NA","Yes",,"NA",,,,,,,,,,,,,,"Compute Optimized",,"Yes","Yes","Yes","OnDemand","64",,"SQL Ent","Intel AVX; Intel AVX2; Intel AVX512; Intel Turbo; Intel AMX",,"eu-west-3",,"Amazon Elastic Compute Cloud",,,,"true"
"EGZZQ4B6E5CYKFP7","MZU6U2429S","EGZZQ4B6E5CYKFP7.MZU6U2429S.2TG2D8R56U","Reserved","Upfront Fee","2026-10-08",,,"Quantity","377270","USD",,"3yr","All Upfront","convertible","Compute Instance","AmazonEC2","EU (Paris)","AWS Region","c7i.8xlarge","Yes","Compute optimized","32","Intel Xeon Scalable (Sapphire Rapids)","3.2 GHz","64 GiB","EBS only","12500 Megabit","64-bit",,,,,,,,"Dedicated","Windows","No License required",,,,"EUW3-DedicatedUsage:c7i.8xlarge","RunInstances:0102","NA","Used","false","10000 Mbps","10000 Mbps","NA","Yes",,"NA",,,,,,,,,,,,,,"Compute Optimized",,"Yes","Yes","Yes","OnDemand","64",,"SQL Ent","Intel AVX; Intel AVX2; Intel AVX512; Intel Turbo; Intel AMX",,"eu-west-3",,"Amazon Elastic Compute Cloud",,,,"true"
"EGZZQ4B6E5CYKFP7","NQ3QZPMQV9","EGZZQ4B6E5CYKFP7.NQ3QZPMQV9.6YS6EN2CT7","Reserved","USD 0.0 per Windows with SQL Server Enterprise (Amazon VPC), c7i.8xlarge reserved instance applied","2026-10-08","0","Inf","Hrs","0.0000000000","USD",,"3yr","All Upfront","standard","Compute Instance","AmazonEC2","EU (Paris)","AWS Region","c7i.8xlarge","Yes","Compute optimized","32","Intel Xeon Scalable (Sapphire Rapids)","3.2 GHz","64 GiB","EBS only","12500 Megabit","64-bit",,,,,,,,"Dedicated","Windows","No License required",,,,"EUW3-DedicatedUsage:c7i.8xlarge","RunInstances:0102","NA","Used","false","10000 Mbps","10000 Mbps","NA","Yes",,"NA",,,,,,,,,,,,,,"Compute Optimized",,"Yes","Yes","Yes","OnDemand","64",,"SQL Ent","Intel AVX; Intel AVX2; Intel AVX512; Intel Turbo; Intel AMX",,"eu-west-3",,"Amazon Elastic Compute Cloud",,,,"true"
"EGZZQ4B6E5CYKFP7","NQ3QZPMQV9","EGZZQ4B6E5CYKFP7.NQ3QZPMQV9.2TG2D8R56U","Reserved","Upfront Fee","2026-10-08",,,"Quantity","373446","USD",,"3yr","All Upfront","standard","Compute Instance","AmazonEC2","EU (Paris)","AWS Region","c7i.8xlarge","Yes","Compute optimized","32","Intel Xeon Scalable (Sapphire Rapids)","3.2 GHz","64 GiB","EBS only","12500 Megabit","64-bit",,,,,,,,"Dedicated","Windows","No License required",,,,"EUW3-DedicatedUsage:c7i.8xlarge","RunInstances:0102","NA","Used","false","10000 Mbps","10000 Mbps","NA","Yes",,"NA",,,,,,,,,,,,,,"Compute Optimized",,"Yes","Yes","Yes","OnDemand","64",,"SQL Ent","Intel AVX; Intel AVX2; Intel AVX512; Intel Turbo; Intel AMX",,"eu-west-3",,"Amazon Elastic Compute Cloud",,,,"true"
"EGZZQ4B6E5CYKFP7","R5XV2EPZQZ","EGZZQ4B6E5CYKFP7.R5XV2EPZQZ.6YS6EN2CT7","Reserved","Windows with SQL Server Enterprise (Amazon VPC), c7i.8xlarge reserved instance applied","2026-10-08","0","Inf","Hrs","7.1869100000","USD",,"3yr","Partial Upfront","convertible","Compute Instance","AmazonEC2","EU (Paris)","AWS Region","c7i.8xlarge","Yes","Compute optimized","32","Intel Xeon Scalable (Sapphire Rapids)","3.2 GHz","64 GiB","EBS only","12500 Megabit","64-bit",,,,,,,,"Dedicated","Windows","No License required",,,,"EUW3-DedicatedUsage:c7i.8xlarge","RunInstances:0102","NA","Used","false","10000 Mbps","10000 Mbps","NA","Yes",,"NA",,,,,,,,,,,,,,"Compute Optimized",,"Yes","Yes","Yes","OnDemand","64",,"SQL Ent","Intel AVX; Intel AVX2; Intel AVX512; Intel Turbo; Intel AMX",,"eu-west-3",,"Amazon Elastic Compute Cloud",,,,"true"
"EGZZQ4B6E5CYKFP7","R5XV2EPZQZ","EGZZQ4B6E5CYKFP7.R5XV2EPZQZ.2TG2D8R56U","Reserved","Upfront Fee","2026-10-08",,,"Quantity","188872","USD",,"3yr","Partial Upfront","convertible","Compute Instance","AmazonEC2","EU (Paris)","AWS Region","c7i.8xlarge","Yes","Compute optimized","32","Intel Xeon Scalable (Sapphire Rapids)","3.2 GHz","64 GiB","EBS only","12500 Megabit","64-bit",,,,,,,,"Dedicated","Windows","No License required",,,,"EUW3-DedicatedUsage:c7i.8xlarge","RunInstances:0102","NA","Used","false","10000 Mbps","10000 Mbps","NA","Yes",,"NA",,,,,,,,,,,,,,"Compute Optimized",,"Yes","Yes","Yes","OnDemand","64",,"SQL Ent","Intel AVX; Intel AVX2; Intel AVX512; Intel Turbo; Intel AMX",,"eu-west-3",,"Amazon Elastic Compute Cloud",,,,"true"
"EGZZQ4B6E5CYKFP7","VJWZNREJX2","EGZZQ4B6E5CYKFP7.VJWZNREJX2.6YS6EN2CT7","Reserved","USD 0.0 per Windows with SQL Server Enterprise (Amazon VPC), c7i.8xlarge reserved instance applied","2026-10-08","0","Inf","Hrs","0.0000000000","USD",,"1yr","All Upfront","convertible","Compute Instance","AmazonEC2","EU (Paris)","AWS Region","c7i.8xlarge","Yes","Compute optimized","32","Intel Xeon Scalable (Sapphire Rapids)","3.2 GHz","64 GiB","EBS only","12500 Megabit","64-bit",,,,,,,,"Dedicated","Windows","No License required",,,,"EUW3-DedicatedUsage:c7i.8xlarge","RunInstances:0102","NA","Used","false","10000 Mbps","10000 Mbps","NA","Yes",,"NA",,,,,,,,,,,,,,"Compute Optimized",,"Yes","Yes","Yes","OnDemand","64",,"SQL Ent","Intel AVX; Intel AVX2; Intel AVX512; Intel Turbo; Intel AMX",,"eu-west-3",,"Amazon Elastic Compute Cloud",,,,"true"
"EGZZQ4B6E5CYKFP7","VJWZNREJX2","EGZZQ4B6E5CYKFP7.VJWZNREJX2.2TG2D8R56U","Reserved","Upfront Fee","2026-10-08",,,"Quantity","129644","USD",,"1yr","All Upfront","convertible","Compute Instance","AmazonEC2","EU (Paris)","AWS Region","c7i.8xlarge","Yes","Compute optimized","32","Intel Xeon Scalable (Sapphire Rapids)","3.2 GHz","64 GiB","EBS only","12500 Megabit","64-bit",,,,,,,,"Dedicated","Windows","No License required",,,,"EUW3-DedicatedUsage:c7i.8xlarge","RunInstances:0102","NA","Used","false","10000 Mbps","10000 Mbps","NA","Yes",,"NA",,,,,,,,,,,,,,"Compute Optimized",,"Yes","Yes","Yes","OnDemand","64",,"SQL Ent","Intel AVX; Intel AVX2; Intel AVX512; Intel Turbo; Intel AMX",,"eu-west-3",,"Amazon Elastic Compute Cloud",,,,"true"
"EGZZQ4B6E5CYKFP7","Z2E3P23VKM","EGZZQ4B6E5CYKFP7.Z2E3P23VKM.6YS6EN2CT7","Reserved","Windows with SQL Server Enterprise (Amazon VPC), c7i.8xlarge reserved instance applied","2026-10-08","0","Inf","Hrs","14.4459700000","USD",,"3yr","No Upfront","convertible","Compute Instance","AmazonEC2","EU (Paris)","AWS Region","c7i.8xlarge","Yes","Compute optimized","32","Intel Xeon Scalable (Sapphire Rapids)","3.2 GHz","64 GiB","EBS only","12500 Megabit","64-bit",,,,,,,,"Dedicated","Windows","No License required",,,,"EUW3-DedicatedUsage:c7i.8xlarge","RunInstances:0102","NA","Used","false","10000 Mbps","10000 Mbps","NA","Yes",,"NA",,,,,,,,,,,,,,"Compute Optimized",,"Yes","Yes","Yes","OnDemand","64",,"SQL Ent","Intel AVX; Intel AVX2; Intel AVX512; Intel Turbo; Intel AMX",,"eu-west-3",,"Amazon Elastic Compute Cloud",,,,"true"
"EJ8CTSTVBNVN9F3C","JRTCKXETXF","EJ8CTSTVBNVN9F3C.JRTCKXETXF.6YS6EN2CT7","OnDemand","$2.6724 per Unused Reservation Windows BYOL c8i.12xlarge Instance Hour","2026-10-01","0","Inf","Hrs","2.6724000000","USD",,,,,"Compute Instance","AmazonEC2","EU (Paris)","AWS Region","c8i.12xlarge","Yes","Compute optimized","48","Intel Xeon Scalable (Granite Rapids)","3.9 GHz","96 GiB","EBS only","22500 Megabit","64-bit",,,,,,,,"Shared","Windows","Bring your own license",,,,"EUW3-UnusedBox:c8i.12xlarge","RunInstances:0800","NA","UnusedCapacityReservation","false","15000 Mbps","15000 Mbps","NA","Yes",,"NA",,,,,,,,,,,,,,"Compute Optimized","XMH8ZHTZZFRTXCHG","Yes","Yes","Yes","OnDemand","96",,"NA","Intel AVX; Intel AVX2; Intel AVX512; Intel Turbo; Intel AMX",,"eu-west-3",,"Amazon Elastic Compute Cloud",,,,"true"
"EMM3DEA97Q66BBQW","38NPMPTW36","EMM3DEA97Q66BBQW.38NPMPTW36.6YS6EN2CT7","Reserved","Red Hat Enterprise Linux with HA (Amazon VPC), c7i.8xlarge reserved instance applied","2026-10-08","0","Inf","Hrs","0.4720500000","USD",,"3yr","Partial Upfront","standard","Compute Instance","AmazonEC2","EU (Paris)","AWS Region","c7i.8xlarge","Yes","Compute optimized","32","Intel Xeon Scalable (Sapphire Rapids)","3.2 GHz","64 GiB","EBS only","12500 Megabit","64-bit",,,,,,,,"Dedicated","Red Hat Enterprise Linux with HA","No License required",,,,"EUW3-DedicatedUsage:c7i.8xlarge","RunInstances:1010","NA","Used","false","10000 Mbps","10000 Mbps","NA","Yes",,"NA",,,,,,,,,,,,,,"Compute Optimized",,"Yes","Yes","Yes","OnDemand","64",,"NA","Intel AVX; Intel AVX2; Intel AVX512; Intel Turbo; Intel AMX",,"eu-west-3",,"Amazon Elastic Compute Cloud",,,,"true"
"EMM3DEA97Q66BBQW","38NPMPTW36","EMM3DEA97Q66BBQW.38NPMPTW36.2TG2D8R56U","Reserved","Upfront Fee","2026-10-08",,,"Quantity","12405","USD",,"3yr","Partial Upfront","standard","Compute Instance","AmazonEC2","EU (Paris)","AWS Region","c7i.8xlarge","Yes","Compute optimized","32","Intel Xeon Scalable (Sapphire Rapids)","3.2 GHz","64 GiB","EBS only","12500 Megabit","64-bit",,,,,,,,"Dedicated","Red Hat Enterprise Linux with HA","No License required",,,,"EUW3-DedicatedUsage:c7i.8xlarge","RunInstances:1010","NA","Used","false","10000 Mbps","10000 Mbps","NA","Yes",,"NA",,,,,,,,,,,,,,"Compute Optimized",,"Yes","Yes","Yes","OnDemand","64",,"NA","Intel AVX; Intel AVX2; Intel AVX512; Intel Turbo; Intel AMX",,"eu-west-3",,"Amazon Elastic Compute Cloud",,,,"true"
"EMM3DEA97Q66BBQW","4NA7Y494T4","EMM3DEA97Q66BBQW.4NA7Y494T4.6YS6EN2CT7","Reserved","Red Hat Enterprise Linux with HA (Amazon VPC), c7i.8xlarge reserved instance applied","2026-10-08","0","Inf","Hrs","1.3941500000","USD",,"1yr","No Upfront","standard","Compute Instance","AmazonEC2","EU (Paris)","AWS Region","c7i.8xlarge","Yes","Compute optimized","32","Intel Xeon Scalable (Sapphire Rapids)","3.2 GHz","64 GiB","EBS only","12500 Megabit","64-bit",,,,,,,,"Dedicated","Red Hat Enterprise Linux with HA","No License required",,,,"EUW3-DedicatedUsage:c7i.8xlarge","RunInstances:1010","NA","Used","false","10000 Mbps","10000 Mbps","NA","Yes",,"NA",,,,,,,,,,,,,,"Compute Optimized",,"Yes","Yes","Yes","OnDemand","64",,"NA","Intel AVX; Intel AVX2; Intel AVX512; Intel Turbo; Intel AMX",,"eu-west-3",,"Amazon Elastic Compute Cloud",,,,"true"
"EMM3DEA97Q66BBQW","6QCMYABX3D","EMM3DEA97Q66BBQW.6QCMYABX3D.6YS6EN2CT7","Reserved","USD 0.0 per Red Hat Enterprise Linux with HA (Amazon VPC), c7i.8xlarge reserved instance applied","2026-10-08","0","Inf","Hrs","0.0000000000","USD",,"1yr","All Upfront","standard","Compute Instance","AmazonEC2","EU (Paris)","AWS Region","c7i.8xlarge","Yes","Compute optimized","32","Intel Xeon Scalable (Sapphire Rapids)","3.2 GHz","64 GiB","EBS only","12500 Megabit","64-bit",,,,,,,,"Dedicated","Red Hat Enterprise Linux with HA","No License required",,,,"EUW3-DedicatedUsage:c7i.8xlarge","RunInstances:1010","NA","Used","false","10000 Mbps","10000 Mbps","NA","Yes",,"NA",,,,,,,,,,,,,,"Compute Optimized",,"Yes","Yes","Yes","OnDemand","64",,"NA","Intel AVX; Intel AVX2; Intel AVX512; Intel Turbo; Intel AMX",,"eu-west-3",,"Amazon Elastic Compute Cloud",,,,"true"
"EMM3DEA97Q66BBQW","6QCMYABX3D","EMM3DEA97Q66BBQW.6QCMYABX3D.2TG2D8R56U","Reserved","Upfront Fee","2026-10-08",,,"Quantity","11493","USD",,"1yr","All Upfront","standard","Compute Instance","AmazonEC2","EU (Paris)","AWS Region","c7i.8xlarge","Yes","Compute optimized","32","Intel Xeon Scalable (Sapphire Rapids)","3.2 GHz","64 GiB","EBS only","12500 Megabit","64-bit",,,,,,,,"Dedicated","Red Hat Enterprise Linux with HA","No License required",,,,"EUW3-DedicatedUsage:c7i.8xlarge","RunInstances:1010","NA","Used","false","10000 Mbps","10000 Mbps","NA","Yes",,"NA",,,,,,,,,,,,,,"Compute Optimized",,"Yes","Yes","Yes","OnDemand","64",,"NA","Intel AVX; Intel AVX2; Intel AVX512; Intel Turbo; Intel AMX",,"eu-west-3",,"Amazon Elastic Compute Cloud",,,,"true"
"EMM3DEA97Q66BBQW","7NE97W5U4E","EMM3DEA97Q66BBQW.7NE97W5U4E.6YS6EN2CT7","Reserved","Red Hat Enterprise Linux with HA (Amazon VPC), c7i.8xlarge reserved instance applied","2026-10-08","0","Inf","Hrs","1.5843100000","USD",,"1yr","No Upfront","convertible","Compute Instance","AmazonEC2","EU (Paris)","AWS Region","c7i.8xlarge","Yes","Compute optimized","32","Intel Xeon Scalable (Sapphire Rapids)","3.2 GHz","64 GiB","EBS only","12500 Megabit","64-bit",,,,,,,,"Dedicated","Red Hat Enterprise Linux with HA","No License required",,,,"EUW3-DedicatedUsage:c7i.8xlarge","RunInstances:1010","NA","Used","false","10000 Mbps","10000 Mbps","NA","Yes",,"NA",,,,,,,,,,,,,,"Compute Optimized",,"Yes","Yes","Yes","OnDemand","64",,"NA","Intel AVX; Intel AVX2; Intel AVX512; Intel Turbo; Intel AMX",,"eu-west-3",,"Amazon Elastic Compute Cloud",,,,"true"
"EMM3DEA97Q66BBQW","BPH4J8HBKS","EMM3DEA97Q66BBQW.BPH4J8HBKS.6YS6EN2CT7","Reserved","Red Hat Enterprise Linux with HA (Amazon VPC), c7i.8xlarge reserved instance applied","2026-10-08","0","Inf","Hrs","1.0069300000","USD",,"3yr","No Upfront","standard","Compute Instance","AmazonEC2","EU (Paris)","AWS Region","c7i.8xlarge","Yes","Compute optimized","32","Intel Xeon Scalable (Sapphire Rapids)","3.2 GHz","64 GiB","EBS only","12500 Megabit","64-bit",,,,,,,,"Dedicated","Red Hat Enterprise Linux with HA","No License required",,,,"EUW3-DedicatedUsage:c7i.8xlarge","RunInstances:1010","NA","Used","false","10000 Mbps","10000 Mbps","NA","Yes",,"NA",,,,,,,,,,,,,,"Compute Optimized",,"Yes","Yes","Yes","OnDemand","64",,"NA","Intel AVX; Intel AVX2; Intel AVX512; Intel Turbo; Intel AMX",,"eu-west-3",,"Amazon Elastic Compute Cloud",,,,"true"
"EMM3DEA97Q66BBQW","CUZHX8X6JH","EMM3DEA97Q66BBQW.CUZHX8X6JH.6YS6EN2CT7","Reserved","Red Hat Enterprise Linux with HA (Amazon VPC), c7i.8xlarge reserved instance applied","2026-10-08","0","Inf","Hrs","0.7582900000","USD",,"1yr","Partial Upfront","convertible","Compute Instance","AmazonEC2","EU (Paris)","AWS Region","c7i.8xlarge","Yes","Compute optimized","32","Intel Xeon Scalable (Sapphire Rapids)","3.2 GHz","64 GiB","EBS only","12500 Megabit","64-bit",,,,,,,,"Dedicated","Red Hat Enterprise Linux with HA","No License required",,,,"EUW3-DedicatedUsage:c7i.8xlarge","RunInstances:1010","NA","Used","false","10000 Mbps","10000 Mbps","NA","Yes",,"NA",,,,,,,,,,,,,,"Compute Optimized",,"Yes","Yes","Yes","OnDemand","64",,"NA","Intel AVX; Intel AVX2; Intel AVX512; Intel Turbo; Intel AMX",,"eu-west-3",,"Amazon Elastic Compute Cloud",,,,"true"
"EMM3DEA97Q66BBQW","CUZHX8X6JH","EMM3DEA97Q66BBQW.CUZHX8X6JH.2TG2D8R56U","Reserved","Upfront Fee","2026-10-08",,,"Quantity","6643","USD",,"1yr","Partial Upfront","convertible","Compute Instance","AmazonEC2","EU (Paris)","AWS Region","c7i.8xlarge","Yes","Compute optimized","32","Intel Xeon Scalable (Sapphire Rapids)","3.2 GHz","64 GiB","EBS only","12500 Megabit","64-bit",,,,,,,,"Dedicated","Red Hat Enterprise Linux with HA","No License required",,,,"EUW3-DedicatedUsage:c7i.8xlarge","RunInstances:1010","NA","Used","false","10000 Mbps","10000 Mbps","NA","Yes",,"NA",,,,,,,,,,,,,,"Compute Optimized",,"Yes","Yes","Yes","OnDemand","64",,"NA","Intel AVX; Intel AVX2; Intel AVX512; Intel Turbo; Intel AMX",,"eu-west-3",,"Amazon Elastic Compute Cloud",,,,"true"
"EMM3DEA97Q66BBQW","HU7G6KETJZ","EMM3DEA97Q66BBQW.HU7G6KETJZ.6YS6EN2CT7","Reserved","Red Hat Enterprise Linux with HA (Amazon VPC), c7i.8xlarge reserved instance applied","2026-10-08","0","Inf","Hrs","0.6677400000","USD",,"1yr","Partial Upfront","standard","Compute Instance","AmazonEC2","EU (Paris)","AWS Region","c7i.8xlarge","Yes","Compute optimized","32","Intel Xeon Scalable (Sapphire Rapids)","3.2 GHz","64 GiB","EBS only","12500 Megabit","64-bit",,,,,,,,"Dedicated","Red Hat Enterprise Linux with HA","No License required",,,,"EUW3-DedicatedUsage:c7i.8xlarge","RunInstances:1010","NA","Used","false","10000 Mbps","10000 Mbps","NA","Yes",,"NA",,,,,,,,,,,,,,"Compute Optimized",,"Yes","Yes","Yes","OnDemand","64",,"NA","Intel AVX; Intel AVX2; Intel AVX512; Intel Turbo; Intel AMX",,"eu-west-3",,"Amazon Elastic Compute Cloud",,,,"true"
"EMM3DEA97Q66BBQW","HU7G6KETJZ","EMM3DEA97Q66BBQW.HU7G6KETJZ.2TG2D8R56U","Reserved","Upfront Fee","2026-10-08",,,"Quantity","5849","USD",,"1yr","Partial Upfront","standard","Compute Instance","AmazonEC2","EU (Paris)","AWS Region","c7i.8xlarge","Yes","Compute optimized","32","Intel Xeon Scalable (Sapphire Rapids)","3.2 GHz","64 GiB","EBS only","12500 Megabit","64-bit",,,,,,,,"Dedicated","Red Hat Enterprise Linux with HA","No License required",,,,"EUW3-DedicatedUsage:c7i.8xlarge","RunInstances:1010","NA","Used","false","10000 Mbps","10000 Mbps","NA","Yes",,"NA",,,,,,,,,,,,,,"Compute Optimized",,"Yes","Yes","Yes","OnDemand","64",,"NA","Intel AVX; Intel AVX2; Intel AVX512; Intel Turbo; Intel AMX",,"eu-west-3",,"Amazon Elastic Compute Cloud",,,,"true"
"EMM3DEA97Q66BBQW","JRTCKXETXF","EMM3DEA97Q66BBQW.JRTCKXETXF.6YS6EN2CT7","OnDemand","$2.66008 per Dedicated Red Hat Enterprise Linux with HA c7i.8xlarge Instance Hour","2026-10-01","0","Inf","Hrs","2.6600800000","USD",,,,,"Compute Instance","AmazonEC2","EU (Paris)","AWS Region","c7i.8xlarge","Yes","Compute optimized","32","Intel Xeon Scalable (Sapphire Rapids)","3.2 GHz","64 GiB","EBS only","12500 Megabit","64-bit",,,,,,,,"Dedicated","Red Hat Enterprise Linux with HA","No License required",,,,"EUW3-DedicatedUsage:c7i.8xlarge","RunInstances:1010","NA","Used","false","10000 Mbps","10000 Mbps","NA","Yes",,"NA",,,,,,,,,,,,,,"Compute Optimized",,"Yes","Yes","Yes","OnDemand","64",,"NA","Intel AVX; Intel AVX2; Intel AVX512; Intel Turbo; Intel AMX",,"eu-west-3",,"Amazon Elastic Compute Cloud",,,,"true"
"EMM3DEA97Q66BBQW","MZU6U2429S","EMM3DEA97Q66BBQW.MZU6U2429S.6YS6EN2CT7","Reserved","USD 0.0 per Red Hat Enterprise Linux with HA (Amazon VPC), c7i.8xlarge reserved instance applied","2026-10-08","0","Inf","Hrs","0.0000000000","USD",,"3yr","All Upfront","convertible","Compute Instance","AmazonEC2","EU (Paris)","AWS Region","c7i.8xlarge","Yes","Compute optimized","32","Intel Xeon Scalable (Sapphire Rapids)","3.2 GHz","64 GiB","EBS only","12500 Megabit","64-bit",,,,,,,,"Dedicated","Red Hat Enterprise Linux with HA","No License required",,,,"EUW3-DedicatedUsage:c7i.8xlarge","RunInstances:1010","NA","Used","false","10000 Mbps","10000 Mbps","NA","Yes",,"NA",,,,,,,,,,,,,,"Compute Optimized",,"Yes","Yes","Yes","OnDemand","64",,"NA","Intel AVX; Intel AVX2; Intel AVX512; Intel Turbo; Intel AMX",,"eu-west-3",,"Amazon Elastic Compute Cloud",,,,"true"
"EMM3DEA97Q66BBQW","MZU6U2429S","EMM3DEA97Q66BBQW.MZU6U2429S.2TG2D8R56U","Reserved","Upfront Fee","2026-10-08",,,"Quantity","27397","USD",,"3yr","All Upfront","convertible","Compute Instance","AmazonEC2","EU (Paris)","AWS Region","c7i.8xlarge","Yes","Compute optimized","32","Intel Xeon Scalable (Sapphire Rapids)","3.2 GHz","64 GiB","EBS only","12500 Megabit","64-bit",,,,,,,,"Dedicated","Red Hat Enterprise Linux with HA","No License required",,,,"EUW3-DedicatedUsage:c7i.8xlarge","RunInstances:1010","NA","Used","false","10000 Mbps","10000 Mbps","NA","Yes",,"NA",,,,,,,,,,,,,,"Compute Optimized",,"Yes","Yes","Yes","OnDemand","64",,"NA","Intel AVX; Intel AVX2; Intel AVX512; Intel Turbo; Intel AMX",,"eu-west-3",,"Amazon Elastic Compute Cloud",,,,"true"
"EMM3DEA97Q66BBQW","NQ3QZPMQV9","EMM3DEA97Q66BBQW.NQ3QZPMQV9.6YS6EN2CT7","Reserved","USD 0.0 per Red Hat Enterprise Linux with HA (Amazon VPC), c7i.8xlarge reserved instance applied","2026-10-08","0","Inf","Hrs","0.0000000000","USD",,"3yr","All Upfront","standard","Compute Instance","AmazonEC2","EU (Paris)","AWS Region","c7i.8xlarge","Yes","Compute optimized","32","Intel Xeon Scalable (Sapphire Rapids)","3.2 GHz","64 GiB","EBS only","12500 Megabit","64-bit",,,,,,,,"Dedicated","Red Hat Enterprise Linux with HA","No License required",,,,"EUW3-DedicatedUsage:c7i.8xlarge","RunInstances:1010","NA","Used","false","10000 Mbps","10000 Mbps","NA","Yes",,"NA",,,,,,,,,,,,,,"Compute Optimized",,"Yes","Yes","Yes","OnDemand","64",,"NA","Intel AVX; Intel AVX2; Intel AVX512; Intel Turbo; Intel AMX",,"eu-west-3",,"Amazon Elastic Compute Cloud",,,,"true"
"EMM3DEA97Q66BBQW","NQ3QZPMQV9","EMM3DEA97Q66BBQW.NQ3QZPMQV9.2TG2D8R56U","Reserved","Upfront Fee","2026-10-08",,,"Quantity","23572","USD",,"3yr","All Upfront","standard","Compute Instance","AmazonEC2","EU (Paris)","AWS Region","c7i.8xlarge","Yes","Compute optimized","32","Intel Xeon Scalable (Sapphire Rapids)","3.2 GHz","64 GiB","EBS only","12500 Megabit","64-bit",,,,,,,,"Dedicated","Red Hat Enterprise Linux with HA","No License required",,,,"EUW3-DedicatedUsage:c7i.8xlarge","RunInstances:1010","NA","Used","false","10000 Mbps","10000 Mbps","NA","Yes",,"NA",,,,,,,,,,,,,,"Compute Optimized",,"Yes","Yes","Yes","OnDemand","64",,"NA","Intel AVX; Intel AVX2; Intel AVX512; Intel Turbo; Intel AMX",,"eu-west-3",,"Amazon Elastic Compute Cloud",,,,"true"
"EMM3DEA97Q66BBQW","R5XV2EPZQZ","EMM3DEA97Q66BBQW.R5XV2EPZQZ.6YS6EN2CT7","Reserved","Red Hat Enterprise Linux with HA (Amazon VPC), c7i.8xlarge reserved instance applied","2026-10-08","0","Inf","Hrs","0.5302600000","USD",,"3yr","Partial Upfront","convertible","Compute Instance","AmazonEC2","EU (Paris)","AWS Region","c7i.8xlarge","Yes","Compute optimized","32","Intel Xeon Scalable (Sapphire Rapids)","3.2 GHz","64 GiB","EBS only","12500 Megabit","64-bit",,,,,,,,"Dedicated","Red Hat Enterprise Linux with HA","No License required",,,,"EUW3-DedicatedUsage:c7i.8xlarge","RunInstances:1010","NA","Used","false","10000 Mbps","10000 Mbps","NA","Yes",,"NA",,,,,,,,,,,,,,"Compute Optimized",,"Yes","Yes","Yes","OnDemand","64",,"NA","Intel AVX; Intel AVX2; Intel AVX512; Intel Turbo; Intel AMX",,"eu-west-3",,"Amazon Elastic Compute Cloud",,,,"true"
"EMM3DEA97Q66BBQW","R5XV2EPZQZ","EMM3DEA97Q66BBQW.R5XV2EPZQZ.2TG2D8R56U","Reserved","Upfront Fee","2026-10-08",,,"Quantity","13935","USD",,"3yr","Partial Upfront","convertible","Compute Instance","AmazonEC2","EU (Paris)","AWS Region","c7i.8xlarge","Yes","Compute optimized","32","Intel Xeon Scalable (Sapphire Rapids)","3.2 GHz","64 GiB","EBS only","12500 Megabit","64-bit",,,,,,,,"Dedicated","Red Hat Enterprise Linux with HA","No License required",,,,"EUW3-DedicatedUsage:c7i.8xlarge","RunInstances:1010","NA","Used","false","10000 Mbps","10000 Mbps","NA","Yes",,"NA",,,,,,,,,,,,,,"Compute Optimized",,"Yes","Yes","Yes","OnDemand","64",,"NA","Intel AVX; Intel AVX2; Intel AVX512; Intel Turbo; Intel AMX",,"eu-west-3",,"Amazon Elastic Compute Cloud",,,,"true"
"EMM3DEA97Q66BBQW","VJWZNREJX2","EMM3DEA97Q66BBQW.VJWZNREJX2.6YS6EN2CT7","Reserved","USD 0.0 per Red Hat Enterprise Linux with HA (Amazon VPC), c7i.8xlarge reserved instance applied","2026-10-08","0","Inf","Hrs","0.0000000000","USD",,"1yr","All Upfront","convertible","Compute Instance","AmazonEC2","EU (Paris)","AWS Region","c7i.8xlarge","Yes","Compute optimized","32","Intel Xeon Scalable (Sapphire Rapids)","3.2 GHz","64 GiB","EBS only","12500 Megabit","64-bit",,,,,,,,"Dedicated","Red Hat Enterprise Linux with HA","No License required",,,,"EUW3-DedicatedUsage:c7i.8xlarge","RunInstances:1010","NA","Used","false","10000 Mbps","10000 Mbps","NA","Yes",,"NA",,,,,,,,,,,,,,"Compute Optimized",,"Yes","Yes","Yes","OnDemand","64",,"NA","Intel AVX; Intel AVX2; Intel AVX512; Intel Turbo; Intel AMX",,"eu-west-3",,"Amazon Elastic Compute Cloud",,,,"true"
"EMM3DEA97Q66BBQW","VJWZNREJX2","EMM3DEA97Q66BBQW.VJWZNREJX2.2TG2D8R56U","Reserved","Upfront Fee","2026-10-08",,,"Quantity","13048","USD",,"1yr","All Upfront","convertible","Compute Instance","AmazonEC2","EU (Paris)","AWS Region","c7i.8xlarge","Yes","Compute optimized","32","Intel Xeon Scalable (Sapphire Rapids)","3.2 GHz","64 GiB","EBS only","12500 Megabit","64-bit",,,,,,,,"Dedicated","Red Hat Enterprise Linux with HA","No License required",,,,"EUW3-DedicatedUsage:c7i.8xlarge","RunInstances:1010","NA","Used","false","10000 Mbps","10000 Mbps","NA","Yes",,"NA",,,,,,,,,,,,,,"Compute Optimized",,"Yes","Yes","Yes","OnDemand","64",,"NA","Intel AVX; Intel AVX2; Intel AVX512; Intel Turbo; Intel AMX",,"eu-west-3",,"Amazon Elastic Compute Cloud",,,,"true"
"EMM3DEA97Q66BBQW","Z2E3P23VKM","EMM3DEA97Q66BBQW.Z2E3P23VKM.6YS6EN2CT7","Reserved","Red Hat Enterprise Linux with HA (Amazon VPC), c7i.8xlarge reserved instance applied","2026-10-08","0","Inf","Hrs","1.1326700000","USD",,"3yr","No Upfront","convertible","Compute Instance","AmazonEC2","EU (Paris)","AWS Region","c7i.8xlarge","Yes","Compute optimized","32","Intel Xeon Scalable (Sapphire Rapids)","3.2 GHz","64 GiB","EBS only","12500 Megabit","64-bit",,,,,,,,"Dedicated","Red Hat Enterprise Linux with HA","No License required",,,,"EUW3-DedicatedUsage:c7i.8xlarge","RunInstances:1010","NA","Used","false","10000 Mbps","10000 Mbps","NA","Yes",,"NA",,,,,,,,,,,,,,"Compute Optimized",,"Yes","Yes","Yes","OnDemand","64",,"NA","Intel AVX; Intel AVX2; Intel AVX512; Intel Turbo; Intel AMX",,"eu-west-3",,"Amazon Elastic Compute Cloud",,,,"true"
"EMSXUME8GEHM69GF","JRTCKXETXF","EMSXUME8GEHM69GF.JRTCKXETXF.6YS6EN2CT7","OnDemand","$21.7356 per On Demand RHEL with HA and SQL Enterprise c7i.12xlarge Instance Hour","2026-10-01","0","Inf","Hrs","21.7356000000","USD",,,,,"Compute Instance","AmazonEC2","EU (Paris)","AWS Region","c7i.12xlarge","Yes","Compute optimized","48","Intel Xeon Scalable (Sapphire Rapids)","3.2 GHz","96 GiB","EBS only","18750 Megabit","64-bit",,,,,,,,"Shared","Red Hat Enterprise Linux with HA","No License required",,,,"EUW3-BoxUsage:c7i.12xlarge","RunInstances:1110","NA","Used","false","15000 Mbps","15000 Mbps","NA","Yes",,"NA",,,,,,,,,,,,,,"Compute Optimized",,"Yes","Yes","Yes","OnDemand","96",,"SQL Ent","Intel AVX; Intel AVX2; Intel AVX512; Intel Turbo; Intel AMX",,"eu-west-3",,"Amazon Elastic Compute Cloud",,,,"true"
"EQJEYZ42TCQDW47B","JRTCKXETXF","EQJEYZ42TCQDW47B.JRTCKXETXF.6YS6EN2CT7","OnDemand","$0.00 per Dedicated Reservation RHEL with HA and SQL Enterprise c7i.12xlarge Instance Hour","2026-10-01","0","Inf","Hrs","0.0000000000","USD",,,,,"Compute Instance","AmazonEC2","EU (Paris)","AWS Region","c7i.12xlarge","Yes","Compute optimized","48","Intel Xeon Scalable (Sapphire Rapids)","3.2 GHz","96 GiB","EBS only","18750 Megabit","64-bit",,,,,,,,"Dedicated","Red Hat Enterprise Linux with HA","No License required",,,,"EUW3-DedicatedRes:c7i.12xlarge","RunInstances:1110","NA","AllocatedCapacityReservation","false","15000 Mbps","15000 Mbps","NA","Yes",,"NA",,,,,,,,,,,,,,"Compute Optimized","7TCHSN6QN9RBXNNJ","Yes","Yes","Yes","OnDemand","96",,"SQL Ent","Intel AVX; Intel AVX2; Intel AVX512; Intel Turbo; Intel AMX",,"eu-west-3",,"Amazon Elastic Compute Cloud",,,,"true"
"EQVYJBQNA8RZJEUS","JRTCKXETXF","EQVYJBQNA8RZJEUS.JRTCKXETXF.6YS6EN2CT7","OnDemand","$21.8628 per Unused Reservation RHEL with HA and SQL Enterprise c8i.12xlarge Instance Hour","2026-10-01","0","Inf","Hrs","21.8628000000","USD",,,,,"Compute Instance","AmazonEC2","EU (Paris)","AWS Region","c8i.12xlarge","Yes","Compute optimized","48","Intel Xeon Scalable (Granite Rapids)","3.9 GHz","96 GiB","EBS only","22500 Megabit","64-bit",,,,,,,,"Shared","Red Hat Enterprise Linux with HA","No License required",,,,"EUW3-UnusedBox:c8i.12xlarge","RunInstances:1110","NA","UnusedCapacityReservation","false","15000 Mbps","15000 Mbps","NA","Yes",,"NA",,,,,,,,,,,,,,"Compute Optimized","P99466WXKKYGSPFU","Yes","Yes","Yes","OnDemand","96",,"SQL Ent","Intel AVX; Intel AVX2; Intel AVX512; Intel Turbo; Intel AMX",,"eu-west-3",,"Amazon Elastic Compute Cloud",,,,"true"
"ETMV5VMPBXH5PBQF","JRTCKXETXF","ETMV5VMPBXH5PBQF.JRTCKXETXF.6YS6EN2CT7","OnDemand","$0.00 per Dedicated Reservation Linux with SQL Server Enterprise c8i.12xlarge Instance Hour","2026-10-01","0","Inf","Hrs","0.0000000000","USD",,,,,"Compute Instance","AmazonEC2","EU (Paris)","AWS Region","c8i.12xlarge","Yes","Compute optimized","48","Intel Xeon Scalable (Granite Rapids)","3.9 GHz","96 GiB","EBS only","22500 Megabit","64-bit",,,,,,,,"Dedicated","Linux","No License required",,,,"EUW3-DedicatedRes:c8i.12xlarge","RunInstances:0100","NA","AllocatedCapacityReservation","false","15000 Mbps","15000 Mbps","NA","Yes",,"NA",,,,,,,,,,,,,,"Compute Optimized","96YYMEWVVHM6SPFW","Yes","Yes","Yes","OnDemand","96",,"SQL Ent","Intel AVX; Intel AVX2; Intel AVX512; Intel Turbo; Intel AMX",,"eu-west-3",,"Amazon Elastic Compute Cloud",,,,"true"
"EZ9RTJSNUU2ECB74","38NPMPTW36","EZ9RTJSNUU2ECB74.38NPMPTW36.6YS6EN2CT7","Reserved","Red Hat Enterprise Linux with HA (Amazon VPC), c7i.12xlarge reserved instance applied","2026-10-08","0","Inf","Hrs","0.6684000000","USD",,"3yr","Partial Upfront","standard","Compute Instance","AmazonEC2","EU (Paris)","AWS Region","c7i.12xlarge","Yes","Compute optimized","48","Intel Xeon Scalable (Sapphire Rapids)","3.2 GHz","96 GiB","EBS only","18750 Megabit","64-bit",,,,,,,,"Dedicated","Red Hat Enterprise Linux with HA","No License required",,,,"EUW3-DedicatedUsage:c7i.12xlarge","RunInstances:1010","NA","Used","false","15000 Mbps","15000 Mbps","NA","Yes",,"NA",,,,,,,,,,,,,,"Compute Optimized",,"Yes","Yes","Yes","OnDemand","96",,"NA","Intel AVX; Intel AVX2; Intel AVX512; Intel Turbo; Intel AMX",,"eu-west-3",,"Amazon Elastic Compute Cloud",,,,"true"
"EZ9RTJSNUU2ECB74","38NPMPTW36","EZ9RTJSNUU2ECB74.38NPMPTW36.2TG2D8R56U","Reserved","Upfront Fee","2026-10-08",,,"Quantity","17565","USD",,"3yr","Partial Upfront","standard","Compute Instance","AmazonEC2","EU (Paris)","AWS Region","c7i.12xlarge","Yes","Compute optimized","48","Intel Xeon Scalable (Sapphire Rapids)","3.2 GHz","96 GiB","EBS only","18750 Megabit","64-bit",,,,,,,,"Dedicated","Red Hat Enterprise Linux with HA","No License required",,,,"EUW3-DedicatedUsage:c7i.12xlarge","RunInstances:1010","NA","Used","false","15000 Mbps","15000 Mbps","NA","Yes",,"NA",,,,,,,,,,,,,,"Compute Optimized",,"Yes","Yes","Yes","OnDemand","96",,"NA","Intel AVX; Intel AVX2; Intel AVX512; Intel Turbo; Intel AMX",,"eu-west-3",,"Amazon Elastic Compute Cloud",,,,"true"
"EZ9RTJSNUU2ECB74","4NA7Y494T4","EZ9RTJSNUU2ECB74.4NA7Y494T4.6YS6EN2CT7","Reserved","Red Hat Enterprise Linux with HA (Amazon VPC), c7i.12xlarge reserved instance applied","2026-10-08","0","Inf","Hrs","2.0102200000","USD",,"1yr","No Upfront","standard","Compute Instance","AmazonEC2","EU (Paris)","AWS Region","c7i.12xlarge","Yes","Compute optimized","48","Intel Xeon Scalable (Sapphire Rapids)","3.2 GHz","96 GiB","EBS only","18750 Megabit","64-bit",,,,,,,,"Dedicated","Red Hat Enterprise Linux with HA","No License required",,,,"EUW3-DedicatedUsage:c7i.12xlarge","RunInstances:1010","NA","Used","false","15000 Mbps","15000 Mbps","NA","Yes",,"NA",,,,,,,,,,,,,,"Compute Optimized",,"Yes","Yes","Yes","OnDemand","96",,"NA","Intel AVX; Intel AVX2; Intel AVX512; Intel Turbo; Intel AMX",,"eu-west-3",,"Amazon Elastic Compute Cloud",,,,"true"
"EZ9RTJSNUU2ECB74","6QCMYABX3D","EZ9RTJSNUU2ECB74.6QCMYABX3D.6YS6EN2CT7","Reserved","USD 0.0 per Red Hat Enterprise Linux with HA (Amazon VPC), c7i.12xlarge reserved instance applied","2026-10-08","0","Inf","Hrs","0.0000000000","USD",,"1yr","All Upfront","standard","Compute Instance","AmazonEC2","EU (Paris)","AWS Region","c7i.12xlarge","Yes","Compute optimized","48","Intel Xeon Scalable (Sapphire Rapids)","3.2 GHz","96 GiB","EBS only","18750 Megabit","64-bit",,,,,,,,"Dedicated","Red Hat Enterprise Linux with HA","No License required",,,,"EUW3-DedicatedUsage:c7i.12xlarge","RunInstances:1010","NA","Used","false","15000 Mbps","15000 Mbps","NA","Yes",,"NA",,,,,,,,,,,,,,"Compute Optimized",,"Yes","Yes","Yes","OnDemand","96",,"NA","Intel AVX; Intel AVX2; Intel AVX512; Intel Turbo; Intel AMX",,"eu-west-3",,"Amazon Elastic Compute Cloud",,,,"true"
"EZ9RTJSNUU2ECB74","6QCMYABX3D","EZ9RTJSNUU2ECB74.6QCMYABX3D.2TG2D8R56U","Reserved","Upfront Fee","2026-10-08",,,"Quantity","16530","USD",,"1yr","All Upfront","standard","Compute Instance","AmazonEC2","EU (Paris)","AWS Region","c7i.12xlarge","Yes","Compute optimized","48","Intel Xeon Scalable (Sapphire Rapids)","3.2 GHz","96 GiB","EBS only","18750 Megabit","64-bit",,,,,,,,"Dedicated","Red Hat Enterprise Linux with HA","No License required",,,,"EUW3-DedicatedUsage:c7i.12xlarge","RunInstances:1010","NA","Used","false","15000 Mbps","15000 Mbps","NA","Yes",,"NA",,,,,,,,,,,,,,"Compute Optimized",,"Yes","Yes","Yes","OnDemand","96",,"NA","Intel AVX; Intel AVX2; Intel AVX512; Intel Turbo; Intel AMX",,"eu-west-3",,"Amazon Elastic Compute Cloud",,,,"true"
"EZ9RTJSNUU2ECB74","7NE97W5U4E","EZ9RTJSNUU2ECB74.7NE97W5U4E.6YS6EN2CT7","Reserved","Red Hat Enterprise Linux with HA (Amazon VPC), c7i.12xlarge reserved instance applied","2026-10-08","0","Inf","Hrs","2.2954600000","USD",,"1yr","No Upfront","convertible","Compute Instance","AmazonEC2","EU (Paris)","AWS Region","c7i.12xlarge","Yes","Compute optimized","48","Intel Xeon Scalable (Sapphire Rapids)","3.2 GHz","96 GiB","EBS only","18750 Megabit","64-bit",,,,,,,,"Dedicated","Red Hat Enterprise Linux with HA","No License required",,,,"EUW3-DedicatedUsage:c7i.12xlarge","RunInstances:1010","NA","Used","false","15000 Mbps","15000 Mbps","NA","Yes",,"NA",,,,,,,,,,,,,,"Compute Optimized",,"Yes","Yes","Yes","OnDemand","96",,"NA","Intel AVX; Intel AVX2; Intel AVX512; Intel Turbo; Intel AMX",,"eu-west-3",,"Amazon Elastic Compute Cloud",,,,"true"
"EZ9RTJSNUU2ECB74","BPH4J8HBKS","EZ9RTJSNUU2ECB74.BPH4J8HBKS.6YS6EN2CT7","Reserved","Red Hat Enterprise Linux with HA (Amazon VPC), c7i.12xlarge reserved instance applied","2026-10-08","0","Inf","Hrs","1.4310400000","USD",,"3yr","No Upfront","standard","Compute Instance","AmazonEC2","EU (Paris)","AWS Region","c7i.12xlarge","Yes","Compute optimized","48","Intel Xeon Scalable (Sapphire Rapids)","3.2 GHz","96 GiB","EBS only","18750 Megabit","64-bit",,,,,,,,"Dedicated","Red Hat Enterprise Linux with HA","No License required",,,,"EUW3-DedicatedUsage:c7i.12xlarge","RunInstances:1010","NA","Used","false","15000 Mbps","15000 Mbps","NA","Yes",,"NA",,,,,,,,,,,,,,"Compute Optimized",,"Yes","Yes","Yes","OnDemand","96",,"NA","Intel AVX; Intel AVX2; Intel AVX512; Intel Turbo; Intel AMX",,"eu-west-3",,"Amazon Elastic Compute Cloud",,,,"true"
"EZ9RTJSNUU2ECB74","CUZHX8X6JH","EZ9RTJSNUU2ECB74.CUZHX8X6JH.6YS6EN2CT7","Reserved","Red Hat Enterprise Linux with HA (Amazon VPC), c7i.12xlarge reserved instance applied","2026-10-08","0","Inf","Hrs","1.0969300000","USD",,"1yr","Partial Upfront","convertible","Compute Instance","AmazonEC2","EU (Paris)","AWS Region","c7i.12xlarge","Yes","Compute optimized","48","Intel Xeon Scalable (Sapphire Rapids)","3.2 GHz","96 GiB","EBS only","18750 Megabit","64-bit",,,,,,,,"Dedicated","Red Hat Enterprise Linux with HA","No License required",,,,"EUW3-DedicatedUsage:c7i.12xlarge","RunInstances:1010","NA","Used","false","15000 Mbps","15000 Mbps","NA","Yes",,"NA",,,,,,,,,,,,,,"Compute Optimized",,"Yes","Yes","Yes","OnDemand","96",,"NA","Intel AVX; Intel AVX2; Intel AVX512; Intel Turbo; Intel AMX",,"eu-west-3",,"Amazon Elastic Compute Cloud",,,,"true"
"EZ9RTJSNUU2ECB74","CUZHX8X6JH","EZ9RTJSNUU2ECB74.CUZHX8X6JH.2TG2D8R56U","Reserved","Upfront Fee","2026-10-08",,,"Quantity","9609","USD",,"1yr","Partial Upfront","convertible","Compute Instance","AmazonEC2","EU (Paris)","AWS Region","c7i.12xlarge","Yes","Compute optimized","48","Intel Xeon Scalable (Sapphire Rapids)","3.2 GHz","96 GiB","EBS only","18750 Megabit","64-bit",,,,,,,,"Dedicated","Red Hat Enterprise Linux with HA","No License required",,,,"EUW3-DedicatedUsage:c7i.12xlarge","RunInstances:1010","NA","Used","false","15000 Mbps","15000 Mbps","NA","Yes",,"NA",,,,,,,,,,,,,,"Compute Optimized",,"Yes","Yes","Yes","OnDemand","96",,"NA","Intel AVX; Intel AVX2; Intel AVX512; Intel Turbo; Intel AMX",,"eu-west-3",,"Amazon Elastic Compute Cloud",,,,"true"
"EZ9RTJSNUU2ECB74","HU7G6KETJZ","EZ9RTJSNUU2ECB74.HU7G6KETJZ.6YS6EN2CT7","Reserved","Red Hat Enterprise Linux with HA (Amazon VPC), c7i.12xlarge reserved instance applied","2026-10-08","0","Inf","Hrs","0.9611100000","USD",,"1yr","Partial Upfront","standard","Compute Instance","AmazonEC2","EU (Paris)","AWS Region","c7i.12xlarge","Yes","Compute optimized","48","Intel Xeon Scalable (Sapphire Rapids)","3.2 GHz","96 GiB","EBS only","18750 Megabit","64-bit",,,,,,,,"Dedicated","Red Hat Enterprise Linux with HA","No License required",,,,"EUW3-DedicatedUsage:c7i.12xlarge","RunInstances:1010","NA","Used","false","15000 Mbps","15000 Mbps","NA","Yes",,"NA",,,,,,,,,,,,,,"Compute Optimized",,"Yes","Yes","Yes","OnDemand","96",,"NA","Intel AVX; Intel AVX2; Intel AVX512; Intel Turbo; Intel AMX",,"eu-west-3",,"Amazon Elastic Compute Cloud",,,,"true"
"EZ9RTJSNUU2ECB74","HU7G6KETJZ","EZ9RTJSNUU2ECB74.HU7G6KETJZ.2TG2D8R56U","Reserved","Upfront Fee","2026-10-08",,,"Quantity","8419","USD",,"1yr","Partial Upfront","standard","Compute Instance","AmazonEC2","EU (Paris)","AWS Region","c7i.12xlarge","Yes","Compute optimized","48","Intel Xeon Scalable (Sapphire Rapids)","3.2 GHz","96 GiB","EBS only","18750 Megabit","64-bit",,,,,,,,"Dedicated","Red Hat Enterprise Linux with HA","No License required",,,,"EUW3-DedicatedUsage:c7i.12xlarge","RunInstances:1010","NA","Used","false","15000 Mbps","15000 Mbps","NA","Yes",,"NA",,,,,,,,,,,,,,"Compute Optimized",,"Yes","Yes","Yes","OnDemand","96",,"NA","Intel AVX; Intel AVX2; Intel AVX512; Intel Turbo; Intel AMX",,"eu-west-3",,"Amazon Elastic Compute Cloud",,,,"true"
"EZ9RTJSNUU2ECB74","JRTCKXETXF","EZ9RTJSNUU2ECB74.JRTCKXETXF.6YS6EN2CT7","OnDemand","$3.99012 per Dedicated Red Hat Enterprise Linux with HA c7i.12xlarge Instance Hour","2026-10-01","0","Inf","Hrs","3.9901200000","USD",,,,,"Compute Instance","AmazonEC2","EU (Paris)","AWS Region","c7i.12xlarge","Yes","Compute optimized","48","Intel Xeon Scalable (Sapphire Rapids)","3.2 GHz","96 GiB","EBS only","18750 Megabit","64-bit",,,,,,,,"Dedicated","Red Hat Enterprise Linux with HA","No License required",,,,"EUW3-DedicatedUsage:c7i.12xlarge","RunInstances:1010","NA","Used","false","15000 Mbps","15000 Mbps","NA","Yes",,"NA",,,,,,,,,,,,,,"Compute Optimized",,"Yes","Yes","Yes","OnDemand","96",,"NA","Intel AVX; Intel AVX2; Intel AVX512; Intel Turbo; Intel AMX",,"eu-west-3",,"Amazon Elastic Compute Cloud",,,,"true"
"EZ9RTJSNUU2ECB74","MZU6U2429S","EZ9RTJSNUU2ECB74.MZU6U2429S.6YS6EN2CT7","Reserved","USD 0.0 per Red Hat Enterprise Linux with HA (Amazon VPC), c7i.12xlarge reserved instance applied","2026-10-08","0","Inf","Hrs","0.0000000000","USD",,"3yr","All Upfront","convertible","Compute Instance","AmazonEC2","EU (Paris)","AWS Region","c7i.12xlarge","Yes","Compute optimized","48","Intel Xeon Scalable (Sapphire Rapids)","3.2 GHz","96 GiB","EBS only","18750 Megabit","64-bit",,,,,,,,"Dedicated","Red Hat Enterprise Linux with HA","No License required",,,,"EUW3-DedicatedUsage:c7i.12xlarge","RunInstances:1010","NA","Used","false","15000 Mbps","15000 Mbps","NA","Yes",,"NA",,,,,,,,,,,,,,"Compute Optimized",,"Yes","Yes","Yes","OnDemand","96",,"NA","Intel AVX; Intel AVX2; Intel AVX512; Intel Turbo; Intel AMX",,"eu-west-3",,"Amazon Elastic Compute Cloud",,,,"true"
"EZ9RTJSNUU2ECB74","MZU6U2429S","EZ9RTJSNUU2ECB74.MZU6U2429S.2TG2D8R56U","Reserved","Upfront Fee","2026-10-08",,,"Quantity","39010","USD",,"3yr","All Upfront","convertible","Compute Instance","AmazonEC2","EU (Paris)","AWS Region","c7i.12xlarge","Yes","Compute optimized","48","Intel Xeon Scalable (Sapphire Rapids)","3.2 GHz","96 GiB","EBS only","18750 Megabit","64-bit",,,,,,,,"Dedicated","Red Hat Enterprise Linux with HA","No License required",,,,"EUW3-DedicatedUsage:c7i.12xlarge","RunInstances:1010","NA","Used","false","15000 Mbps","15000 Mbps","NA","Yes",,"NA",,,,,,,,,,,,,,"Compute Optimized",,"Yes","Yes","Yes","OnDemand","96",,"NA","Intel AVX; Intel AVX2; Intel AVX512; Intel Turbo; Intel AMX",,"eu-west-3",,"Amazon Elastic Compute Cloud",,,,"true"
"EZ9RTJSNUU2ECB74","NQ3QZPMQV9","EZ9RTJSNUU2ECB74.NQ3QZPMQV9.6YS6EN2CT7","Reserved","USD 0.0 per Red Hat Enterprise Linux with HA (Amazon VPC), c7i.12xlarge reserved instance applied","2026-10-08","0","Inf","Hrs","0.0000000000","USD",,"3yr","All Upfront","standard","Compute Instance","AmazonEC2","EU (Paris)","AWS Region","c7i.12xlarge","Yes","Compute optimized","48","Intel Xeon Scalable (Sapphire Rapids)","3.2 GHz","96 GiB","EBS only","18750 Megabit","64-bit",,,,,,,,"Dedicated","Red Hat Enterprise Linux with HA","No License required",,,,"EUW3-DedicatedUsage:c7i.12xlarge","RunInstances:1010","NA","Used","false","15000 Mbps","15000 Mbps","NA","Yes",,"NA",,,,,,,,,,,,,,"Compute Optimized",,"Yes","Yes","Yes","OnDemand","96",,"NA","Intel AVX; Intel AVX2; Intel AVX512; Intel Turbo; Intel AMX",,"eu-west-3",,"Amazon Elastic Compute Cloud",,,,"true"
"EZ9RTJSNUU2ECB74","NQ3QZPMQV9","EZ9RTJSNUU2ECB74.NQ3QZPMQV9.2TG2D8R56U","Reserved","Upfront Fee","2026-10-08",,,"Quantity","33273","USD",,"3yr","All Upfront","standard","Compute Instance","AmazonEC2","EU (Paris)","AWS Region","c7i.12xlarge","Yes","Compute optimized","48","Intel Xeon Scalable (Sapphire Rapids)","3.2 GHz","96 GiB","EBS only","18750 Megabit","64-bit",,,,,,,,"Dedicated","Red Hat Enterprise Linux with HA","No License required",,,,"EUW3-DedicatedUsage:c7i.12xlarge","RunInstances:1010","NA","Used","false","15000 Mbps","15000 Mbps","NA","Yes",,"NA",,,,,,,,,,,,,,"Compute Optimized",,"Yes","Yes","Yes","OnDemand","96",,"NA","Intel AVX; Intel AVX2; Intel AVX512; Intel Turbo; Intel AMX",,"eu-west-3",,"Amazon Elastic Compute Cloud",,,,"true"
"EZ9RTJSNUU2ECB74","R5XV2EPZQZ","EZ9RTJSNUU2ECB74.R5XV2EPZQZ.6YS6EN2CT7","Reserved","Red Hat Enterprise Linux with HA (Amazon VPC), c7i.12xlarge reserved instance applied","2026-10-08","0","Inf","Hrs","0.7557200000","USD",,"3yr","Partial Upfront","convertible","Compute Instance","AmazonEC2","EU (Paris)","AWS Region","c7i.12xlarge","Yes","Compute optimized","48","Intel Xeon Scalable (Sapphire Rapids)","3.2 GHz","96 GiB","EBS only","18750 Megabit","64-bit",,,,,,,,"Dedicated","Red Hat Enterprise Linux with HA","No License required",,,,"EUW3-DedicatedUsage:c7i.12xlarge","RunInstances:1010","NA","Used","false","15000 Mbps","15000 Mbps","NA","Yes",,"NA",,,,,,,,,,,,,,"Compute Optimized",,"Yes","Yes","Yes","OnDemand","96",,"NA","Intel AVX; Intel AVX2; Intel AVX512; Intel Turbo; Intel AMX",,"eu-west-3",,"Amazon Elastic Compute Cloud",,,,"true"
"EZ9RTJSNUU2ECB74","R5XV2EPZQZ","EZ9RTJSNUU2ECB74.R5XV2EPZQZ.2TG2D8R56U","Reserved","Upfront Fee","2026-10-08",,,"Quantity","19860","USD",,"3yr","Partial Upfront","convertible","Compute Instance","AmazonEC2","EU (Paris)","AWS Region","c7i.12xlarge","Yes","Compute optimized","48","Intel Xeon Scalable (Sapphire Rapids)","3.2 GHz","96 GiB","EBS only","18750 Megabit","64-bit",,,,,,,,"Dedicated","Red Hat Enterprise Linux with HA","No License required",,,,"EUW3-DedicatedUsage:c7i.12xlarge","RunInstances:1010","NA","Used","false","15000 Mbps","15000 Mbps","NA","Yes",,"NA",,,,,,,,,,,,,,"Compute Optimized",,"Yes","Yes","Yes","OnDemand","96",,"NA","Intel AVX; Intel AVX2; Intel AVX512; Intel Turbo; Intel AMX",,"eu-west-3",,"Amazon Elastic Compute Cloud",,,,"true"
"EZ9RTJSNUU2ECB74","VJWZNREJX2","EZ9RTJSNUU2ECB74.VJWZNREJX2.6YS6EN2CT7","Reserved","USD 0.0 per Red Hat Enterprise Linux with HA (Amazon VPC), c7i.12xlarge reserved instance applied","2026-10-08","0","Inf","Hrs","0.0000000000","USD",,"1yr","All Upfront","convertible","Compute Instance","AmazonEC2","EU (Paris)","AWS Region","c7i.12xlarge","Yes","Compute optimized","48","Intel Xeon Scalable (Sapphire Rapids)","3.2 GHz","96 GiB","EBS only","18750 Megabit","64-bit",,,,,,,,"Dedicated","Red Hat Enterprise Linux with HA","No License required",,,,"EUW3-DedicatedUsage:c7i.12xlarge","RunInstances:1010","NA","Used","false","15000 Mbps","15000 Mbps","NA","Yes",,"NA",,,,,,,,,,,,,,"Compute Optimized",,"Yes","Yes","Yes","OnDemand","96",,"NA","Intel AVX; Intel AVX2; Intel AVX512; Intel Turbo; Intel AMX",,"eu-west-3",,"Amazon Elastic Compute Cloud",,,,"true"
"EZ9RTJSNUU2ECB74","VJWZNREJX2","EZ9RTJSNUU2ECB74.VJWZNREJX2.2TG2D8R56U","Reserved","Upfront Fee","2026-10-08",,,"Quantity","18862","USD",,"1yr","All Upfront","convertible","Compute Instance","AmazonEC2","EU (Paris)","AWS Region","c7i.12xlarge","Yes","Compute optimized","48","Intel Xeon Scalable (Sapphire Rapids)","3.2 GHz","96 GiB","EBS only","18750 Megabit","64-bit",,,,,,,,"Dedicated","Red Hat Enterprise Linux with HA","No License required",,,,"EUW3-DedicatedUsage:c7i.12xlarge","RunInstances:1010","NA","Used","false","15000 Mbps","15000 Mbps","NA","Yes",,"NA",,,,,,,,,,,,,,"Compute Optimized",,"Yes","Yes","Yes","OnDemand","96",,"NA","Intel AVX; Intel AVX2; Intel AVX512; Intel Turbo; Intel AMX",,"eu-west-3",,"Amazon Elastic Compute Cloud",,,,"true"
"EZ9RTJSNUU2ECB74","Z2E3P23VKM","EZ9RTJSNUU2ECB74.Z2E3P23VKM.6YS6EN2CT7","Reserved","Red Hat Enterprise Linux with HA (Amazon VPC), c7i.12xlarge reserved instance applied","2026-10-08","0","Inf","Hrs","1.6196600000","USD",,"3yr","No Upfront","convertible","Compute Instance","AmazonEC2","EU (Paris)","AWS Region","c7i.12xlarge","Yes","Compute optimized","48","Intel Xeon Scalable (Sapphire Rapids)","3.2 GHz","96 GiB","EBS only","18750 Megabit","64-bit",,,,,,,,"Dedicated","Red Hat Enterprise Linux with HA","No License required",,,,"EUW3-DedicatedUsage:c7i.12xlarge","RunInstances:1010","NA","Used","false","15000 Mbps","15000 Mbps","NA","Yes",,"NA",,,,,,,,,,,,,,"Compute Optimized",,"Yes","Yes","Yes","OnDemand","96",,"NA","Intel AVX; Intel AVX2; Intel AVX512; Intel Turbo; Intel AMX",,"eu-west-3",,"Amazon Elastic Compute Cloud",,,,"true"
"EZB629WAWFM82UQH","38NPMPTW36","EZB629WAWFM82UQH.38NPMPTW36.6YS6EN2CT7","Reserved","Linux with SQL Server Enterprise (Amazon VPC), c7i.8xlarge reserved instance applied","2026-10-08","0","Inf","Hrs","6.3927000000","USD",,"3yr","Partial Upfront","standard","Compute Instance","AmazonEC2","EU (Paris)","AWS Region","c7i.8xlarge","Yes","Compute optimized","32","Intel Xeon Scalable (Sapphire Rapids)","3.2 GHz","64 GiB","EBS only","12500 Megabit","64-bit",,,,,,,,"Dedicated","Linux","No License required",,,,"EUW3-DedicatedUsage:c7i.8xlarge","RunInstances:0100","NA","Used","false","10000 Mbps","10000 Mbps","NA","Yes",,"NA",,,,,,,,,,,,,,"Compute Optimized",,"Yes","Yes","Yes","OnDemand","64",,"SQL Ent","Intel AVX; Intel AVX2; Intel AVX512; Intel Turbo; Intel AMX",,"eu-west-3",,"Amazon Elastic Compute Cloud",,,,"true"
"EZB629WAWFM82UQH","38NPMPTW36","EZB629WAWFM82UQH.38NPMPTW36.2TG2D8R56U","Reserved","Upfront Fee","2026-10-08",,,"Quantity","168000","USD",,"3yr","Partial Upfront","standard","Compute Instance","AmazonEC2","EU (Paris)","AWS Region","c7i.8xlarge","Yes","Compute optimized","32","Intel Xeon Scalable (Sapphire Rapids)","3.2 GHz","64 GiB","EBS only","12500 Megabit","64-bit",,,,,,,,"Dedicated","Linux","No License required",,,,"EUW3-DedicatedUsage:c7i.8xlarge","RunInstances:0100","NA","Used","false","10000 Mbps","10000 Mbps","NA","Yes",,"NA",,,,,,,,,,,,,,"Compute Optimized",,"Yes","Yes","Yes","OnDemand","64",,"SQL Ent","Intel AVX; Intel AVX2; Intel AVX512; Intel Turbo; Intel AMX",,"eu-west-3",,"Amazon Elastic Compute Cloud",,,,"true"
"EZB629WAWFM82UQH","4NA7Y494T4","EZB629WAWFM82UQH.4NA7Y494T4.6YS6EN2CT7","Reserved","Linux with SQL Server Enterprise (Amazon VPC), c7i.8xlarge reserved instance applied","2026-10-08","0","Inf","Hrs","13.2321500000","USD",,"1yr","No Upfront","standard","Compute Instance","AmazonEC2","EU (Paris)","AWS Region","c7i.8xlarge","Yes","Compute optimized","32","Intel Xeon Scalable (Sapphire Rapids)","3.2 GHz","64 GiB","EBS only","12500 Megabit","64-bit",,,,,,,,"Dedicated","Linux","No License required",,,,"EUW3-DedicatedUsage:c7i.8xlarge","RunInstances:0100","NA","Used","false","10000 Mbps","10000 Mbps","NA","Yes",,"NA",,,,,,,,,,,,,,"Compute Optimized",,"Yes","Yes","Yes","OnDemand","64",,"SQL Ent","Intel AVX; Intel AVX2; Intel AVX512; Intel Turbo; Intel AMX",,"eu-west-3",,"Amazon Elastic Compute Cloud",,,,"true"
"EZB629WAWFM82UQH","6QCMYABX3D","EZB629WAWFM82UQH.6QCMYABX3D.6YS6EN2CT7","Reserved","USD 0.0 per Linux with SQL Server Enterprise (Amazon VPC), c7i.8xlarge reserved instance applied","2026-10-08","0","Inf","Hrs","0.0000000000","USD",,"1yr","All Upfront","standard","Compute Instance","AmazonEC2","EU (Paris)","AWS Region","c7i.8xlarge","Yes","Compute optimized","32","Intel Xeon Scalable (Sapphire Rapids)","3.2 GHz","64 GiB","EBS only","12500 Megabit","64-bit",,,,,,,,"Dedicated","Linux","No License required",,,,"EUW3-DedicatedUsage:c7i.8xlarge","RunInstances:0100","NA","Used","false","10000 Mbps","10000 Mbps","NA","Yes",,"NA",,,,,,,,,,,,,,"Compute Optimized",,"Yes","Yes","Yes","OnDemand","64",,"SQL Ent","Intel AVX; Intel AVX2; Intel AVX512; Intel Turbo; Intel AMX",,"eu-west-3",,"Amazon Elastic Compute Cloud",,,,"true"
"EZB629WAWFM82UQH","6QCMYABX3D","EZB629WAWFM82UQH.6QCMYABX3D.2TG2D8R56U","Reserved","Upfront Fee","2026-10-08",,,"Quantity","115194","USD",,"1yr","All Upfront","standard","Compute Instance","AmazonEC2","EU (Paris)","AWS Region","c7i.8xlarge","Yes","Compute optimized","32","Intel Xeon Scalable (Sapphire Rapids)","3.2 GHz","64 GiB","EBS only","12500 Megabit","64-bit",,,,,,,,"Dedicated","Linux","No License required",,,,"EUW3-DedicatedUsage:c7i.8xlarge","RunInstances:0100","NA","Used","false","10000 Mbps","10000 Mbps","NA","Yes",,"NA",,,,,,,,,,,,,,"Compute Optimized",,"Yes","Yes","Yes","OnDemand","64",,"SQL Ent","Intel AVX; Intel AVX2; Intel AVX512; Intel Turbo; Intel AMX",,"eu-west-3",,"Amazon Elastic Compute Cloud",,,,"true"
"EZB629WAWFM82UQH","7NE97W5U4E","EZB629WAWFM82UQH.7NE97W5U4E.6YS6EN2CT7","Reserved","Linux with SQL Server Enterprise (Amazon VPC), c7i.8xlarge reserved instance applied","2026-10-08","0","Inf","Hrs","13.4223100000","USD",,"1yr","No Upfront","convertible","Compute Instance","AmazonEC2","EU (Paris)","AWS Region","c7i.8xlarge","Yes","Compute optimized","32","Intel Xeon Scalable (Sapphire Rapids)","3.2 GHz","64 GiB","EBS only","12500 Megabit","64-bit",,,,,,,,"Dedicated","Linux","No License required",,,,"EUW3-DedicatedUsage:c7i.8xlarge","RunInstances:0100","NA","Used","false","10000 Mbps","10000 Mbps","NA","Yes",,"NA",,,,,,,,,,,,,,"Compute Optimized",,"Yes","Yes","Yes","OnDemand","64",,"SQL Ent","Intel AVX; Intel AVX2; Intel AVX512; Intel Turbo; Intel AMX",,"eu-west-3",,"Amazon Elastic Compute Cloud",,,,"true"
"EZB629WAWFM82UQH","BPH4J8HBKS","EZB629WAWFM82UQH.BPH4J8HBKS.6YS6EN2CT7","Reserved","Linux with SQL Server Enterprise (Amazon VPC), c7i.8xlarge reserved instance applied","2026-10-08","0","Inf","Hrs","12.8482300000","USD",,"3yr","No Upfront","standard","Compute Instance","AmazonEC2","EU (Paris)","AWS Region","c7i.8xlarge","Yes","Compute optimized","32","Intel Xeon Scalable (Sapphire Rapids)","3.2 GHz","64 GiB","EBS only","12500 Megabit","64-bit",,,,,,,,"Dedicated","Linux","No License required",,,,"EUW3-DedicatedUsage:c7i.8xlarge","RunInstances:0100","NA","Used","false","10000 Mbps","10000 Mbps","NA","Yes",,"NA",,,,,,,,,,,,,,"Compute Optimized",,"Yes","Yes","Yes","OnDemand","64",,"SQL Ent","Intel AVX; Intel AVX2; Intel AVX512; Intel Turbo; Intel AMX",,"eu-west-3",,"Amazon Elastic Compute Cloud",,,,"true"
"EZB629WAWFM82UQH","CUZHX8X6JH","EZB629WAWFM82UQH.CUZHX8X6JH.6YS6EN2CT7","Reserved","Linux with SQL Server Enterprise (Amazon VPC), c7i.8xlarge reserved instance applied","2026-10-08","0","Inf","Hrs","6.6772900000","USD",,"1yr","Partial Upfront","convertible","Compute Instance","AmazonEC2","EU (Paris)","AWS Region","c7i.8xlarge","Yes","Compute optimized","32","Intel Xeon Scalable (Sapphire Rapids)","3.2 GHz","64 GiB","EBS only","12500 Megabit","64-bit",,,,,,,,"Dedicated","Linux","No License required",,,,"EUW3-DedicatedUsage:c7i.8xlarge","RunInstances:0100","NA","Used","false","10000 Mbps","10000 Mbps","NA","Yes",,"NA",,,,,,,,,,,,,,"Compute Optimized",,"Yes","Yes","Yes","OnDemand","64",,"SQL Ent","Intel AVX; Intel AVX2; Intel AVX512; Intel Turbo; Intel AMX",,"eu-west-3",,"Amazon Elastic Compute Cloud",,,,"true"
"EZB629WAWFM82UQH","CUZHX8X6JH","EZB629WAWFM82UQH.CUZHX8X6JH.2TG2D8R56U","Reserved","Upfront Fee","2026-10-08",,,"Quantity","58493","USD",,"1yr","Partial Upfront","convertible","Compute Instance","AmazonEC2","EU (Paris)","AWS Region","c7i.8xlarge","Yes","Compute optimized","32","Intel Xeon Scalable (Sapphire Rapids)","3.2 GHz","64 GiB","EBS only","12500 Megabit","64-bit",,,,,,,,"Dedicated","Linux","No License required",,,,"EUW3-DedicatedUsage:c7i.8xlarge","RunInstances:0100","NA","Used","false","10000 Mbps","10000 Mbps","NA","Yes",,"NA",,,,,,,,,,,,,,"Compute Optimized",,"Yes","Yes","Yes","OnDemand","64",,"SQL Ent","Intel AVX; Intel AVX2; Intel AVX512; Intel Turbo; Intel AMX",,"eu-west-3",,"Amazon Elastic Compute Cloud",,,,"true"
"EZB629WAWFM82UQH","HU7G6KETJZ","EZB629WAWFM82UQH.HU7G6KETJZ.6YS6EN2CT7","Reserved","Linux with SQL Server Enterprise (Amazon VPC), c7i.8xlarge reserved instance applied","2026-10-08","0","Inf","Hrs","6.5867400000","USD",,"1yr","Partial Upfront","standard","Compute Instance","AmazonEC2","EU (Paris)","AWS Region","c7i.8xlarge","Yes","Compute optimized","32","Intel Xeon Scalable (Sapphire Rapids)","3.2 GHz","64 GiB","EBS only","12500 Megabit","64-bit",,,,,,,,"Dedicated","Linux","No License required",,,,"EUW3-DedicatedUsage:c7i.8xlarge","RunInstances:0100","NA","Used","false","10000 Mbps","10000 Mbps","NA","Yes",,"NA",,,,,,,,,,,,,,"Compute Optimized",,"Yes","Yes","Yes","OnDemand","64",,"SQL Ent","Intel AVX; Intel AVX2; Intel AVX512; Intel Turbo; Intel AMX",,"eu-west-3",,"Amazon Elastic Compute Cloud",,,,"true"
"EZB629WAWFM82UQH","HU7G6KETJZ","EZB629WAWFM82UQH.HU7G6KETJZ.2TG2D8R56U","Reserved","Upfront Fee","2026-10-08",,,"Quantity","57700","USD",,"1yr","Partial Upfront","standard","Compute Instance","AmazonEC2","EU (Paris)","AWS Region","c7i.8xlarge","Yes","Compute optimized","32","Intel Xeon Scalable (Sapphire Rapids)","3.2 GHz","64 GiB","EBS only","12500 Megabit","64-bit",,,,,,,,"Dedicated","Linux","No License required",,,,"EUW3-DedicatedUsage:c7i.8xlarge","RunInstances:0100","NA","Used","false","10000 Mbps","10000 Mbps","NA","Yes",,"NA",,,,,,,,,,,,,,"Compute Optimized",,"Yes","Yes","Yes","OnDemand","64",,"SQL Ent","Intel AVX; Intel AVX2; Intel AVX512; Intel Turbo; Intel AMX",,"eu-west-3",,"Amazon Elastic Compute Cloud",,,,"true"
"EZB629WAWFM82UQH","JRTCKXETXF","EZB629WAWFM82UQH.JRTCKXETXF.6YS6EN2CT7","OnDemand","$13.86648 per Dedicated Linux with SQL Server Enterprise c7i.8xlarge Instance Hour","2026-10-01","0","Inf","Hrs","13.8664800000","USD",,,,,"Compute Instance","AmazonEC2","EU (Paris)","AWS Region","c7i.8xlarge","Yes","Compute optimized","32","Intel Xeon Scalable (Sapphire Rapids)","3.2 GHz","64 GiB","EBS only","12500 Megabit","64-bit",,,,,,,,"Dedicated","Linux","No License required",,,,"EUW3-DedicatedUsage:c7i.8xlarge","RunInstances:0100","NA","Used","false","10000 Mbps","10000 Mbps","NA","Yes",,"NA",,,,,,,,,,,,,,"Compute Optimized",,"Yes","Yes","Yes","OnDemand","64",,"SQL Ent","Intel AVX; Intel AVX2; Intel AVX512; Intel Turbo; Intel AMX",,"eu-west-3",,"Amazon Elastic Compute Cloud",,,,"true"
"EZB629WAWFM82UQH","MZU6U2429S","EZB629WAWFM82UQH.MZU6U2429S.6YS6EN2CT7","Reserved","USD 0.0 per Linux with SQL Server Enterprise (Amazon VPC), c7i.8xlarge reserved instance applied","2026-10-08","0","Inf","Hrs","0.0000000000","USD",,"3yr","All Upfront","convertible","Compute Instance","AmazonEC2","EU (Paris)","AWS Region","c7i.8xlarge","Yes","Compute optimized","32","Intel Xeon Scalable (Sapphire Rapids)","3.2 GHz","64 GiB","EBS only","12500 Megabit","64-bit",,,,,,,,"Dedicated","Linux","No License required",,,,"EUW3-DedicatedUsage:c7i.8xlarge","RunInstances:0100","NA","Used","false","10000 Mbps","10000 Mbps","NA","Yes",,"NA",,,,,,,,,,,,,,"Compute Optimized",,"Yes","Yes","Yes","OnDemand","64",,"SQL Ent","Intel AVX; Intel AVX2; Intel AVX512; Intel Turbo; Intel AMX",,"eu-west-3",,"Amazon Elastic Compute Cloud",,,,"true"
"EZB629WAWFM82UQH","MZU6U2429S","EZB629WAWFM82UQH.MZU6U2429S.2TG2D8R56U","Reserved","Upfront Fee","2026-10-08",,,"Quantity","338586","USD",,"3yr","All Upfront","convertible","Compute Instance","AmazonEC2","EU (Paris)","AWS Region","c7i.8xlarge","Yes","Compute optimized","32","Intel Xeon Scalable (Sapphire Rapids)","3.2 GHz","64 GiB","EBS only","12500 Megabit","64-bit",,,,,,,,"Dedicated","Linux","No License required",,,,"EUW3-DedicatedUsage:c7i.8xlarge","RunInstances:0100","NA","Used","false","10000 Mbps","10000 Mbps","NA","Yes",,"NA",,,,,,,,,,,,,,"Compute Optimized",,"Yes","Yes","Yes","OnDemand","64",,"SQL Ent","Intel AVX; Intel AVX2; Intel AVX512; Intel Turbo; Intel AMX",,"eu-west-3",,"Amazon Elastic Compute Cloud",,,,"true"
"EZB629WAWFM82UQH","NQ3QZPMQV9","EZB629WAWFM82UQH.NQ3QZPMQV9.6YS6EN2CT7","Reserved","USD 0.0 per Linux with SQL Server Enterprise (Amazon VPC), c7i.8xlarge reserved instance applied","2026-10-08","0","Inf","Hrs","0.0000000000","USD",,"3yr","All Upfront","standard","Compute Instance","AmazonEC2","EU (Paris)","AWS Region","c7i.8xlarge","Yes","Compute optimized","32","Intel Xeon Scalable (Sapphire Rapids)","3.2 GHz","64 GiB","EBS only","12500 Megabit","64-bit",,,,,,,,"Dedicated","Linux","No License required",,,,"EUW3-DedicatedUsage:c7i.8xlarge","RunInstances:0100","NA","Used","false","10000 Mbps","10000 Mbps","NA","Yes",,"NA",,,,,,,,,,,,,,"Compute Optimized",,"Yes","Yes","Yes","OnDemand","64",,"SQL Ent","Intel AVX; Intel AVX2; Intel AVX512; Intel Turbo; Intel AMX",,"eu-west-3",,"Amazon Elastic Compute Cloud",,,,"true"
"EZB629WAWFM82UQH","NQ3QZPMQV9","EZB629WAWFM82UQH.NQ3QZPMQV9.2TG2D8R56U","Reserved","Upfront Fee","2026-10-08",,,"Quantity","334762","USD",,"3yr","All Upfront","standard","Compute Instance","AmazonEC2","EU (Paris)","AWS Region","c7i.8xlarge","Yes","Compute optimized","32","Intel Xeon Scalable (Sapphire Rapids)","3.2 GHz","64 GiB","EBS only","12500 Megabit","64-bit",,,,,,,,"Dedicated","Linux","No License required",,,,"EUW3-DedicatedUsage:c7i.8xlarge","RunInstances:0100","NA","Used","false","10000 Mbps","10000 Mbps","NA","Yes",,"NA",,,,,,,,,,,,,,"Compute Optimized",,"Yes","Yes","Yes","OnDemand","64",,"SQL Ent","Intel AVX; Intel AVX2; Intel AVX512; Intel Turbo; Intel AMX",,"eu-west-3",,"Amazon Elastic Compute Cloud",,,,"true"
"EZB629WAWFM82UQH","R5XV2EPZQZ","EZB629WAWFM82UQH.R5XV2EPZQZ.6YS6EN2CT7","Reserved","Linux with SQL Server Enterprise (Amazon VPC), c7i.8xlarge reserved instance applied","2026-10-08","0","Inf","Hrs","6.4509100000","USD",,"3yr","Partial Upfront","convertible","Compute Instance","AmazonEC2","EU (Paris)","AWS Region","c7i.8xlarge","Yes","Compute optimized","32","Intel Xeon Scalable (Sapphire Rapids)","3.2 GHz","64 GiB","EBS only","12500 Megabit","64-bit",,,,,,,,"Dedicated","Linux","No License required",,,,"EUW3-DedicatedUsage:c7i.8xlarge","RunInstances:0100","NA","Used","false","10000 Mbps","10000 Mbps","NA","Yes",,"NA",,,,,,,,,,,,,,"Compute Optimized",,"Yes","Yes","Yes","OnDemand","64",,"SQL Ent","Intel AVX; Intel AVX2; Intel AVX512; Intel Turbo; Intel AMX",,"eu-west-3",,"Amazon Elastic Compute Cloud",,,,"true"
"EZB629WAWFM82UQH","R5XV2EPZQZ","EZB629WAWFM82UQH.R5XV2EPZQZ.2TG2D8R56U","Reserved","Upfront Fee","2026-10-08",,,"Quantity","169530","USD",,"3yr","Partial Upfront","convertible","Compute Instance","AmazonEC2","EU (Paris)","AWS Region","c7i.8xlarge","Yes","Compute optimized","32","Intel Xeon Scalable (Sapphire Rapids)","3.2 GHz","64 GiB","EBS only","12500 Megabit","64-bit",,,,,,,,"Dedicated","Linux","No License required",,,,"EUW3-DedicatedUsage:c7i.8xlarge","RunInstances:0100","NA","Used","false","10000 Mbps","10000 Mbps","NA","Yes",,"NA",,,,,,,,,,,,,,"Compute Optimized",,"Yes","Yes","Yes","OnDemand","64",,"SQL Ent","Intel AVX; Intel AVX2; Intel AVX512; Intel Turbo; Intel AMX",,"eu-west-3",,"Amazon Elastic Compute Cloud",,,,"true"
"EZB629WAWFM82UQH","VJWZNREJX2","EZB629WAWFM82UQH.VJWZNREJX2.6YS6EN2CT7","Reserved","USD 0.0 per Linux with SQL Server Enterprise (Amazon VPC), c7i.8xlarge reserved instance applied","2026-10-08","0","Inf","Hrs","0.0000000000","USD",,"1yr","All Upfront","convertible","Compute Instance","AmazonEC2","EU (Paris)","AWS Region","c7i.8xlarge","Yes","Compute optimized","32","Intel Xeon Scalable (Sapphire Rapids)","3.2 GHz","64 GiB","EBS only","12500 Megabit","64-bit",,,,,,,,"Dedicated","Linux","No License required",,,,"EUW3-DedicatedUsage:c7i.8xlarge","RunInstances:0100","NA","Used","false","10000 Mbps","10000 Mbps","NA","Yes",,"NA",,,,,,,,,,,,,,"Compute Optimized",,"Yes","Yes","Yes","OnDemand","64",,"SQL Ent","Intel AVX; Intel AVX2; Intel AVX512; Intel Turbo; Intel AMX",,"eu-west-3",,"Amazon Elastic Compute Cloud",,,,"true"
"EZB629WAWFM82UQH","VJWZNREJX2","EZB629WAWFM82UQH.VJWZNREJX2.2TG2D8R56U","Reserved","Upfront Fee","2026-10-08",,,"Quantity","116749","USD",,"1yr","All Upfront","convertible","Compute Instance","AmazonEC2","EU (Paris)","AWS Region","c7i.8xlarge","Yes","Compute optimized","32","Intel Xeon Scalable (Sapphire Rapids)","3.2 GHz","64 GiB","EBS only","12500 Megabit","64-bit",,,,,,,,"Dedicated","Linux","No License required",,,,"EUW3-DedicatedUsage:c7i.8xlarge","RunInstances:0100","NA","Used","false","10000 Mbps","10000 Mbps","NA","Yes",,"NA",,,,,,,,,,,,,,"Compute Optimized",,"Yes","Yes","Yes","OnDemand","64",,"SQL Ent","Intel AVX; Intel AVX2; Intel AVX512; Intel Turbo; Intel AMX",,"eu-west-3",,"Amazon Elastic Compute Cloud",,,,"true"
"EZB629WAWFM82UQH","Z2E3P23VKM","EZB629WAWFM82UQH.Z2E3P23VKM.6YS6EN2CT7","Reserved","Linux with SQL Server Enterprise (Amazon VPC), c7i.8xlarge reserved instance applied","2026-10-08","0","Inf","Hrs","12.9739700000","USD",,"3yr","No Upfront","convertible","Compute Instance","AmazonEC2","EU (Paris)","AWS Region","c7i.8xlarge","Yes","Compute optimized","32","Intel Xeon Scalable (Sapphire Rapids)","3.2 GHz","64 GiB","EBS only","12500 Megabit","64-bit",,,,,,,,"Dedicated","Linux","No License required",,,,"EUW3-DedicatedUsage:c7i.8xlarge","RunInstances:0100","NA","Used","false","10000 Mbps","10000 Mbps","NA","Yes",,"NA",,,,,,,,,,,,,,"Compute Optimized",,"Yes","Yes","Yes","OnDemand","64",,"SQL Ent","Intel AVX; Intel AVX2; Intel AVX512; Intel Turbo; Intel AMX",,"eu-west-3",,"Amazon Elastic Compute Cloud",,,,"true"
"FAB7K7RP2B9CUR5J","38NPMPTW36","FAB7K7RP2B9CUR5J.38NPMPTW36.6YS6EN2CT7","Reserved","Linux/UNIX (Amazon VPC), c7i.12xlarge reserved instance applied","2026-10-08","0","Inf","Hrs","0.5890500000","USD",,"3yr","Partial Upfront","standard","Compute Instance","AmazonEC2","EU (Paris)","AWS Region","c7i.12xlarge","Yes","Compute optimized","48","Intel Xeon Scalable (Sapphire Rapids)","3.2 GHz","96 GiB","EBS only","18750 Megabit","64-bit",,,,,,,,"Dedicated","Linux","No License required",,,,"EUW3-DedicatedUsage:c7i.12xlarge","RunInstances","NA","Used","false","15000 Mbps","15000 Mbps","NA","Yes",,"NA",,,,,,,,,,,,,,"Compute Optimized",,"Yes","Yes","Yes","OnDemand","96",,"NA","Intel AVX; Intel AVX2; Intel AVX512; Intel Turbo; Intel AMX",,"eu-west-3",,"Amazon Elastic Compute Cloud",,,,"true"
"FAB7K7RP2B9CUR5J","38NPMPTW36","FAB7K7RP2B9CUR5J.38NPMPTW36.2TG2D8R56U","Reserved","Upfront Fee","2026-10-08",,,"Quantity","15480","USD",,"3yr","Partial Upfront","standard","Compute Instance","AmazonEC2","EU (Paris)","AWS Region","c7i.12xlarge","Yes","Compute optimized","48","Intel Xeon Scalable (Sapphire Rapids)","3.2 GHz","96 GiB","EBS only","18750 Megabit","64-bit",,,,,,,,"Dedicated","Linux","No License required",,,,"EUW3-DedicatedUsage:c7i.12xlarge","RunInstances","NA","Used","false","15000 Mbps","15000 Mbps","NA","Yes",,"NA",,,,,,,,,,,,,,"Compute Optimized",,"Yes","Yes","Yes","OnDemand","96",,"NA","Intel AVX; Intel AVX2; Intel AVX512; Intel Turbo; Intel AMX",,"eu-west-3",,"Amazon Elastic Compute Cloud",,,,"true"
"FAB7K7RP2B9CUR5J","4NA7Y494T4","FAB7K7RP2B9CUR5J.4NA7Y494T4.6YS6EN2CT7","Reserved","Linux/UNIX (Amazon VPC), c7i.12xlarge reserved instance applied","2026-10-08","0","Inf","Hrs","1.8482200000","USD",,"1yr","No Upfront","standard","Compute Instance","AmazonEC2","EU (Paris)","AWS Region","c7i.12xlarge","Yes","Compute optimized","48","Intel Xeon Scalable (Sapphire Rapids)","3.2 GHz","96 GiB","EBS only","18750 Megabit","64-bit",,,,,,,,"Dedicated","Linux","No License required",,,,"EUW3-DedicatedUsage:c7i.12xlarge","RunInstances","NA","Used","false","15000 Mbps","15000 Mbps","NA","Yes",,"NA",,,,,,,,,,,,,,"Compute Optimized",,"Yes","Yes","Yes","OnDemand","96",,"NA","Intel AVX; Intel AVX2; Intel AVX512; Intel Turbo; Intel AMX",,"eu-west-3",,"Amazon Elastic Compute Cloud",,,,"true"
"FAB7K7RP2B9CUR5J","6QCMYABX3D","FAB7K7RP2B9CUR5J.6QCMYABX3D.6YS6EN2CT7","Reserved","USD 0.0 per Linux/UNIX (Amazon VPC), c7i.12xlarge reserved instance applied","2026-10-08","0","Inf","Hrs","0.0000000000","USD",,"1yr","All Upfront","standard","Compute Instance","AmazonEC2","EU (Paris)","AWS Region","c7i.12xlarge","Yes","Compute optimized","48","Intel Xeon Scalable (Sapphire Rapids)","3.2 GHz","96 GiB","EBS only","18750 Megabit","64-bit",,,,,,,,"Dedicated","Linux","No License required",,,,"EUW3-DedicatedUsage:c7i.12xlarge","RunInstances","NA","Used","false","15000 Mbps","15000 Mbps","NA","Yes",,"NA",,,,,,,,,,,,,,"Compute Optimized",,"Yes","Yes","Yes","OnDemand","96",,"NA","Intel AVX; Intel AVX2; Intel AVX512; Intel Turbo; Intel AMX",,"eu-west-3",,"Amazon Elastic Compute Cloud",,,,"true"
"FAB7K7RP2B9CUR5J","6QCMYABX3D","FAB7K7RP2B9CUR5J.6QCMYABX3D.2TG2D8R56U","Reserved","Upfront Fee","2026-10-08",,,"Quantity","15111","USD",,"1yr","All Upfront","standard","Compute Instance","AmazonEC2","EU (Paris)","AWS Region","c7i.12xlarge","Yes","Compute optimized","48","Intel Xeon Scalable (Sapphire Rapids)","3.2 GHz","96 GiB","EBS only","18750 Megabit","64-bit",,,,,,,,"Dedicated","Linux","No License required",,,,"EUW3-DedicatedUsage:c7i.12xlarge","RunInstances","NA","Used","false","15000 Mbps","15000 Mbps","NA","Yes",,"NA",,,,,,,,,,,,,,"Compute Optimized",,"Yes","Yes","Yes","OnDemand","96",,"NA","Intel AVX; Intel AVX2; Intel AVX512; Intel Turbo; Intel AMX",,"eu-west-3",,"Amazon Elastic Compute Cloud",,,,"true"
"FAB7K7RP2B9CUR5J","7NE97W5U4E","FAB7K7RP2B9CUR5J.7NE97W5U4E.6YS6EN2CT7","Reserved","Linux/UNIX (Amazon VPC), c7i.12xlarge reserved instance applied","2026-10-08","0","Inf","Hrs","2.1334600000","USD",,"1yr","No Upfront","convertible","Compute Instance","AmazonEC2","EU (Paris)","AWS Region","c7i.12xlarge","Yes","Compute optimized","48","Intel Xeon Scalable (Sapphire Rapids)","3.2 GHz","96 GiB","EBS only","18750 Megabit","64-bit",,,,,,,,"Dedicated","Linux","No License required",,,,"EUW3-DedicatedUsage:c7i.12xlarge","RunInstances","NA","Used","false","15000 Mbps","15000 Mbps","NA","Yes",,"NA",,,,,,,,,,,,,,"Compute Optimized",,"Yes","Yes","Yes","OnDemand","96",,"NA","Intel AVX; Intel AVX2; Intel AVX512; Intel Turbo; Intel AMX",,"eu-west-3",,"Amazon Elastic Compute Cloud",,,,"true"
"FAB7K7RP2B9CUR5J","BPH4J8HBKS","FAB7K7RP2B9CUR5J.BPH4J8HBKS.6YS6EN2CT7","Reserved","Linux/UNIX (Amazon VPC), c7i.12xlarge reserved instance applied","2026-10-08","0","Inf","Hrs","1.2723400000","USD",,"3yr","No Upfront","standard","Compute Instance","AmazonEC2","EU (Paris)","AWS Region","c7i.12xlarge","Yes","Compute optimized","48","Intel Xeon Scalable (Sapphire Rapids)","3.2 GHz","96 GiB","EBS only","18750 Megabit","64-bit",,,,,,,,"Dedicated","Linux","No License required",,,,"EUW3-DedicatedUsage:c7i.12xlarge","RunInstances","NA","Used","false","15000 Mbps","15000 Mbps","NA","Yes",,"NA",,,,,,,,,,,,,,"Compute Optimized",,"Yes","Yes","Yes","OnDemand","96",,"NA","Intel AVX; Intel AVX2; Intel AVX512; Intel Turbo; Intel AMX",,"eu-west-3",,"Amazon Elastic Compute Cloud",,,,"true"
"FAB7K7RP2B9CUR5J","CUZHX8X6JH","FAB7K7RP2B9CUR5J.CUZHX8X6JH.6YS6EN2CT7","Reserved","Linux/UNIX (Amazon VPC), c7i.12xlarge reserved instance applied","2026-10-08","0","Inf","Hrs","1.0159300000","USD",,"1yr","Partial Upfront","convertible","Compute Instance","AmazonEC2","EU (Paris)","AWS Region","c7i.12xlarge","Yes","Compute optimized","48","Intel Xeon Scalable (Sapphire Rapids)","3.2 GHz","96 GiB","EBS only","18750 Megabit","64-bit",,,,,,,,"Dedicated","Linux","No License required",,,,"EUW3-DedicatedUsage:c7i.12xlarge","RunInstances","NA","Used","false","15000 Mbps","15000 Mbps","NA","Yes",,"NA",,,,,,,,,,,,,,"Compute Optimized",,"Yes","Yes","Yes","OnDemand","96",,"NA","Intel AVX; Intel AVX2; Intel AVX512; Intel Turbo; Intel AMX",,"eu-west-3",,"Amazon Elastic Compute Cloud",,,,"true"
"FAB7K7RP2B9CUR5J","CUZHX8X6JH","FAB7K7RP2B9CUR5J.CUZHX8X6JH.2TG2D8R56U","Reserved","Upfront Fee","2026-10-08",,,"Quantity","8900","USD",,"1yr","Partial Upfront","convertible","Compute Instance","AmazonEC2","EU (Paris)","AWS Region","c7i.12xlarge","Yes","Compute optimized","48","Intel Xeon Scalable (Sapphire Rapids)","3.2 GHz","96 GiB","EBS only","18750 Megabit","64-bit",,,,,,,,"Dedicated","Linux","No License required",,,,"EUW3-DedicatedUsage:c7i.12xlarge","RunInstances","NA","Used","false","15000 Mbps","15000 Mbps","NA","Yes",,"NA",,,,,,,,,,,,,,"Compute Optimized",,"Yes","Yes","Yes","OnDemand","96",,"NA","Intel AVX; Intel AVX2; Intel AVX512; Intel Turbo; Intel AMX",,"eu-west-3",,"Amazon Elastic Compute Cloud",,,,"true"
"FAB7K7RP2B9CUR5J","HU7G6KETJZ","FAB7K7RP2B9CUR5J.HU7G6KETJZ.6YS6EN2CT7","Reserved","Linux/UNIX (Amazon VPC), c7i.12xlarge reserved instance applied","2026-10-08","0","Inf","Hrs","0.8801100000","USD",,"1yr","Partial Upfront","standard","Compute Instance","AmazonEC2","EU (Paris)","AWS Region","c7i.12xlarge","Yes","Compute optimized","48","Intel Xeon Scalable (Sapphire Rapids)","3.2 GHz","96 GiB","EBS only","18750 Megabit","64-bit",,,,,,,,"Dedicated","Linux","No License required",,,,"EUW3-DedicatedUsage:c7i.12xlarge","RunInstances","NA","Used","false","15000 Mbps","15000 Mbps","NA","Yes",,"NA",,,,,,,,,,,,,,"Compute Optimized",,"Yes","Yes","Yes","OnDemand","96",,"NA","Intel AVX; Intel AVX2; Intel AVX512; Intel Turbo; Intel AMX",,"eu-west-3",,"Amazon Elastic Compute Cloud",,,,"true"
"FAB7K7RP2B9CUR5J","HU7G6KETJZ","FAB7K7RP2B9CUR5J.HU7G6KETJZ.2TG2D8R56U","Reserved","Upfront Fee","2026-10-08",,,"Quantity","7710","USD",,"1yr","Partial Upfront","standard","Compute Instance","AmazonEC2","EU (Paris)","AWS Region","c7i.12xlarge","Yes","Compute optimized","48","Intel Xeon Scalable (Sapphire Rapids)","3.2 GHz","96 GiB","EBS only","18750 Megabit","64-bit",,,,,,,,"Dedicated","Linux","No License required",,,,"EUW3-DedicatedUsage:c7i.12xlarge","RunInstances","NA","Used","false","15000 Mbps","15000 Mbps","NA","Yes",,"NA",,,,,,,,,,,,,,"Compute Optimized",,"Yes","Yes","Yes","OnDemand","96",,"NA","Intel AVX; Intel AVX2; Intel AVX512; Intel Turbo; Intel AMX",,"eu-west-3",,"Amazon Elastic Compute Cloud",,,,"true"
"FAB7K7RP2B9CUR5J","JRTCKXETXF","FAB7K7RP2B9CUR5J.JRTCKXETXF.6YS6EN2CT7","OnDemand","$2.79972 per Dedicated Linux c7i.12xlarge Instance Hour","2026-10-01","0","Inf","Hrs","2.7997200000","USD",,,,,"Compute Instance","AmazonEC2","EU (Paris)","AWS Region","c7i.12xlarge","Yes","Compute optimized","48","Intel Xeon Scalable (Sapphire Rapids)","3.2 GHz","96 GiB","EBS only","18750 Megabit","64-bit",,,,,,,,"Dedicated","Linux","No License required",,,,"EUW3-DedicatedUsage:c7i.12xlarge","RunInstances","NA","Used","false","15000 Mbps","15000 Mbps","NA","Yes",,"NA",,,,,,,,,,,,,,"Compute Optimized",,"Yes","Yes","Yes","OnDemand","96",,"NA","Intel AVX; Intel AVX2; Intel AVX512; Intel Turbo; Intel AMX",,"eu-west-3",,"Amazon Elastic Compute Cloud",,,,"true"
"FAB7K7RP2B9CUR5J","MZU6U2429S","FAB7K7RP2B9CUR5J.MZU6U2429S.6YS6EN2CT7","Reserved","USD 0.0 per Linux/UNIX (Amazon VPC), c7i.12xlarge reserved instance applied","2026-10-08","0","Inf","Hrs","0.0000000000","USD",,"3yr","All Upfront","convertible","Compute Instance","AmazonEC2","EU (Paris)","AWS Region","c7i.12xlarge","Yes","Compute optimized","48","Intel Xeon Scalable (Sapphire Rapids)","3.2 GHz","96 GiB","EBS only","18750 Megabit","64-bit",,,,,,,,"Dedicated","Linux","No License required",,,,"EUW3-DedicatedUsage:c7i.12xlarge","RunInstances","NA","Used","false","15000 Mbps","15000 Mbps","NA","Yes",,"NA",,,,,,,,,,,,,,"Compute Optimized",,"Yes","Yes","Yes","OnDemand","96",,"NA","Intel AVX; Intel AVX2; Intel AVX512; Intel Turbo; Intel AMX",,"eu-west-3",,"Amazon Elastic Compute Cloud",,,,"true"
"FAB7K7RP2B9CUR5J","MZU6U2429S","FAB7K7RP2B9CUR5J.MZU6U2429S.2TG2D8R56U","Reserved","Upfront Fee","2026-10-08",,,"Quantity","34839","USD",,"3yr","All Upfront","convertible","Compute Instance","AmazonEC2","EU (Paris)","AWS Region","c7i.12xlarge","Yes","Compute optimized","48","Intel Xeon Scalable (Sapphire Rapids)","3.2 GHz","96 GiB","EBS only","18750 Megabit","64-bit",,,,,,,,"Dedicated","Linux","No License required",,,,"EUW3-DedicatedUsage:c7i.12xlarge","RunInstances","NA","Used","false","15000 Mbps","15000 Mbps","NA","Yes",,"NA",,,,,,,,,,,,,,"Compute Optimized",,"Yes","Yes","Yes","OnDemand","96",,"NA","Intel AVX; Intel AVX2; Intel AVX512; Intel Turbo; Intel AMX",,"eu-west-3",,"Amazon Elastic Compute Cloud",,,,"true"
"FAB7K7RP2B9CUR5J","NQ3QZPMQV9","FAB7K7RP2B9CUR5J.NQ3QZPMQV9.6YS6EN2CT7","Reserved","USD 0.0 per Linux/UNIX (Amazon VPC), c7i.12xlarge reserved instance applied","2026-10-08","0","Inf","Hrs","0.0000000000","USD",,"3yr","All Upfront","standard","Compute Instance","AmazonEC2","EU (Paris)","AWS Region","c7i.12xlarge","Yes","Compute optimized","48","Intel Xeon Scalable (Sapphire Rapids)","3.2 GHz","96 GiB","EBS only","18750 Megabit","64-bit",,,,,,,,"Dedicated","Linux","No License required",,,,"EUW3-DedicatedUsage:c7i.12xlarge","RunInstances","NA","Used","false","15000 Mbps","15000 Mbps","NA","Yes",,"NA",,,,,,,,,,,,,,"Compute Optimized",,"Yes","Yes","Yes","OnDemand","96",,"NA","Intel AVX; Intel AVX2; Intel AVX512; Intel Turbo; Intel AMX",,"eu-west-3",,"Amazon Elastic Compute Cloud",,,,"true"
"FAB7K7RP2B9CUR5J","NQ3QZPMQV9","FAB7K7RP2B9CUR5J.NQ3QZPMQV9.2TG2D8R56U","Reserved","Upfront Fee","2026-10-08",,,"Quantity","29103","USD",,"3yr","All Upfront","standard","Compute Instance","AmazonEC2","EU (Paris)","AWS Region","c7i.12xlarge","Yes","Compute optimized","48","Intel Xeon Scalable (Sapphire Rapids)","3.2 GHz","96 GiB","EBS only","18750 Megabit","64-bit",,,,,,,,"Dedicated","Linux","No License required",,,,"EUW3-DedicatedUsage:c7i.12xlarge","RunInstances","NA","Used","false","15000 Mbps","15000 Mbps","NA","Yes",,"NA",,,,,,,,,,,,,,"Compute Optimized",,"Yes","Yes","Yes","OnDemand","96",,"NA","Intel AVX; Intel AVX2; Intel AVX512; Intel Turbo; Intel AMX",,"eu-west-3",,"Amazon Elastic Compute Cloud",,,,"true"
"FAB7K7RP2B9CUR5J","R5XV2EPZQZ","FAB7K7RP2B9CUR5J.R5XV2EPZQZ.6YS6EN2CT7","Reserved","Linux/UNIX (Amazon VPC), c7i.12xlarge reserved instance applied","2026-10-08","0","Inf","Hrs","0.6763700000","USD",,"3yr","Partial Upfront","convertible","Compute Instance","AmazonEC2","EU (Paris)","AWS Region","c7i.12xlarge","Yes","Compute optimized","48","Intel Xeon Scalable (Sapphire Rapids)","3.2 GHz","96 GiB","EBS only","18750 Megabit","64-bit",,,,,,,,"Dedicated","Linux","No License required",,,,"EUW3-DedicatedUsage:c7i.12xlarge","RunInstances","NA","Used","false","15000 Mbps","15000 Mbps","NA","Yes",,"NA",,,,,,,,,,,,,,"Compute Optimized",,"Yes","Yes","Yes","OnDemand","96",,"NA","Intel AVX; Intel AVX2; Intel AVX512; Intel Turbo; Intel AMX",,"eu-west-3",,"Amazon Elastic Compute Cloud",,,,"true"
"FAB7K7RP2B9CUR5J","R5XV2EPZQZ","FAB7K7RP2B9CUR5J.R5XV2EPZQZ.2TG2D8R56U","Reserved","Upfront Fee","2026-10-08",,,"Quantity","17775","USD",,"3yr","Partial Upfront","convertible","Compute Instance","AmazonEC2","EU (Paris)","AWS Region","c7i.12xlarge","Yes","Compute optimized","48","Intel Xeon Scalable (Sapphire Rapids)","3.2 GHz","96 GiB","EBS only","18750 Megabit","64-bit",,,,,,,,"Dedicated","Linux","No License required",,,,"EUW3-DedicatedUsage:c7i.12xlarge","RunInstances","NA","Used","false","15000 Mbps","15000 Mbps","NA","Yes",,"NA",,,,,,,,,,,,,,"Compute Optimized",,"Yes","Yes","Yes","OnDemand","96",,"NA","Intel AVX; Intel AVX2; Intel AVX512; Intel Turbo; Intel AMX",,"eu-west-3",,"Amazon Elastic Compute Cloud",,,,"true"
"FAB7K7RP2B9CUR5J","VJWZNREJX2","FAB7K7RP2B9CUR5J.VJWZNREJX2.6YS6EN2CT7","Reserved","USD 0.0 per Linux/UNIX (Amazon VPC), c7i.12xlarge reserved instance applied","2026-10-08","0","Inf","Hrs","0.0000000000","USD",,"1yr","All Upfront","convertible","Compute Instance","AmazonEC2","EU (Paris)","AWS Region","c7i.12xlarge","Yes","Compute optimized","48","Intel Xeon Scalable (Sapphire Rapids)","3.2 GHz","96 GiB","EBS only","18750 Megabit","64-bit",,,,,,,,"Dedicated","Linux","No License required",,,,"EUW3-DedicatedUsage:c7i.12xlarge","RunInstances","NA","Used","false","15000 Mbps","15000 Mbps","NA","Yes",,"NA",,,,,,,,,,,,,,"Compute Optimized",,"Yes","Yes","Yes","OnDemand","96",,"NA","Intel AVX; Intel AVX2; Intel AVX512; Intel Turbo; Intel AMX",,"eu-west-3",,"Amazon Elastic Compute Cloud",,,,"true"
"FAB7K7RP2B9CUR5J","VJWZNREJX2","FAB7K7RP2B9CUR5J.VJWZNREJX2.2TG2D8R56U","Reserved","Upfront Fee","2026-10-08",,,"Quantity","17443","USD",,"1yr","All Upfront","convertible","Compute Instance","AmazonEC2","EU (Paris)","AWS Region","c7i.12xlarge","Yes","Compute optimized","48","Intel Xeon Scalable (Sapphire Rapids)","3.2 GHz","96 GiB","EBS only","18750 Megabit","64-bit",,,,,,,,"Dedicated","Linux","No License required",,,,"EUW3-DedicatedUsage:c7i.12xlarge","RunInstances","NA","Used","false","15000 Mbps","15000 Mbps","NA","Yes",,"NA",,,,,,,,,,,,,,"Compute Optimized",,"Yes","Yes","Yes","OnDemand","96",,"NA","Intel AVX; Intel AVX2; Intel AVX512; Intel Turbo; Intel AMX",,"eu-west-3",,"Amazon Elastic Compute Cloud",,,,"true"
"FAB7K7RP2B9CUR5J","Z2E3P23VKM","FAB7K7RP2B9CUR5J.Z2E3P23VKM.6YS6EN2CT7","Reserved","Linux/UNIX (Amazon VPC), c7i.12xlarge reserved instance applied","2026-10-08","0","Inf","Hrs","1.4609600000","USD",,"3yr","No Upfront","convertible","Compute Instance","AmazonEC2","EU (Paris)","AWS Region","c7i.12xlarge","Yes","Compute optimized","48","Intel Xeon Scalable (Sapphire Rapids)","3.2 GHz","96 GiB","EBS only","18750 Megabit","64-bit",,,,,,,,"Dedicated","Linux","No License required",,,,"EUW3-DedicatedUsage:c7i.12xlarge","RunInstances","NA","Used","false","15000 Mbps","15000 Mbps","NA","Yes",,"NA",,,,,,,,,,,,,,"Compute Optimized",,"Yes","Yes","Yes","OnDemand","96",,"NA","Intel AVX; Intel AVX2; Intel AVX512; Intel Turbo; Intel AMX",,"eu-west-3",,"Amazon Elastic Compute Cloud",,,,"true"
"FAXXPJ5P4R2W958D","JRTCKXETXF","FAXXPJ5P4R2W958D.JRTCKXETXF.6YS6EN2CT7","OnDemand","$3.75084 per Dedicated Linux with SQL Web c8i.12xlarge Instance Hour","2026-10-01","0","Inf","Hrs","3.7508400000","USD",,,,,"Compute Instance","AmazonEC2","EU (Paris)","AWS Region","c8i.12xlarge","Yes","Compute optimized","48","Intel Xeon Scalable (Granite Rapids)","3.9 GHz","96 GiB","EBS only","22500 Megabit","64-bit",,,,,,,,"Dedicated","Linux","No License required",,,,"EUW3-DedicatedUsage:c8i.12xlarge","RunInstances:0200","NA","Used","false","15000 Mbps","15000 Mbps","NA","Yes",,"NA",,,,,,,,,,,,,,"Compute Optimized",,"Yes","Yes","Yes","OnDemand","96",,"SQL Web","Intel AVX; Intel AVX2; Intel AVX512; Intel Turbo; Intel AMX",,"eu-west-3",,"Amazon Elastic Compute Cloud",,,,"true"
"FBVBU4YRR3WG2KDV","JRTCKXETXF","FBVBU4YRR3WG2KDV.JRTCKXETXF.6YS6EN2CT7","OnDemand","$0.00 per Red Hat Enterprise Linux with HA c8i.12xlarge Dedicated Host Instance hour","2026-10-01","0","Inf","Hrs","0.0000000000","USD",,,,,"Compute Instance","AmazonEC2","EU (Paris)","AWS Region","c8i.12xlarge","Yes","Compute optimized","48","Intel Xeon Scalable (Granite Rapids)","3.9 GHz","96 GiB","EBS only","22500 Megabit","64-bit",,,,,,,,"Host","Red Hat Enterprise Linux with HA","No License required",,,,"EUW3-HostBoxUsage:c8i.12xlarge","RunInstances:1010","NA","Used","false","15000 Mbps","15000 Mbps","NA","Yes",,"NA",,,,,,,,,,,,,,"Compute Optimized",,"Yes","Yes","Yes","OnDemand","96",,"NA","Intel AVX; Intel AVX2; Intel AVX512; Intel Turbo; Intel AMX",,"eu-west-3",,"Amazon Elastic Compute Cloud",,,,"true"
"FDFVNVNGUQE2JXGP","JRTCKXETXF","FDFVNVNGUQE2JXGP.JRTCKXETXF.6YS6EN2CT7","OnDemand","$0.00 per RHEL c7i.12xlarge Dedicated Host Instance hour","2026-10-01","0","Inf","Hrs","0.0000000000","USD",,,,,"Compute Instance","AmazonEC2","EU (Paris)","AWS Region","c7i.12xlarge","Yes","Compute optimized","48","Intel Xeon Scalable (Sapphire Rapids)","3.2 GHz","96 GiB","EBS only","18750 Megabit","64-bit",,,,,,,,"Host","RHEL","No License required",,,,"EUW3-HostBoxUsage:c7i.12xlarge","RunInstances:0010","NA","Used","false","15000 Mbps","15000 Mbps","NA","Yes",,"NA",,,,,,,,,,,,,,"Compute Optimized",,"Yes","Yes","Yes","OnDemand","96",,"NA","Intel AVX; Intel AVX2; Intel AVX512; Intel Turbo; Intel AMX",,"eu-west-3",,"Amazon Elastic Compute Cloud",,,,"true"
"FE2HR88XQVRWJ8FJ","38NPMPTW36","FE2HR88XQVRWJ8FJ.38NPMPTW36.6YS6EN2CT7","Reserved","SUSE Linux (Amazon VPC), c7i.12xlarge reserved instance applied","2026-10-08","0","Inf","Hrs","0.6160500000","USD",,"3yr","Partial Upfront","standard","Compute Instance","AmazonEC2","EU (Paris)","AWS Region","c7i.12xlarge","Yes","Compute optimized","48","Intel Xeon Scalable (Sapphire Rapids)","3.2 GHz","96 GiB","EBS only","18750 Megabit","64-bit",,,,,,,,"Dedicated","SUSE","No License required",,,,"EUW3-DedicatedUsage:c7i.12xlarge","RunInstances:000g","NA","Used","false","15000 Mbps","15000 Mbps","NA","Yes",,"NA",,,,,,,,,,,,,,"Compute Optimized",,"Yes","Yes","Yes","OnDemand","96",,"NA","Intel AVX; Intel AVX2; Intel AVX512; Intel Turbo; Intel AMX",,"eu-west-3",,"Amazon Elastic Compute Cloud",,,,"true"
"FE2HR88XQVRWJ8FJ","38NPMPTW36","FE2HR88XQVRWJ8FJ.38NPMPTW36.2TG2D8R56U","Reserved","Upfront Fee","2026-10-08",,,"Quantity","16190","USD",,"3yr","Partial Upfront","standard","Compute Instance","AmazonEC2","EU (Paris)","AWS Region","c7i.12xlarge","Yes","Compute optimized","48","Intel Xeon Scalable (Sapphire Rapids)","3.2 GHz","96 GiB","EBS only","18750 Megabit","64-bit",,,,,,,,"Dedicated","SUSE","No License required",,,,"EUW3-DedicatedUsage:c7i.12xlarge","RunInstances:000g","NA","Used","false","15000 Mbps","15000 Mbps","NA","Yes",,"NA",,,,,,,,,,,,,,"Compute Optimized",,"Yes","Yes","Yes","OnDemand","96",,"NA","Intel AVX; Intel AVX2; Intel AVX512; Intel Turbo; Intel AMX",,"eu-west-3",,"Amazon Elastic Compute Cloud",,,,"true"
"FE2HR88XQVRWJ8FJ","4NA7Y494T4","FE2HR88XQVRWJ8FJ.4NA7Y494T4.6YS6EN2CT7","Reserved","SUSE Linux (Amazon VPC), c7i.12xlarge reserved instance applied","2026-10-08","0","Inf","Hrs","1.9081200000","USD",,"1yr","No Upfront","standard","Compute Instance","AmazonEC2","EU (Paris)","AWS Region","c7i.12xlarge","Yes","Compute optimized","48","Intel Xeon Scalable (Sapphire Rapids)","3.2 GHz","96 GiB","EBS only","18750 Megabit","64-bit",,,,,,,,"Dedicated","SUSE","No License required",,,,"EUW3-DedicatedUsage:c7i.12xlarge","RunInstances:000g","NA","Used","false","15000 Mbps","15000 Mbps","NA","Yes",,"NA",,,,,,,,,,,,,,"Compute Optimized",,"Yes","Yes","Yes","OnDemand","96",,"NA","Intel AVX; Intel AVX2; Intel AVX512; Intel Turbo; Intel AMX",,"eu-west-3",,"Amazon Elastic Compute Cloud",,,,"true"
"FE2HR88XQVRWJ8FJ","6QCMYABX3D","FE2HR88XQVRWJ8FJ.6QCMYABX3D.6YS6EN2CT7","Reserved","USD 0.0 per SUSE Linux (Amazon VPC), c7i.12xlarge reserved instance applied","2026-10-08","0","Inf","Hrs","0.0000000000","USD",,"1yr","All Upfront","standard","Compute Instance","AmazonEC2","EU (Paris)","AWS Region","c7i.12xlarge","Yes","Compute optimized","48","Intel Xeon Scalable (Sapphire Rapids)","3.2 GHz","96 GiB","EBS only","18750 Megabit","64-bit",,,,,,,,"Dedicated","SUSE","No License required",,,,"EUW3-DedicatedUsage:c7i.12xlarge","RunInstances:000g","NA","Used","false","15000 Mbps","15000 Mbps","NA","Yes",,"NA",,,,,,,,,,,,,,"Compute Optimized",,"Yes","Yes","Yes","OnDemand","96",,"NA","Intel AVX; Intel AVX2; Intel AVX512; Intel Turbo; Intel AMX",,"eu-west-3",,"Amazon Elastic Compute Cloud",,,,"true"
"FE2HR88XQVRWJ8FJ","6QCMYABX3D","FE2HR88XQVRWJ8FJ.6QCMYABX3D.2TG2D8R56U","Reserved","Upfront Fee","2026-10-08",,,"Quantity","15636","USD",,"1yr","All Upfront","standard","Compute Instance","AmazonEC2","EU (Paris)","AWS Region","c7i.12xlarge","Yes","Compute optimized","48","Intel Xeon Scalable (Sapphire Rapids)","3.2 GHz","96 GiB","EBS only","18750 Megabit","64-bit",,,,,,,,"Dedicated","SUSE","No License required",,,,"EUW3-DedicatedUsage:c7i.12xlarge","RunInstances:000g","NA","Used","false","15000 Mbps","15000 Mbps","NA","Yes",,"NA",,,,,,,,,,,,,,"Compute Optimized",,"Yes","Yes","Yes","OnDemand","96",,"NA","Intel AVX; Intel AVX2; Intel AVX512; Intel Turbo; Intel AMX",,"eu-west-3",,"Amazon Elastic Compute Cloud",,,,"true"
"FE2HR88XQVRWJ8FJ","7NE97W5U4E","FE2HR88XQVRWJ8FJ.7NE97W5U4E.6YS6EN2CT7","Reserved","SUSE Linux (Amazon VPC), c7i.12xlarge reserved instance applied","2026-10-08","0","Inf","Hrs","2.1933600000","USD",,"1yr","No Upfront","convertible","Compute Instance","AmazonEC2","EU (Paris)","AWS Region","c7i.12xlarge","Yes","Compute optimized","48","Intel Xeon Scalable (Sapphire Rapids)","3.2 GHz","96 GiB","EBS only","18750 Megabit","64-bit",,,,,,,,"Dedicated","SUSE","No License required",,,,"EUW3-DedicatedUsage:c7i.12xlarge","RunInstances:000g","NA","Used","false","15000 Mbps","15000 Mbps","NA","Yes",,"NA",,,,,,,,,,,,,,"Compute Optimized",,"Yes","Yes","Yes","OnDemand","96",,"NA","Intel AVX; Intel AVX2; Intel AVX512; Intel Turbo; Intel AMX",,"eu-west-3",,"Amazon Elastic Compute Cloud",,,,"true"
"FE2HR88XQVRWJ8FJ","BPH4J8HBKS","FE2HR88XQVRWJ8FJ.BPH4J8HBKS.6YS6EN2CT7","Reserved","SUSE Linux (Amazon VPC), c7i.12xlarge reserved instance applied","2026-10-08","0","Inf","Hrs","1.3263400000","USD",,"3yr","No Upfront","standard","Compute Instance","AmazonEC2","EU (Paris)","AWS Region","c7i.12xlarge","Yes","Compute optimized","48","Intel Xeon Scalable (Sapphire Rapids)","3.2 GHz","96 GiB","EBS only","18750 Megabit","64-bit",,,,,,,,"Dedicated","SUSE","No License required",,,,"EUW3-DedicatedUsage:c7i.12xlarge","RunInstances:000g","NA","Used","false","15000 Mbps","15000 Mbps","NA","Yes",,"NA",,,,,,,,,,,,,,"Compute Optimized",,"Yes","Yes","Yes","OnDemand","96",,"NA","Intel AVX; Intel AVX2; Intel AVX512; Intel Turbo; Intel AMX",,"eu-west-3",,"Amazon Elastic Compute Cloud",,,,"true"
"FE2HR88XQVRWJ8FJ","CUZHX8X6JH","FE2HR88XQVRWJ8FJ.CUZHX8X6JH.6YS6EN2CT7","Reserved","SUSE Linux (Amazon VPC), c7i.12xlarge reserved instance applied","2026-10-08","0","Inf","Hrs","1.0458800000","USD",,"1yr","Partial Upfront","convertible","Compute Instance","AmazonEC2","EU (Paris)","AWS Region","c7i.12xlarge","Yes","Compute optimized","48","Intel Xeon Scalable (Sapphire Rapids)","3.2 GHz","96 GiB","EBS only","18750 Megabit","64-bit",,,,,,,,"Dedicated","SUSE","No License required",,,,"EUW3-DedicatedUsage:c7i.12xlarge","RunInstances:000g","NA","Used","false","15000 Mbps","15000 Mbps","NA","Yes",,"NA",,,,,,,,,,,,,,"Compute Optimized",,"Yes","Yes","Yes","OnDemand","96",,"NA","Intel AVX; Intel AVX2; Intel AVX512; Intel Turbo; Intel AMX",,"eu-west-3",,"Amazon Elastic Compute Cloud",,,,"true"
"FE2HR88XQVRWJ8FJ","CUZHX8X6JH","FE2HR88XQVRWJ8FJ.CUZHX8X6JH.2TG2D8R56U","Reserved","Upfront Fee","2026-10-08",,,"Quantity","9162","USD",,"1yr","Partial Upfront","convertible","Compute Instance","AmazonEC2","EU (Paris)","AWS Region","c7i.12xlarge","Yes","Compute optimized","48","Intel Xeon Scalable (Sapphire Rapids)","3.2 GHz","96 GiB","EBS only","18750 Megabit","64-bit",,,,,,,,"Dedicated","SUSE","No License required",,,,"EUW3-DedicatedUsage:c7i.12xlarge","RunInstances:000g","NA","Used","false","15000 Mbps","15000 Mbps","NA","Yes",,"NA",,,,,,,,,,,,,,"Compute Optimized",,"Yes","Yes","Yes","OnDemand","96",,"NA","Intel AVX; Intel AVX2; Intel AVX512; Intel Turbo; Intel AMX",,"eu-west-3",,"Amazon Elastic Compute Cloud",,,,"true"
"FE2HR88XQVRWJ8FJ","HU7G6KETJZ","FE2HR88XQVRWJ8FJ.HU7G6KETJZ.6YS6EN2CT7","Reserved","SUSE Linux (Amazon VPC), c7i.12xlarge reserved instance applied","2026-10-08","0","Inf","Hrs","0.9100600000","USD",,"1yr","Partial Upfront","standard","Compute Instance","AmazonEC2","EU (Paris)","AWS Region","c7i.12xlarge","Yes","Compute optimized","48","Intel Xeon Scalable (Sapphire Rapids)","3.2 GHz","96 GiB","EBS only","18750 Megabit","64-bit",,,,,,,,"Dedicated","SUSE","No License required",,,,"EUW3-DedicatedUsage:c7i.12xlarge","RunInstances:000g","NA","Used","false","15000 Mbps","15000 Mbps","NA","Yes",,"NA",,,,,,,,,,,,,,"Compute Optimized",,"Yes","Yes","Yes","OnDemand","96",,"NA","Intel AVX; Intel AVX2; Intel AVX512; Intel Turbo; Intel AMX",,"eu-west-3",,"Amazon Elastic Compute Cloud",,,,"true"
"FE2HR88XQVRWJ8FJ","HU7G6KETJZ","FE2HR88XQVRWJ8FJ.HU7G6KETJZ.2TG2D8R56U","Reserved","Upfront Fee","2026-10-08",,,"Quantity","7972","USD",,"1yr","Partial Upfront","standard","Compute Instance","AmazonEC2","EU (Paris)","AWS Region","c7i.12xlarge","Yes","Compute optimized","48","Intel Xeon Scalable (Sapphire Rapids)","3.2 GHz","96 GiB","EBS only","18750 Megabit","64-bit",,,,,,,,"Dedicated","SUSE","No License required",,,,"EUW3-DedicatedUsage:c7i.12xlarge","RunInstances:000g","NA","Used","false","15000 Mbps","15000 Mbps","NA","Yes",,"NA",,,,,,,,,,,,,,"Compute Optimized",,"Yes","Yes","Yes","OnDemand","96",,"NA","Intel AVX; Intel AVX2; Intel AVX512; Intel Turbo; Intel AMX",,"eu-west-3",,"Amazon Elastic Compute Cloud",,,,"true"
"FE2HR88XQVRWJ8FJ","JRTCKXETXF","FE2HR88XQVRWJ8FJ.JRTCKXETXF.6YS6EN2CT7","OnDemand","$2.92472 per Dedicated SUSE c7i.12xlarge Instance Hour","2026-10-01","0","Inf","Hrs","2.9247200000","USD",,,,,"Compute Instance","AmazonEC2","EU (Paris)","AWS Region","c7i.12xlarge","Yes","Compute optimized","48","Intel Xeon Scalable (Sapphire Rapids)","3.2 GHz","96 GiB","EBS only","18750 Megabit","64-bit",,,,,,,,"Dedicated","SUSE","No License required",,,,"EUW3-DedicatedUsage:c7i.12xlarge","RunInstances:000g","NA","Used","false","15000 Mbps","15000 Mbps","NA","Yes",,"NA",,,,,,,,,,,,,,"Compute Optimized",,"Yes","Yes","Yes","OnDemand","96",,"NA","Intel AVX; Intel AVX2; Intel AVX512; Intel Turbo; Intel AMX",,"eu-west-3",,"Amazon Elastic Compute Cloud",,,,"true"
"FE2HR88XQVRWJ8FJ","MZU6U2429S","FE2HR88XQVRWJ8FJ.MZU6U2429S.6YS6EN2CT7","Reserved","USD 0.0 per SUSE Linux (Amazon VPC), c7i.12xlarge reserved instance applied","2026-10-08","0","Inf","Hrs","0.0000000000","USD",,"3yr","All Upfront","convertible","Compute Instance","AmazonEC2","EU (Paris)","AWS Region","c7i.12xlarge","Yes","Compute optimized","48","Intel Xeon Scalable (Sapphire Rapids)","3.2 GHz","96 GiB","EBS only","18750 Megabit","64-bit",,,,,,,,"Dedicated","SUSE","No License required",,,,"EUW3-DedicatedUsage:c7i.12xlarge","RunInstances:000g","NA","Used","false","15000 Mbps","15000 Mbps","NA","Yes",,"NA",,,,,,,,,,,,,,"Compute Optimized",,"Yes","Yes","Yes","OnDemand","96",,"NA","Intel AVX; Intel AVX2; Intel AVX512; Intel Turbo; Intel AMX",,"eu-west-3",,"Amazon Elastic Compute Cloud",,,,"true"
"FE2HR88XQVRWJ8FJ","MZU6U2429S","FE2HR88XQVRWJ8FJ.MZU6U2429S.2TG2D8R56U","Reserved","Upfront Fee","2026-10-08",,,"Quantity","36258","USD",,"3yr","All Upfront","convertible","Compute Instance","AmazonEC2","EU (Paris)","AWS Region","c7i.12xlarge","Yes","Compute optimized","48","Intel Xeon Scalable (Sapphire Rapids)","3.2 GHz","96 GiB","EBS only","18750 Megabit","64-bit",,,,,,,,"Dedicated","SUSE","No License required",,,,"EUW3-DedicatedUsage:c7i.12xlarge","RunInstances:000g","NA","Used","false","15000 Mbps","15000 Mbps","NA","Yes",,"NA",,,,,,,,,,,,,,"Compute Optimized",,"Yes","Yes","Yes","OnDemand","96",,"NA","Intel AVX; Intel AVX2; Intel AVX512; Intel Turbo; Intel AMX",,"eu-west-3",,"Amazon Elastic Compute Cloud",,,,"true"
"FE2HR88XQVRWJ8FJ","NQ3QZPMQV9","FE2HR88XQVRWJ8FJ.NQ3QZPMQV9.6YS6EN2CT7","Reserved","USD 0.0 per SUSE Linux (Amazon VPC), c7i.12xlarge reserved instance applied","2026-10-08","0","Inf","Hrs","0.0000000000","USD",,"3yr","All Upfront","standard","Compute Instance","AmazonEC2","EU (Paris)","AWS Region","c7i.12xlarge","Yes","Compute optimized","48","Intel Xeon Scalable (Sapphire Rapids)","3.2 GHz","96 GiB","EBS only","18750 Megabit","64-bit",,,,,,,,"Dedicated","SUSE","No License required",,,,"EUW3-DedicatedUsage:c7i.12xlarge","RunInstances:000g","NA","Used","false","15000 Mbps","15000 Mbps","NA","Yes",,"NA",,,,,,,,,,,,,,"Compute Optimized",,"Yes","Yes","Yes","OnDemand","96",,"NA","Intel AVX; Intel AVX2; Intel AVX512; Intel Turbo; Intel AMX",,"eu-west-3",,"Amazon Elastic Compute Cloud",,,,"true"
"FE2HR88XQVRWJ8FJ","NQ3QZPMQV9","FE2HR88XQVRWJ8FJ.NQ3QZPMQV9.2TG2D8R56U","Reserved","Upfront Fee","2026-10-08",,,"Quantity","30522","USD",,"3yr","All Upfront","standard","Compute Instance","AmazonEC2","EU (Paris)","AWS Region","c7i.12xlarge","Yes","Compute optimized","48","Intel Xeon Scalable (Sapphire Rapids)","3.2 GHz","96 GiB","EBS only","18750 Megabit","64-bit",,,,,,,,"Dedicated","SUSE","No License required",,,,"EUW3-DedicatedUsage:c7i.12xlarge","RunInstances:000g","NA","Used","false","15000 Mbps","15000 Mbps","NA","Yes",,"NA",,,,,,,,,,,,,,"Compute Optimized",,"Yes","Yes","Yes","OnDemand","96",,"NA","Intel AVX; Intel AVX2; Intel AVX512; Intel Turbo; Intel AMX",,"eu-west-3",,"Amazon Elastic Compute Cloud",,,,"true"
"FE2HR88XQVRWJ8FJ","R5XV2EPZQZ","FE2HR88XQVRWJ8FJ.R5XV2EPZQZ.6YS6EN2CT7","Reserved","SUSE Linux (Amazon VPC), c7i.12xlarge reserved instance applied","2026-10-08","0","Inf","Hrs","0.7033700000","USD",,"3yr","Partial Upfront","convertible","Compute Instance","AmazonEC2","EU (Paris)","AWS Region","c7i.12xlarge","Yes","Compute optimized","48","Intel Xeon Scalable (Sapphire Rapids)","3.2 GHz","96 GiB","EBS only","18750 Megabit","64-bit",,,,,,,,"Dedicated","SUSE","No License required",,,,"EUW3-DedicatedUsage:c7i.12xlarge","RunInstances:000g","NA","Used","false","15000 Mbps","15000 Mbps","NA","Yes",,"NA",,,,,,,,,,,,,,"Compute Optimized",,"Yes","Yes","Yes","OnDemand","96",,"NA","Intel AVX; Intel AVX2; Intel AVX512; Intel Turbo; Intel AMX",,"eu-west-3",,"Amazon Elastic Compute Cloud",,,,"true"
"FE2HR88XQVRWJ8FJ","R5XV2EPZQZ","FE2HR88XQVRWJ8FJ.R5XV2EPZQZ.2TG2D8R56U","Reserved","Upfront Fee","2026-10-08",,,"Quantity","18485","USD",,"3yr","Partial Upfront","convertible","Compute Instance","AmazonEC2","EU (Paris)","AWS Region","c7i.12xlarge","Yes","Compute optimized","48","Intel Xeon Scalable (Sapphire Rapids)","3.2 GHz","96 GiB","EBS only","18750 Megabit","64-bit",,,,,,,,"Dedicated","SUSE","No License required",,,,"EUW3-DedicatedUsage:c7i.12xlarge","RunInstances:000g","NA","Used","false","15000 Mbps","15000 Mbps","NA","Yes",,"NA",,,,,,,,,,,,,,"Compute Optimized",,"Yes","Yes","Yes","OnDemand","96",,"NA","Intel AVX; Intel AVX2; Intel AVX512; Intel Turbo; Intel AMX",,"eu-west-3",,"Amazon Elastic Compute Cloud",,,,"true"
"FE2HR88XQVRWJ8FJ","VJWZNREJX2","FE2HR88XQVRWJ8FJ.VJWZNREJX2.6YS6EN2CT7","Reserved","USD 0.0 per SUSE Linux (Amazon VPC), c7i.12xlarge reserved instance applied","2026-10-08","0","Inf","Hrs","0.0000000000","USD",,"1yr","All Upfront","convertible","Compute Instance","AmazonEC2","EU (Paris)","AWS Region","c7i.12xlarge","Yes","Compute optimized","48","Intel Xeon Scalable (Sapphire Rapids)","3.2 GHz","96 GiB","EBS only","18750 Megabit","64-bit",,,,,,,,"Dedicated","SUSE","No License required",,,,"EUW3-DedicatedUsage:c7i.12xlarge","RunInstances:000g","NA","Used","false","15000 Mbps","15000 Mbps","NA","Yes",,"NA",,,,,,,,,,,,,,"Compute Optimized",,"Yes","Yes","Yes","OnDemand","96",,"NA","Intel AVX; Intel AVX2; Intel AVX512; Intel Turbo; Intel AMX",,"eu-west-3",,"Amazon Elastic Compute Cloud",,,,"true"
"FE2HR88XQVRWJ8FJ","VJWZNREJX2","FE2HR88XQVRWJ8FJ.VJWZNREJX2.2TG2D8R56U","Reserved","Upfront Fee","2026-10-08",,,"Quantity","17968","USD",,"1yr","All Upfront","convertible","Compute Instance","AmazonEC2","EU (Paris)","AWS Region","c7i.12xlarge","Yes","Compute optimized","48","Intel Xeon Scalable (Sapphire Rapids)","3.2 GHz","96 GiB","EBS only","18750 Megabit","64-bit",,,,,,,,"Dedicated","SUSE","No License required",,,,"EUW3-DedicatedUsage:c7i.12xlarge","RunInstances:000g","NA","Used","false","15000 Mbps","15000 Mbps","NA","Yes",,"NA",,,,,,,,,,,,,,"Compute Optimized",,"Yes","Yes","Yes","OnDemand","96",,"NA","Intel AVX; Intel AVX2; Intel AVX512; Intel Turbo; Intel AMX",,"eu-west-3",,"Amazon Elastic Compute Cloud",,,,"true"
"FE2HR88XQVRWJ8FJ","Z2E3P23VKM","FE2HR88XQVRWJ8FJ.Z2E3P23VKM.6YS6EN2CT7","Reserved","SUSE Linux (Amazon VPC), c7i.12xlarge reserved instance applied","2026-10-08","0","Inf","Hrs","1.5149600000","USD",,"3yr","No Upfront","convertible","Compute Instance","AmazonEC2","EU (Paris)","AWS Region","c7i.12xlarge","Yes","Compute optimized","48","Intel Xeon Scalable (Sapphire Rapids)","3.2 GHz","96 GiB","EBS only","18750 Megabit","64-bit",,,,,,,,"Dedicated","SUSE","No License required",,,,"EUW3-DedicatedUsage:c7i.12xlarge","RunInstances:000g","NA","Used","false","15000 Mbps","15000 Mbps","NA","Yes",,"NA",,,,,,,,,,,,,,"Compute Optimized",,"Yes","Yes","Yes","OnDemand","96",,"NA","Intel AVX; Intel AVX2; Intel AVX512; Intel Turbo; Intel AMX",,"eu-west-3",,"Amazon Elastic Compute Cloud",,,,"true"
"FH5UE99Q2R89ZYZQ","JRTCKXETXF","FH5UE99Q2R89ZYZQ.JRTCKXETXF.6YS6EN2CT7","OnDemand","$0.00 per Reservation Red Hat Enterprise Linux with HA c8i.12xlarge Instance Hour","2026-10-01","0","Inf","Hrs","0.0000000000","USD",,,,,"Compute Instance","AmazonEC2","EU (Paris)","AWS Region","c8i.12xlarge","Yes","Compute optimized","48","Intel Xeon Scalable (Granite Rapids)","3.9 GHz","96 GiB","EBS only","22500 Megabit","64-bit",,,,,,,,"Shared","Red Hat Enterprise Linux with HA","No License required",,,,"EUW3-Reservation:c8i.12xlarge","RunInstances:1010","NA","AllocatedCapacityReservation","false","15000 Mbps","15000 Mbps","NA","Yes",,"NA",,,,,,,,,,,,,,"Compute Optimized","2JSTP8P766URZXXZ","Yes","Yes","Yes","OnDemand","96",,"NA","Intel AVX; Intel AVX2; Intel AVX512; Intel Turbo; Intel AMX",,"eu-west-3",,"Amazon Elastic Compute Cloud",,,,"true"
"FM3JAGBA8FY7QWTW","JRTCKXETXF","FM3JAGBA8FY7QWTW.JRTCKXETXF.6YS6EN2CT7","OnDemand","$13.86648 per Dedicated Unused Reservation Linux with SQL Server Enterprise c7i.8xlarge Instance Hour","2026-10-01","0","Inf","Hrs","13.8664800000","USD",,,,,"Compute Instance","AmazonEC2","EU (Paris)","AWS Region","c7i.8xlarge","Yes","Compute optimized","32","Intel Xeon Scalable (Sapphire Rapids)","3.2 GHz","64 GiB","EBS only","12500 Megabit","64-bit",,,,,,,,"Dedicated","Linux","No License required",,,,"EUW3-UnusedDed:c7i.8xlarge","RunInstances:0100","NA","UnusedCapacityReservation","false","10000 Mbps","10000 Mbps","NA","Yes",,"NA",,,,,,,,,,,,,,"Compute Optimized","EZB629WAWFM82UQH","Yes","Yes","Yes","OnDemand","64",,"SQL Ent","Intel AVX; Intel AVX2; Intel AVX512; Intel Turbo; Intel AMX",,"eu-west-3",,"Amazon Elastic Compute Cloud",,,,"true"
"FQ7SQDP83PSVBBPX","JRTCKXETXF","FQ7SQDP83PSVBBPX.JRTCKXETXF.6YS6EN2CT7","OnDemand","$0.00 per Dedicated Reservation Windows with SQL Web c7i.8xlarge Instance Hour","2026-10-01","0","Inf","Hrs","0.0000000000","USD",,,,,"Compute Instance","AmazonEC2","EU (Paris)","AWS Region","c7i.8xlarge","Yes","Compute optimized","32","Intel Xeon Scalable (Sapphire Rapids)","3.2 GHz","64 GiB","EBS only","12500 Megabit","64-bit",,,,,,,,"Dedicated","Windows","No License required",,,,"EUW3-DedicatedRes:c7i.8xlarge","RunInstances:0202","NA","AllocatedCapacityReservation","false","10000 Mbps","10000 Mbps","NA","Yes",,"NA",,,,,,,,,,,,,,"Compute Optimized","RKPXBDCUHQB5E2ZY","Yes","Yes","Yes","OnDemand","64",,"SQL Web","Intel AVX; Intel AVX2; Intel AVX512; Intel Turbo; Intel AMX",,"eu-west-3",,"Amazon Elastic Compute Cloud",,,,"true"
"FR7NPJ4REPEK7FDV","JRTCKXETXF","FR7NPJ4REPEK7FDV.JRTCKXETXF.6YS6EN2CT7","OnDemand","$2.66008 per Dedicated Unused Reservation Red Hat Enterprise Linux with HA c7i.8xlarge Instance Hour","2026-10-01","0","Inf","Hrs","2.6600800000","USD",,,,,"Compute Instance","AmazonEC2","EU (Paris)","AWS Region","c7i.8xlarge","Yes","Compute optimized","32","Intel Xeon Scalable (Sapphire Rapids)","3.2 GHz","64 GiB","EBS only","12500 Megabit","64-bit",,,,,,,,"Dedicated","Red Hat Enterprise Linux with HA","No License required",,,,"EUW3-UnusedDed:c7i.8xlarge","RunInstances:1010","NA","UnusedCapacityReservation","false","10000 Mbps","10000 Mbps","NA","Yes",,"NA",,,,,,,,,,,,,,"Compute Optimized","EMM3DEA97Q66BBQW","Yes","Yes","Yes","OnDemand","64",,"NA","Intel AVX; Intel AVX2; Intel AVX512; Intel Turbo; Intel AMX",,"eu-west-3",,"Amazon Elastic Compute Cloud",,,,"true"
"FSMX3R6GZWGWGHNF","JRTCKXETXF","FSMX3R6GZWGWGHNF.JRTCKXETXF.6YS6EN2CT7","OnDemand","$0.00 per Dedicated Reservation RHEL with SQL Server Enterprise c7i.12xlarge Instance Hour","2026-10-01","0","Inf","Hrs","0.0000000000","USD",,,,,"Compute Instance","AmazonEC2","EU (Paris)","AWS Region","c7i.12xlarge","Yes","Compute optimized","48","Intel Xeon Scalable (Sapphire Rapids)","3.2 GHz","96 GiB","EBS only","18750 Megabit","64-bit",,,,,,,,"Dedicated","RHEL","No License required",,,,"EUW3-DedicatedRes:c7i.12xlarge","RunInstances:0110","NA","AllocatedCapacityReservation","false","15000 Mbps","15000 Mbps","NA","Yes",,"NA",,,,,,,,,,,,,,"Compute Optimized","E6A297ZVU3UZQXD5","Yes","Yes","Yes","OnDemand","96",,"SQL Ent","Intel AVX; Intel AVX2; Intel AVX512; Intel Turbo; Intel AMX",,"eu-west-3",,"Amazon Elastic Compute Cloud",,,,"true"
"FVBZTWZJSADHSJP5","JRTCKXETXF","FVBZTWZJSADHSJP5.JRTCKXETXF.6YS6EN2CT7","OnDemand","$0.00 per Dedicated Reservation RHEL with SQL Standard c7i.12xlarge Instance Hour","2026-10-01","0","Inf","Hrs","0.0000000000","USD",,,,,"Compute Instance","AmazonEC2","EU (Paris)","AWS Region","c7i.12xlarge","Yes","Compute optimized","48","Intel Xeon Scalable (Sapphire Rapids)","3.2 GHz","96 GiB","EBS only","18750 Megabit","64-bit",,,,,,,,"Dedicated","RHEL","No License required",,,,"EUW3-DedicatedRes:c7i.12xlarge","RunInstances:0014","NA","AllocatedCapacityReservation","false","15000 Mbps","15000 Mbps","NA","Yes",,"NA",,,,,,,,,,,,,,"Compute Optimized","75QMEHEP6YSMTDA2","Yes","Yes","Yes","OnDemand","96",,"SQL Std","Intel AVX; Intel AVX2; Intel AVX512; Intel Turbo; Intel AMX",,"eu-west-3",,"Amazon Elastic Compute Cloud",,,,"true"
"FWRQA9S24SZFXXX9","JRTCKXETXF","FWRQA9S24SZFXXX9.JRTCKXETXF.6YS6EN2CT7","OnDemand","$14.21208 per Dedicated Unused Reservation RHEL with SQL Server Enterprise c7i.8xlarge Instance Hour","2026-10-01","0","Inf","Hrs","14.2120800000","USD",,,,,"Compute Instance","AmazonEC2","EU (Paris)","AWS Region","c7i.8xlarge","Yes","Compute optimized","32","Intel Xeon Scalable (Sapphire Rapids)","3.2 GHz","64 GiB","EBS only","12500 Megabit","64-bit",,,,,,,,"Dedicated","RHEL","No License required",,,,"EUW3-UnusedDed:c7i.8xlarge","RunInstances:0110","NA","UnusedCapacityReservation","false","10000 Mbps","10000 Mbps","NA","Yes",,"NA",,,,,,,,,,,,,,"Compute Optimized","88NUMUTYTX2SYCFY","Yes","Yes","Yes","OnDemand","64",,"SQL Ent","Intel AVX; Intel AVX2; Intel AVX512; Intel Turbo; Intel AMX",,"eu-west-3",,"Amazon Elastic Compute Cloud",,,,"true"
"FXFUWW46V6N5YDRF","JRTCKXETXF","FXFUWW46V6N5YDRF.JRTCKXETXF.6YS6EN2CT7","OnDemand","$2.6724 per Unused Reservation Linux c8i.12xlarge Instance Hour","2026-10-01","0","Inf","Hrs","2.6724000000","USD",,,,,"Compute Instance","AmazonEC2","EU (Paris)","AWS Region","c8i.12xlarge","Yes","Compute optimized","48","Intel Xeon Scalable (Granite Rapids)","3.9 GHz","96 GiB","EBS only","22500 Megabit","64-bit",,,,,,,,"Shared","Linux","No License required",,,,"EUW3-UnusedBox:c8i.12xlarge","RunInstances","NA","UnusedCapacityReservation","false","15000 Mbps","15000 Mbps","NA","Yes",,"NA",,,,,,,,,,,,,,"Compute Optimized","D3UHFM3YDNHDZH83","Yes","Yes","Yes","OnDemand","96",,"NA","Intel AVX; Intel AVX2; Intel AVX512; Intel Turbo; Intel AMX",,"eu-west-3",,"Amazon Elastic Compute Cloud",,,,"true"
"FYSHMSQ3FZTC6JVT","38NPMPTW36","FYSHMSQ3FZTC6JVT.38NPMPTW36.6YS6EN2CT7","Reserved","Red Hat Enterprise Linux (Amazon VPC), c7i.12xlarge reserved instance applied","2026-10-08","0","Inf","Hrs","0.6655000000","USD",,"3yr","Partial Upfront","standard","Compute Instance","AmazonEC2","EU (Paris)","AWS Region","c7i.12xlarge","Yes","Compute optimized","48","Intel Xeon Scalable (Sapphire Rapids)","3.2 GHz","96 GiB","EBS only","18750 Megabit","64-bit",,,,,,,,"Shared","RHEL","No License required",,,,"EUW3-BoxUsage:c7i.12xlarge","RunInstances:0010","NA","Used","false","15000 Mbps","15000 Mbps","NA","Yes",,"NA",,,,,,,,,,,,,,"Compute Optimized",,"Yes","Yes","Yes","OnDemand","96",,"NA","Intel AVX; Intel AVX2; Intel AVX512; Intel Turbo; Intel AMX",,"eu-west-3",,"Amazon Elastic Compute Cloud",,,,"true"
"FYSHMSQ3FZTC6JVT","38NPMPTW36","FYSHMSQ3FZTC6JVT.38NPMPTW36.2TG2D8R56U","Reserved","Upfront Fee","2026-10-08",,,"Quantity","14073","USD",,"3yr","Partial Upfront","standard","Compute Instance","AmazonEC2","EU (Paris)","AWS Region","c7i.12xlarge","Yes","Compute optimized","48","Intel Xeon Scalable (Sapphire Rapids)","3.2 GHz","96 GiB","EBS only","18750 Megabit","64-bit",,,,,,,,"Shared","RHEL","No License required",,,,"EUW3-BoxUsage:c7i.12xlarge","RunInstances:0010","NA","Used","false","15000 Mbps","15000 Mbps","NA","Yes",,"NA",,,,,,,,,,,,,,"Compute Optimized",,"Yes","Yes","Yes","OnDemand","96",,"NA","Intel AVX; Intel AVX2; Intel AVX512; Intel Turbo; Intel AMX",,"eu-west-3",,"Amazon Elastic Compute Cloud",,,,"true"
"FYSHMSQ3FZTC6JVT","4NA7Y494T4","FYSHMSQ3FZTC6JVT.4NA7Y494T4.6YS6EN2CT7","Reserved","Red Hat Enterprise Linux (Amazon VPC), c7i.12xlarge reserved instance applied","2026-10-08","0","Inf","Hrs","1.8102000000","USD",,"1yr","No Upfront","standard","Compute Instance","AmazonEC2","EU (Paris)","AWS Region","c7i.12xlarge","Yes","Compute optimized","48","Intel Xeon Scalable (Sapphire Rapids)","3.2 GHz","96 GiB","EBS only","18750 Megabit","64-bit",,,,,,,,"Shared","RHEL","No License required",,,,"EUW3-BoxUsage:c7i.12xlarge","RunInstances:0010","NA","Used","false","15000 Mbps","15000 Mbps","NA","Yes",,"NA",,,,,,,,,,,,,,"Compute Optimized",,"Yes","Yes","Yes","OnDemand","96",,"NA","Intel AVX; Intel AVX2; Intel AVX512; Intel Turbo; Intel AMX",,"eu-west-3",,"Amazon Elastic Compute Cloud",,,,"true"
"FYSHMSQ3FZTC6JVT","6QCMYABX3D","FYSHMSQ3FZTC6JVT.6QCMYABX3D.6YS6EN2CT7","Reserved","USD 0.0 per Red Hat Enterprise Linux (Amazon VPC), c7i.12xlarge reserved instance applied","2026-10-08","0","Inf","Hrs","0.0000000000","USD",,"1yr","All Upfront","standard","Compute Instance","AmazonEC2","EU (Paris)","AWS Region","c7i.12xlarge","Yes","Compute optimized","48","Intel Xeon Scalable (Sapphire Rapids)","3.2 GHz","96 GiB","EBS only","18750 Megabit","64-bit",,,,,,,,"Shared","RHEL","No License required",,,,"EUW3-BoxUsage:c7i.12xlarge","RunInstances:0010","NA","Used","false","15000 Mbps","15000 Mbps","NA","Yes",,"NA",,,,,,,,,,,,,,"Compute Optimized",,"Yes","Yes","Yes","OnDemand","96",,"NA","Intel AVX; Intel AVX2; Intel AVX512; Intel Turbo; Intel AMX",,"eu-west-3",,"Amazon Elastic Compute Cloud",,,,"true"
"FYSHMSQ3FZTC6JVT","6QCMYABX3D","FYSHMSQ3FZTC6JVT.6QCMYABX3D.2TG2D8R56U","Reserved","Upfront Fee","2026-10-08",,,"Quantity","14876","USD",,"1yr","All Upfront","standard","Compute Instance","AmazonEC2","EU (Paris)","AWS Region","c7i.12xlarge","Yes","Compute optimized","48","Intel Xeon Scalable (Sapphire Rapids)","3.2 GHz","96 GiB","EBS only","18750 Megabit","64-bit",,,,,,,,"Shared","RHEL","No License required",,,,"EUW3-BoxUsage:c7i.12xlarge","RunInstances:0010","NA","Used","false","15000 Mbps","15000 Mbps","NA","Yes",,"NA",,,,,,,,,,,,,,"Compute Optimized",,"Yes","Yes","Yes","OnDemand","96",,"NA","Intel AVX; Intel AVX2; Intel AVX512; Intel Turbo; Intel AMX",,"eu-west-3",,"Amazon Elastic Compute Cloud",,,,"true"
"FYSHMSQ3FZTC6JVT","7NE97W5U4E","FYSHMSQ3FZTC6JVT.7NE97W5U4E.6YS6EN2CT7","Reserved","Red Hat Enterprise Linux (Amazon VPC), c7i.12xlarge reserved instance applied","2026-10-08","0","Inf","Hrs","2.0695100000","USD",,"1yr","No Upfront","convertible","Compute Instance","AmazonEC2","EU (Paris)","AWS Region","c7i.12xlarge","Yes","Compute optimized","48","Intel Xeon Scalable (Sapphire Rapids)","3.2 GHz","96 GiB","EBS only","18750 Megabit","64-bit",,,,,,,,"Shared","RHEL","No License required",,,,"EUW3-BoxUsage:c7i.12xlarge","RunInstances:0010","NA","Used","false","15000 Mbps","15000 Mbps","NA","Yes",,"NA",,,,,,,,,,,,,,"Compute Optimized",,"Yes","Yes","Yes","OnDemand","96",,"NA","Intel AVX; Intel AVX2; Intel AVX512; Intel Turbo; Intel AMX",,"eu-west-3",,"Amazon Elastic Compute Cloud",,,,"true"
"FYSHMSQ3FZTC6JVT","BPH4J8HBKS","FYSHMSQ3FZTC6JVT.BPH4J8HBKS.6YS6EN2CT7","Reserved","Red Hat Enterprise Linux (Amazon VPC), c7i.12xlarge reserved instance applied","2026-10-08","0","Inf","Hrs","1.2866700000","USD",,"3yr","No Upfront","standard","Compute Instance","AmazonEC2","EU (Paris)","AWS Region","c7i.12xlarge","Yes","Compute optimized","48","Intel Xeon Scalable (Sapphire Rapids)","3.2 GHz","96 GiB","EBS only","18750 Megabit","64-bit",,,,,,,,"Shared","RHEL","No License required",,,,"EUW3-BoxUsage:c7i.12xlarge","RunInstances:0010","NA","Used","false","15000 Mbps","15000 Mbps","NA","Yes",,"NA",,,,,,,,,,,,,,"Compute Optimized",,"Yes","Yes","Yes","OnDemand","96",,"NA","Intel AVX; Intel AVX2; Intel AVX512; Intel Turbo; Intel AMX",,"eu-west-3",,"Amazon Elastic Compute Cloud",,,,"true"
"FYSHMSQ3FZTC6JVT","CUZHX8X6JH","FYSHMSQ3FZTC6JVT.CUZHX8X6JH.6YS6EN2CT7","Reserved","Red Hat Enterprise Linux (Amazon VPC), c7i.12xlarge reserved instance applied","2026-10-08","0","Inf","Hrs","1.0535800000","USD",,"1yr","Partial Upfront","convertible","Compute Instance","AmazonEC2","EU (Paris)","AWS Region","c7i.12xlarge","Yes","Compute optimized","48","Intel Xeon Scalable (Sapphire Rapids)","3.2 GHz","96 GiB","EBS only","18750 Megabit","64-bit",,,,,,,,"Shared","RHEL","No License required",,,,"EUW3-BoxUsage:c7i.12xlarge","RunInstances:0010","NA","Used","false","15000 Mbps","15000 Mbps","NA","Yes",,"NA",,,,,,,,,,,,,,"Compute Optimized",,"Yes","Yes","Yes","OnDemand","96",,"NA","Intel AVX; Intel AVX2; Intel AVX512; Intel Turbo; Intel AMX",,"eu-west-3",,"Amazon Elastic Compute Cloud",,,,"true"
"FYSHMSQ3FZTC6JVT","CUZHX8X6JH","FYSHMSQ3FZTC6JVT.CUZHX8X6JH.2TG2D8R56U","Reserved","Upfront Fee","2026-10-08",,,"Quantity","8091","USD",,"1yr","Partial Upfront","convertible","Compute Instance","AmazonEC2","EU (Paris)","AWS Region","c7i.12xlarge","Yes","Compute optimized","48","Intel Xeon Scalable (Sapphire Rapids)","3.2 GHz","96 GiB","EBS only","18750 Megabit","64-bit",,,,,,,,"Shared","RHEL","No License required",,,,"EUW3-BoxUsage:c7i.12xlarge","RunInstances:0010","NA","Used","false","15000 Mbps","15000 Mbps","NA","Yes",,"NA",,,,,,,,,,,,,,"Compute Optimized",,"Yes","Yes","Yes","OnDemand","96",,"NA","Intel AVX; Intel AVX2; Intel AVX512; Intel Turbo; Intel AMX",,"eu-west-3",,"Amazon Elastic Compute Cloud",,,,"true"
"FYSHMSQ3FZTC6JVT","HU7G6KETJZ","FYSHMSQ3FZTC6JVT.HU7G6KETJZ.6YS6EN2CT7","Reserved","Red Hat Enterprise Linux (Amazon VPC), c7i.12xlarge reserved instance applied","2026-10-08","0","Inf","Hrs","0.9301000000","USD",,"1yr","Partial Upfront","standard","Compute Instance","AmazonEC2","EU (Paris)","AWS Region","c7i.12xlarge","Yes","Compute optimized","48","Intel Xeon Scalable (Sapphire Rapids)","3.2 GHz","96 GiB","EBS only","18750 Megabit","64-bit",,,,,,,,"Shared","RHEL","No License required",,,,"EUW3-BoxUsage:c7i.12xlarge","RunInstances:0010","NA","Used","false","15000 Mbps","15000 Mbps","NA","Yes",,"NA",,,,,,,,,,,,,,"Compute Optimized",,"Yes","Yes","Yes","OnDemand","96",,"NA","Intel AVX; Intel AVX2; Intel AVX512; Intel Turbo; Intel AMX",,"eu-west-3",,"Amazon Elastic Compute Cloud",,,,"true"
"FYSHMSQ3FZTC6JVT","HU7G6KETJZ","FYSHMSQ3FZTC6JVT.HU7G6KETJZ.2TG2D8R56U","Reserved","Upfront Fee","2026-10-08",,,"Quantity","7009","USD",,"1yr","Partial Upfront","standard","Compute Instance","AmazonEC2","EU (Paris)","AWS Region","c7i.12xlarge","Yes","Compute optimized","48","Intel Xeon Scalable (Sapphire Rapids)","3.2 GHz","96 GiB","EBS only","18750 Megabit","64-bit",,,,,,,,"Shared","RHEL","No License required",,,,"EUW3-BoxUsage:c7i.12xlarge","RunInstances:0010","NA","Used","false","15000 Mbps","15000 Mbps","NA","Yes",,"NA",,,,,,,,,,,,,,"Compute Optimized",,"Yes","Yes","Yes","OnDemand","96",,"NA","Intel AVX; Intel AVX2; Intel AVX512; Intel Turbo; Intel AMX",,"eu-west-3",,"Amazon Elastic Compute Cloud",,,,"true"
"FYSHMSQ3FZTC6JVT","JRTCKXETXF","FYSHMSQ3FZTC6JVT.JRTCKXETXF.6YS6EN2CT7","OnDemand","$3.0636 per On Demand RHEL c7i.12xlarge Instance Hour","2026-10-01","0","Inf","Hrs","3.0636000000","USD",,,,,"Compute Instance","AmazonEC2","EU (Paris)","AWS Region","c7i.12xlarge","Yes","Compute optimized","48","Intel Xeon Scalable (Sapphire Rapids)","3.2 GHz","96 GiB","EBS only","18750 Megabit","64-bit",,,,,,,,"Shared","RHEL","No License required",,,,"EUW3-BoxUsage:c7i.12xlarge","RunInstances:0010","NA","Used","false","15000 Mbps","15000 Mbps","NA","Yes",,"NA",,,,,,,,,,,,,,"Compute Optimized",,"Yes","Yes","Yes","OnDemand","96",,"NA","Intel AVX; Intel AVX2; Intel AVX512; Intel Turbo; Intel AMX",,"eu-west-3",,"Amazon Elastic Compute Cloud",,,,"true"
"FYSHMSQ3FZTC6JVT","MZU6U2429S","FYSHMSQ3FZTC6JVT.MZU6U2429S.6YS6EN2CT7","Reserved","USD 0.0 per Red Hat Enterprise Linux (Amazon VPC), c7i.12xlarge reserved instance applied","2026-10-08","0","Inf","Hrs","0.0000000000","USD",,"3yr","All Upfront","convertible","Compute Instance","AmazonEC2","EU (Paris)","AWS Region","c7i.12xlarge","Yes","Compute optimized","48","Intel Xeon Scalable (Sapphire Rapids)","3.2 GHz","96 GiB","EBS only","18750 Megabit","64-bit",,,,,,,,"Shared","RHEL","No License required",,,,"EUW3-BoxUsage:c7i.12xlarge","RunInstances:0010","NA","Used","false","15000 Mbps","15000 Mbps","NA","Yes",,"NA",,,,,,,,,,,,,,"Compute Optimized",,"Yes","Yes","Yes","OnDemand","96",,"NA","Intel AVX; Intel AVX2; Intel AVX512; Intel Turbo; Intel AMX",,"eu-west-3",,"Amazon Elastic Compute Cloud",,,,"true"
"FYSHMSQ3FZTC6JVT","MZU6U2429S","FYSHMSQ3FZTC6JVT.MZU6U2429S.2TG2D8R56U","Reserved","Upfront Fee","2026-10-08",,,"Quantity","35088","USD",,"3yr","All Upfront","convertible","Compute Instance","AmazonEC2","EU (Paris)","AWS Region","c7i.12xlarge","Yes","Compute optimized","48","Intel Xeon Scalable (Sapphire Rapids)","3.2 GHz","96 GiB","EBS only","18750 Megabit","64-bit",,,,,,,,"Shared","RHEL","No License required",,,,"EUW3-BoxUsage:c7i.12xlarge","RunInstances:0010","NA","Used","false","15000 Mbps","15000 Mbps","NA","Yes",,"NA",,,,,,,,,,,,,,"Compute Optimized",,"Yes","Yes","Yes","OnDemand","96",,"NA","Intel AVX; Intel AVX2; Intel AVX512; Intel Turbo; Intel AMX",,"eu-west-3",,"Amazon Elastic Compute Cloud",,,,"true"
"FYSHMSQ3FZTC6JVT","NQ3QZPMQV9","FYSHMSQ3FZTC6JVT.NQ3QZPMQV9.6YS6EN2CT7","Reserved","USD 0.0 per Red Hat Enterprise Linux (Amazon VPC), c7i.12xlarge reserved instance applied","2026-10-08","0","Inf","Hrs","0.0000000000","USD",,"3yr","All Upfront","standard","Compute Instance","AmazonEC2","EU (Paris)","AWS Region","c7i.12xlarge","Yes","Compute optimized","48","Intel Xeon Scalable (Sapphire Rapids)","3.2 GHz","96 GiB","EBS only","18750 Megabit","64-bit",,,,,,,,"Shared","RHEL","No License required",,,,"EUW3-BoxUsage:c7i.12xlarge","RunInstances:0010","NA","Used","false","15000 Mbps","15000 Mbps","NA","Yes",,"NA",,,,,,,,,,,,,,"Compute Optimized",,"Yes","Yes","Yes","OnDemand","96",,"NA","Intel AVX; Intel AVX2; Intel AVX512; Intel Turbo; Intel AMX",,"eu-west-3",,"Amazon Elastic Compute Cloud",,,,"true"
"FYSHMSQ3FZTC6JVT","NQ3QZPMQV9","FYSHMSQ3FZTC6JVT.NQ3QZPMQV9.2TG2D8R56U","Reserved","Upfront Fee","2026-10-08",,,"Quantity","29873","USD",,"3yr","All Upfront","standard","Compute Instance","AmazonEC2","EU (Paris)","AWS Region","c7i.12xlarge","Yes","Compute optimized","48","Intel Xeon Scalable (Sapphire Rapids)","3.2 GHz","96 GiB","EBS only","18750 Megabit","64-bit",,,,,,,,"Shared","RHEL","No License required",,,,"EUW3-BoxUsage:c7i.12xlarge","RunInstances:0010","NA","Used","false","15000 Mbps","15000 Mbps","NA","Yes",,"NA",,,,,,,,,,,,,,"Compute Optimized",,"Yes","Yes","Yes","OnDemand","96",,"NA","Intel AVX; Intel AVX2; Intel AVX512; Intel Turbo; Intel AMX",,"eu-west-3",,"Amazon Elastic Compute Cloud",,,,"true"
"FYSHMSQ3FZTC6JVT","R5XV2EPZQZ","FYSHMSQ3FZTC6JVT.R5XV2EPZQZ.6YS6EN2CT7","Reserved","Red Hat Enterprise Linux (Amazon VPC), c7i.12xlarge reserved instance applied","2026-10-08","0","Inf","Hrs","0.7448800000","USD",,"3yr","Partial Upfront","convertible","Compute Instance","AmazonEC2","EU (Paris)","AWS Region","c7i.12xlarge","Yes","Compute optimized","48","Intel Xeon Scalable (Sapphire Rapids)","3.2 GHz","96 GiB","EBS only","18750 Megabit","64-bit",,,,,,,,"Shared","RHEL","No License required",,,,"EUW3-BoxUsage:c7i.12xlarge","RunInstances:0010","NA","Used","false","15000 Mbps","15000 Mbps","NA","Yes",,"NA",,,,,,,,,,,,,,"Compute Optimized",,"Yes","Yes","Yes","OnDemand","96",,"NA","Intel AVX; Intel AVX2; Intel AVX512; Intel Turbo; Intel AMX",,"eu-west-3",,"Amazon Elastic Compute Cloud",,,,"true"
"FYSHMSQ3FZTC6JVT","R5XV2EPZQZ","FYSHMSQ3FZTC6JVT.R5XV2EPZQZ.2TG2D8R56U","Reserved","Upfront Fee","2026-10-08",,,"Quantity","16159","USD",,"3yr","Partial Upfront","convertible","Compute Instance","AmazonEC2","EU (Paris)","AWS Region","c7i.12xlarge","Yes","Compute optimized","48","Intel Xeon Scalable (Sapphire Rapids)","3.2 GHz","96 GiB","EBS only","18750 Megabit","64-bit",,,,,,,,"Shared","RHEL","No License required",,,,"EUW3-BoxUsage:c7i.12xlarge","RunInstances:0010","NA","Used","false","15000 Mbps","15000 Mbps","NA","Yes",,"NA",,,,,,,,,,,,,,"Compute Optimized",,"Yes","Yes","Yes","OnDemand","96",,"NA","Intel AVX; Intel AVX2; Intel AVX512; Intel Turbo; Intel AMX",,"eu-west-3",,"Amazon Elastic Compute Cloud",,,,"true"
"FYSHMSQ3FZTC6JVT","VJWZNREJX2","FYSHMSQ3FZTC6JVT.VJWZNREJX2.6YS6EN2CT7","Reserved","USD 0.0 per Red Hat Enterprise Linux (Amazon VPC), c7i.12xlarge reserved instance applied","2026-10-08","0","Inf","Hrs","0.0000000000","USD",,"1yr","All Upfront","convertible","Compute Instance","AmazonEC2","EU (Paris)","AWS Region","c7i.12xlarge","Yes","Compute optimized","48","Intel Xeon Scalable (Sapphire Rapids)","3.2 GHz","96 GiB","EBS only","18750 Megabit","64-bit",,,,,,,,"Shared","RHEL","No License required",,,,"EUW3-BoxUsage:c7i.12xlarge","RunInstances:0010","NA","Used","false","15000 Mbps","15000 Mbps","NA","Yes",,"NA",,,,,,,,,,,,,,"Compute Optimized",,"Yes","Yes","Yes","OnDemand","96",,"NA","Intel AVX; Intel AVX2; Intel AVX512; Intel Turbo; Intel AMX",,"eu-west-3",,"Amazon Elastic Compute Cloud",,,,"true"
"FYSHMSQ3FZTC6JVT","VJWZNREJX2","FYSHMSQ3FZTC6JVT.VJWZNREJX2.2TG2D8R56U","Reserved","Upfront Fee","2026-10-08",,,"Quantity","16996","USD",,"1yr","All Upfront","convertible","Compute Instance","AmazonEC2","EU (Paris)","AWS Region","c7i.12xlarge","Yes","Compute optimized","48","Intel Xeon Scalable (Sapphire Rapids)","3.2 GHz","96 GiB","EBS only","18750 Megabit","64-bit",,,,,,,,"Shared","RHEL","No License required",,,,"EUW3-BoxUsage:c7i.12xlarge","RunInstances:0010","NA","Used","false","15000 Mbps","15000 Mbps","NA","Yes",,"NA",,,,,,,,,,,,,,"Compute Optimized",,"Yes","Yes","Yes","OnDemand","96",,"NA","Intel AVX; Intel AVX2; Intel AVX512; Intel Turbo; Intel AMX",,"eu-west-3",,"Amazon Elastic Compute Cloud",,,,"true"
"FYSHMSQ3FZTC6JVT","Z2E3P23VKM","FYSHMSQ3FZTC6JVT.Z2E3P23VKM.6YS6EN2CT7","Reserved","Red Hat Enterprise Linux (Amazon VPC), c7i.12xlarge reserved instance applied","2026-10-08","0","Inf","Hrs","1.4581500000","USD",,"3yr","No Upfront","convertible","Compute Instance","AmazonEC2","EU (Paris)","AWS Region","c7i.12xlarge","Yes","Compute optimized","48","Intel Xeon Scalable (Sapphire Rapids)","3.2 GHz","96 GiB","EBS only","18750 Megabit","64-bit",,,,,,,,"Shared","RHEL","No License required",,,,"EUW3-BoxUsage:c7i.12xlarge","RunInstances:0010","NA","Used","false","15000 Mbps","15000 Mbps","NA","Yes",,"NA",,,,,,,,,,,,,,"Compute Optimized",,"Yes","Yes","Yes","OnDemand","96",,"NA","Intel AVX; Intel AVX2; Intel AVX512; Intel Turbo; Intel AMX",,"eu-west-3",,"Amazon Elastic Compute Cloud",,,,"true"
"G6NPTP33JBHHYEG6","JRTCKXETXF","G6NPTP33JBHHYEG6.JRTCKXETXF.6YS6EN2CT7","OnDemand","$2.7564 per On Demand Ubuntu Pro c8i.12xlarge Instance Hour","2026-10-01","0","Inf","Hrs","2.7564000000","USD",,,,,"Compute Instance","AmazonEC2","EU (Paris)","AWS Region","c8i.12xlarge","Yes","Compute optimized","48","Intel Xeon Scalable (Granite Rapids)","3.9 GHz","96 GiB","EBS only","22500 Megabit","64-bit",,,,,,,,"Shared","Ubuntu Pro","No License required",,,,"EUW3-BoxUsage:c8i.12xlarge","RunInstances:0g00","NA","Used","false","15000 Mbps","15000 Mbps","NA","Yes",,"NA",,,,,,,,,,,,,,"Compute Optimized",,"Yes","Yes","Yes","OnDemand","96",,"NA","Intel AVX; Intel AVX2; Intel AVX512; Intel Turbo; Intel AMX",,"eu-west-3",,"Amazon Elastic Compute Cloud",,,,"true"
"G8GC6G2TANHZ9UYS","38NPMPTW36","G8GC6G2TANHZ9UYS.38NPMPTW36.6YS6EN2CT7","Reserved","Linux/UNIX (Amazon VPC), c7i.8xlarge reserved instance applied","2026-10-08","0","Inf","Hrs","0.3570000000","USD",,"3yr","Partial Upfront","standard","Compute Instance","AmazonEC2","EU (Paris)","AWS Region","c7i.8xlarge","Yes","Compute optimized","32","Intel Xeon Scalable (Sapphire Rapids)","3.2 GHz","64 GiB","EBS only","12500 Megabit","64-bit",,,,,,,,"Shared","Linux","No License required",,,,"EUW3-BoxUsage:c7i.8xlarge","RunInstances","NA","Used","false","10000 Mbps","10000 Mbps","NA","Yes",,"NA",,,,,,,,,,,,,,"Compute Optimized",,"Yes","Yes","Yes","OnDemand","64",,"NA","Intel AVX; Intel AVX2; Intel AVX512; Intel Turbo; Intel AMX",,"eu-west-3",,"Amazon Elastic Compute Cloud",,,,"true"
"G8GC6G2TANHZ9UYS","38NPMPTW36","G8GC6G2TANHZ9UYS.38NPMPTW36.2TG2D8R56U","Reserved","Upfront Fee","2026-10-08",,,"Quantity","9382","USD",,"3yr","Partial Upfront","standard","Compute Instance","AmazonEC2","EU (Paris)","AWS Region","c7i.8xlarge","Yes","Compute optimized","32","Intel Xeon Scalable (Sapphire Rapids)","3.2 GHz","64 GiB","EBS only","12500 Megabit","64-bit",,,,,,,,"Shared","Linux","No License required",,,,"EUW3-BoxUsage:c7i.8xlarge","RunInstances","NA","Used","false","10000 Mbps","10000 Mbps","NA","Yes",,"NA",,,,,,,,,,,,,,"Compute Optimized",,"Yes","Yes","Yes","OnDemand","64",,"NA","Intel AVX; Intel AVX2; Intel AVX512; Intel Turbo; Intel AMX",,"eu-west-3",,"Amazon Elastic Compute Cloud",,,,"true"
"G8GC6G2TANHZ9UYS","4NA7Y494T4","G8GC6G2TANHZ9UYS.4NA7Y494T4.6YS6EN2CT7","Reserved","Linux/UNIX (Amazon VPC), c7i.8xlarge reserved instance applied","2026-10-08","0","Inf","Hrs","1.1201300000","USD",,"1yr","No Upfront","standard","Compute Instance","AmazonEC2","EU (Paris)","AWS Region","c7i.8xlarge","Yes","Compute optimized","32","Intel Xeon Scalable (Sapphire Rapids)","3.2 GHz","64 GiB","EBS only","12500 Megabit","64-bit",,,,,,,,"Shared","Linux","No License required",,,,"EUW3-BoxUsage:c7i.8xlarge","RunInstances","NA","Used","false","10000 Mbps","10000 Mbps","NA","Yes",,"NA",,,,,,,,,,,,,,"Compute Optimized",,"Yes","Yes","Yes","OnDemand","64",,"NA","Intel AVX; Intel AVX2; Intel AVX512; Intel Turbo; Intel AMX",,"eu-west-3",,"Amazon Elastic Compute Cloud",,,,"true"
"G8GC6G2TANHZ9UYS","6QCMYABX3D","G8GC6G2TANHZ9UYS.6QCMYABX3D.6YS6EN2CT7","Reserved","USD 0.0 per Linux/UNIX (Amazon VPC), c7i.8xlarge reserved instance applied","2026-10-08","0","Inf","Hrs","0.0000000000","USD",,"1yr","All Upfront","standard","Compute Instance","AmazonEC2","EU (Paris)","AWS Region","c7i.8xlarge","Yes","Compute optimized","32","Intel Xeon Scalable (Sapphire Rapids)","3.2 GHz","64 GiB","EBS only","12500 Megabit","64-bit",,,,,,,,"Shared","Linux","No License required",,,,"EUW3-BoxUsage:c7i.8xlarge","RunInstances","NA","Used","false","10000 Mbps","10000 Mbps","NA","Yes",,"NA",,,,,,,,,,,,,,"Compute Optimized",,"Yes","Yes","Yes","OnDemand","64",,"NA","Intel AVX; Intel AVX2; Intel AVX512; Intel Turbo; Intel AMX",,"eu-west-3",,"Amazon Elastic Compute Cloud",,,,"true"
"G8GC6G2TANHZ9UYS","6QCMYABX3D","G8GC6G2TANHZ9UYS.6QCMYABX3D.2TG2D8R56U","Reserved","Upfront Fee","2026-10-08",,,"Quantity","9158","USD",,"1yr","All Upfront","standard","Compute Instance","AmazonEC2","EU (Paris)","AWS Region","c7i.8xlarge","Yes","Compute optimized","32","Intel Xeon Scalable (Sapphire Rapids)","3.2 GHz","64 GiB","EBS only","12500 Megabit","64-bit",,,,,,,,"Shared","Linux","No License required",,,,"EUW3-BoxUsage:c7i.8xlarge","RunInstances","NA","Used","false","10000 Mbps","10000 Mbps","NA","Yes",,"NA",,,,,,,,,,,,,,"Compute Optimized",,"Yes","Yes","Yes","OnDemand","64",,"NA","Intel AVX; Intel AVX2; Intel AVX512; Intel Turbo; Intel AMX",,"eu-west-3",,"Amazon Elastic Compute Cloud",,,,"true"
"G8GC6G2TANHZ9UYS","7NE97W5U4E","G8GC6G2TANHZ9UYS.7NE97W5U4E.6YS6EN2CT7","Reserved","Linux/UNIX (Amazon VPC), c7i.8xlarge reserved instance applied","2026-10-08","0","Inf","Hrs","1.2930100000","USD",,"1yr","No Upfront","convertible","Compute Instance","AmazonEC2","EU (Paris)","AWS Region","c7i.8xlarge","Yes","Compute optimized","32","Intel Xeon Scalable (Sapphire Rapids)","3.2 GHz","64 GiB","EBS only","12500 Megabit","64-bit",,,,,,,,"Shared","Linux","No License required",,,,"EUW3-BoxUsage:c7i.8xlarge","RunInstances","NA","Used","false","10000 Mbps","10000 Mbps","NA","Yes",,"NA",,,,,,,,,,,,,,"Compute Optimized",,"Yes","Yes","Yes","OnDemand","64",,"NA","Intel AVX; Intel AVX2; Intel AVX512; Intel Turbo; Intel AMX",,"eu-west-3",,"Amazon Elastic Compute Cloud",,,,"true"
"G8GC6G2TANHZ9UYS","BPH4J8HBKS","G8GC6G2TANHZ9UYS.BPH4J8HBKS.6YS6EN2CT7","Reserved","Linux/UNIX (Amazon VPC), c7i.8xlarge reserved instance applied","2026-10-08","0","Inf","Hrs","0.7711200000","USD",,"3yr","No Upfront","standard","Compute Instance","AmazonEC2","EU (Paris)","AWS Region","c7i.8xlarge","Yes","Compute optimized","32","Intel Xeon Scalable (Sapphire Rapids)","3.2 GHz","64 GiB","EBS only","12500 Megabit","64-bit",,,,,,,,"Shared","Linux","No License required",,,,"EUW3-BoxUsage:c7i.8xlarge","RunInstances","NA","Used","false","10000 Mbps","10000 Mbps","NA","Yes",,"NA",,,,,,,,,,,,,,"Compute Optimized",,"Yes","Yes","Yes","OnDemand","64",,"NA","Intel AVX; Intel AVX2; Intel AVX512; Intel Turbo; Intel AMX",,"eu-west-3",,"Amazon Elastic Compute Cloud",,,,"true"
"G8GC6G2TANHZ9UYS","CUZHX8X6JH","G8GC6G2TANHZ9UYS.CUZHX8X6JH.6YS6EN2CT7","Reserved","Linux/UNIX (Amazon VPC), c7i.8xlarge reserved instance applied","2026-10-08","0","Inf","Hrs","0.6157200000","USD",,"1yr","Partial Upfront","convertible","Compute Instance","AmazonEC2","EU (Paris)","AWS Region","c7i.8xlarge","Yes","Compute optimized","32","Intel Xeon Scalable (Sapphire Rapids)","3.2 GHz","64 GiB","EBS only","12500 Megabit","64-bit",,,,,,,,"Shared","Linux","No License required",,,,"EUW3-BoxUsage:c7i.8xlarge","RunInstances","NA","Used","false","10000 Mbps","10000 Mbps","NA","Yes",,"NA",,,,,,,,,,,,,,"Compute Optimized",,"Yes","Yes","Yes","OnDemand","64",,"NA","Intel AVX; Intel AVX2; Intel AVX512; Intel Turbo; Intel AMX",,"eu-west-3",,"Amazon Elastic Compute Cloud",,,,"true"
"G8GC6G2TANHZ9UYS","CUZHX8X6JH","G8GC6G2TANHZ9UYS.CUZHX8X6JH.2TG2D8R56U","Reserved","Upfront Fee","2026-10-08",,,"Quantity","5394","USD",,"1yr","Partial Upfront","convertible","Compute Instance","AmazonEC2","EU (Paris)","AWS Region","c7i.8xlarge","Yes","Compute optimized","32","Intel Xeon Scalable (Sapphire Rapids)","3.2 GHz","64 GiB","EBS only","12500 Megabit","64-bit",,,,,,,,"Shared","Linux","No License required",,,,"EUW3-BoxUsage:c7i.8xlarge","RunInstances","NA","Used","false","10000 Mbps","10000 Mbps","NA","Yes",,"NA",,,,,,,,,,,,,,"Compute Optimized",,"Yes","Yes","Yes","OnDemand","64",,"NA","Intel AVX; Intel AVX2; Intel AVX512; Intel Turbo; Intel AMX",,"eu-west-3",,"Amazon Elastic Compute Cloud",,,,"true"
"G8GC6G2TANHZ9UYS","HU7G6KETJZ","G8GC6G2TANHZ9UYS.HU7G6KETJZ.6YS6EN2CT7","Reserved","Linux/UNIX (Amazon VPC), c7i.8xlarge reserved instance applied","2026-10-08","0","Inf","Hrs","0.5334000000","USD",,"1yr","Partial Upfront","standard","Compute Instance","AmazonEC2","EU (Paris)","AWS Region","c7i.8xlarge","Yes","Compute optimized","32","Intel Xeon Scalable (Sapphire Rapids)","3.2 GHz","64 GiB","EBS only","12500 Megabit","64-bit",,,,,,,,"Shared","Linux","No License required",,,,"EUW3-BoxUsage:c7i.8xlarge","RunInstances","NA","Used","false","10000 Mbps","10000 Mbps","NA","Yes",,"NA",,,,,,,,,,,,,,"Compute Optimized",,"Yes","Yes","Yes","OnDemand","64",,"NA","Intel AVX; Intel AVX2; Intel AVX512; Intel Turbo; Intel AMX",,"eu-west-3",,"Amazon Elastic Compute Cloud",,,,"true"
"G8GC6G2TANHZ9UYS","HU7G6KETJZ","G8GC6G2TANHZ9UYS.HU7G6KETJZ.2TG2D8R56U","Reserved","Upfront Fee","2026-10-08",,,"Quantity","4673","USD",,"1yr","Partial Upfront","standard","Compute Instance","AmazonEC2","EU (Paris)","AWS Region","c7i.8xlarge","Yes","Compute optimized","32","Intel Xeon Scalable (Sapphire Rapids)","3.2 GHz","64 GiB","EBS only","12500 Megabit","64-bit",,,,,,,,"Shared","Linux","No License required",,,,"EUW3-BoxUsage:c7i.8xlarge","RunInstances","NA","Used","false","10000 Mbps","10000 Mbps","NA","Yes",,"NA",,,,,,,,,,,,,,"Compute Optimized",,"Yes","Yes","Yes","OnDemand","64",,"NA","Intel AVX; Intel AVX2; Intel AVX512; Intel Turbo; Intel AMX",,"eu-west-3",,"Amazon Elastic Compute Cloud",,,,"true"
"G8GC6G2TANHZ9UYS","JRTCKXETXF","G8GC6G2TANHZ9UYS.JRTCKXETXF.6YS6EN2CT7","OnDemand","$1.6968 per On Demand Linux c7i.8xlarge Instance Hour","2026-10-01","0","Inf","Hrs","1.6968000000","USD",,,,,"Compute Instance","AmazonEC2","EU (Paris)","AWS Region","c7i.8xlarge","Yes","Compute optimized","32","Intel Xeon Scalable (Sapphire Rapids)","3.2 GHz","64 GiB","EBS only","12500 Megabit","64-bit",,,,,,,,"Shared","Linux","No License required",,,,"EUW3-BoxUsage:c7i.8xlarge","RunInstances","NA","Used","false","10000 Mbps","10000 Mbps","NA","Yes",,"NA",,,,,,,,,,,,,,"Compute Optimized",,"Yes","Yes","Yes","OnDemand","64",,"NA","Intel AVX; Intel AVX2; Intel AVX512; Intel Turbo; Intel AMX",,"eu-west-3",,"Amazon Elastic Compute Cloud",,,,"true"
"G8GC6G2TANHZ9UYS","MZU6U2429S","G8GC6G2TANHZ9UYS.MZU6U2429S.6YS6EN2CT7","Reserved","USD 0.0 per Linux/UNIX (Amazon VPC), c7i.8xlarge reserved instance applied","2026-10-08","0","Inf","Hrs","0.0000000000","USD",,"3yr","All Upfront","convertible","Compute Instance","AmazonEC2","EU (Paris)","AWS Region","c7i.8xlarge","Yes","Compute optimized","32","Intel Xeon Scalable (Sapphire Rapids)","3.2 GHz","64 GiB","EBS only","12500 Megabit","64-bit",,,,,,,,"Shared","Linux","No License required",,,,"EUW3-BoxUsage:c7i.8xlarge","RunInstances","NA","Used","false","10000 Mbps","10000 Mbps","NA","Yes",,"NA",,,,,,,,,,,,,,"Compute Optimized",,"Yes","Yes","Yes","OnDemand","64",,"NA","Intel AVX; Intel AVX2; Intel AVX512; Intel Turbo; Intel AMX",,"eu-west-3",,"Amazon Elastic Compute Cloud",,,,"true"
"G8GC6G2TANHZ9UYS","MZU6U2429S","G8GC6G2TANHZ9UYS.MZU6U2429S.2TG2D8R56U","Reserved","Upfront Fee","2026-10-08",,,"Quantity","21115","USD",,"3yr","All Upfront","convertible","Compute Instance","AmazonEC2","EU (Paris)","AWS Region","c7i.8xlarge","Yes","Compute optimized","32","Intel Xeon Scalable (Sapphire Rapids)","3.2 GHz","64 GiB","EBS only","12500 Megabit","64-bit",,,,,,,,"Shared","Linux","No License required",,,,"EUW3-BoxUsage:c7i.8xlarge","RunInstances","NA","Used","false","10000 Mbps","10000 Mbps","NA","Yes",,"NA",,,,,,,,,,,,,,"Compute Optimized",,"Yes","Yes","Yes","OnDemand","64",,"NA","Intel AVX; Intel AVX2; Intel AVX512; Intel Turbo; Intel AMX",,"eu-west-3",,"Amazon Elastic Compute Cloud",,,,"true"
"G8GC6G2TANHZ9UYS","NQ3QZPMQV9","G8GC6G2TANHZ9UYS.NQ3QZPMQV9.6YS6EN2CT7","Reserved","USD 0.0 per Linux/UNIX (Amazon VPC), c7i.8xlarge reserved instance applied","2026-10-08","0","Inf","Hrs","0.0000000000","USD",,"3yr","All Upfront","standard","Compute Instance","AmazonEC2","EU (Paris)","AWS Region","c7i.8xlarge","Yes","Compute optimized","32","Intel Xeon Scalable (Sapphire Rapids)","3.2 GHz","64 GiB","EBS only","12500 Megabit","64-bit",,,,,,,,"Shared","Linux","No License required",,,,"EUW3-BoxUsage:c7i.8xlarge","RunInstances","NA","Used","false","10000 Mbps","10000 Mbps","NA","Yes",,"NA",,,,,,,,,,,,,,"Compute Optimized",,"Yes","Yes","Yes","OnDemand","64",,"NA","Intel AVX; Intel AVX2; Intel AVX512; Intel Turbo; Intel AMX",,"eu-west-3",,"Amazon Elastic Compute Cloud",,,,"true"
"G8GC6G2TANHZ9UYS","NQ3QZPMQV9","G8GC6G2TANHZ9UYS.NQ3QZPMQV9.2TG2D8R56U","Reserved","Upfront Fee","2026-10-08",,,"Quantity","17638","USD",,"3yr","All Upfront","standard","Compute Instance","AmazonEC2","EU (Paris)","AWS Region","c7i.8xlarge","Yes","Compute optimized","32","Intel Xeon Scalable (Sapphire Rapids)","3.2 GHz","64 GiB","EBS only","12500 Megabit","64-bit",,,,,,,,"Shared","Linux","No License required",,,,"EUW3-BoxUsage:c7i.8xlarge","RunInstances","NA","Used","false","10000 Mbps","10000 Mbps","NA","Yes",,"NA",,,,,,,,,,,,,,"Compute Optimized",,"Yes","Yes","Yes","OnDemand","64",,"NA","Intel AVX; Intel AVX2; Intel AVX512; Intel Turbo; Intel AMX",,"eu-west-3",,"Amazon Elastic Compute Cloud",,,,"true"
"G8GC6G2TANHZ9UYS","R5XV2EPZQZ","G8GC6G2TANHZ9UYS.R5XV2EPZQZ.6YS6EN2CT7","Reserved","Linux/UNIX (Amazon VPC), c7i.8xlarge reserved instance applied","2026-10-08","0","Inf","Hrs","0.4099200000","USD",,"3yr","Partial Upfront","convertible","Compute Instance","AmazonEC2","EU (Paris)","AWS Region","c7i.8xlarge","Yes","Compute optimized","32","Intel Xeon Scalable (Sapphire Rapids)","3.2 GHz","64 GiB","EBS only","12500 Megabit","64-bit",,,,,,,,"Shared","Linux","No License required",,,,"EUW3-BoxUsage:c7i.8xlarge","RunInstances","NA","Used","false","10000 Mbps","10000 Mbps","NA","Yes",,"NA",,,,,,,,,,,,,,"Compute Optimized",,"Yes","Yes","Yes","OnDemand","64",,"NA","Intel AVX; Intel AVX2; Intel AVX512; Intel Turbo; Intel AMX",,"eu-west-3",,"Amazon Elastic Compute Cloud",,,,"true"
"G8GC6G2TANHZ9UYS","R5XV2EPZQZ","G8GC6G2TANHZ9UYS.R5XV2EPZQZ.2TG2D8R56U","Reserved","Upfront Fee","2026-10-08",,,"Quantity","10773","USD",,"3yr","Partial Upfront","convertible","Compute Instance","AmazonEC2","EU (Paris)","AWS Region","c7i.8xlarge","Yes","Compute optimized","32","Intel Xeon Scalable (Sapphire Rapids)","3.2 GHz","64 GiB","EBS only","12500 Megabit","64-bit",,,,,,,,"Shared","Linux","No License required",,,,"EUW3-BoxUsage:c7i.8xlarge","RunInstances","NA","Used","false","10000 Mbps","10000 Mbps","NA","Yes",,"NA",,,,,,,,,,,,,,"Compute Optimized",,"Yes","Yes","Yes","OnDemand","64",,"NA","Intel AVX; Intel AVX2; Intel AVX512; Intel Turbo; Intel AMX",,"eu-west-3",,"Amazon Elastic Compute Cloud",,,,"true"
"G8GC6G2TANHZ9UYS","VJWZNREJX2","G8GC6G2TANHZ9UYS.VJWZNREJX2.6YS6EN2CT7","Reserved","USD 0.0 per Linux/UNIX (Amazon VPC), c7i.8xlarge reserved instance applied","2026-10-08","0","Inf","Hrs","0.0000000000","USD",,"1yr","All Upfront","convertible","Compute Instance","AmazonEC2","EU (Paris)","AWS Region","c7i.8xlarge","Yes","Compute optimized","32","Intel Xeon Scalable (Sapphire Rapids)","3.2 GHz","64 GiB","EBS only","12500 Megabit","64-bit",,,,,,,,"Shared","Linux","No License required",,,,"EUW3-BoxUsage:c7i.8xlarge","RunInstances","NA","Used","false","10000 Mbps","10000 Mbps","NA","Yes",,"NA",,,,,,,,,,,,,,"Compute Optimized",,"Yes","Yes","Yes","OnDemand","64",,"NA","Intel AVX; Intel AVX2; Intel AVX512; Intel Turbo; Intel AMX",,"eu-west-3",,"Amazon Elastic Compute Cloud",,,,"true"
"G8GC6G2TANHZ9UYS","VJWZNREJX2","G8GC6G2TANHZ9UYS.VJWZNREJX2.2TG2D8R56U","Reserved","Upfront Fee","2026-10-08",,,"Quantity","10572","USD",,"1yr","All Upfront","convertible","Compute Instance","AmazonEC2","EU (Paris)","AWS Region","c7i.8xlarge","Yes","Compute optimized","32","Intel Xeon Scalable (Sapphire Rapids)","3.2 GHz","64 GiB","EBS only","12500 Megabit","64-bit",,,,,,,,"Shared","Linux","No License required",,,,"EUW3-BoxUsage:c7i.8xlarge","RunInstances","NA","Used","false","10000 Mbps","10000 Mbps","NA","Yes",,"NA",,,,,,,,,,,,,,"Compute Optimized",,"Yes","Yes","Yes","OnDemand","64",,"NA","Intel AVX; Intel AVX2; Intel AVX512; Intel Turbo; Intel AMX",,"eu-west-3",,"Amazon Elastic Compute Cloud",,,,"true"
"G8GC6G2TANHZ9UYS","Z2E3P23VKM","G8GC6G2TANHZ9UYS.Z2E3P23VKM.6YS6EN2CT7","Reserved","Linux/UNIX (Amazon VPC), c7i.8xlarge reserved instance applied","2026-10-08","0","Inf","Hrs","0.8854300000","USD",,"3yr","No Upfront","convertible","Compute Instance","AmazonEC2","EU (Paris)","AWS Region","c7i.8xlarge","Yes","Compute optimized","32","Intel Xeon Scalable (Sapphire Rapids)","3.2 GHz","64 GiB","EBS only","12500 Megabit","64-bit",,,,,,,,"Shared","Linux","No License required",,,,"EUW3-BoxUsage:c7i.8xlarge","RunInstances","NA","Used","false","10000 Mbps","10000 Mbps","NA","Yes",,"NA",,,,,,,,,,,,,,"Compute Optimized",,"Yes","Yes","Yes","OnDemand","64",,"NA","Intel AVX; Intel AVX2; Intel AVX512; Intel Turbo; Intel AMX",,"eu-west-3",,"Amazon Elastic Compute Cloud",,,,"true"
"GC8VB9TYH2VWB4HE","JRTCKXETXF","GC8VB9TYH2VWB4HE.JRTCKXETXF.6YS6EN2CT7","OnDemand","$0.00 per Windows with SQL Std c7i.8xlarge Dedicated Host Instance hour","2026-10-01","0","Inf","Hrs","0.0000000000","USD",,,,,"Compute Instance","AmazonEC2","EU (Paris)","AWS Region","c7i.8xlarge","Yes","Compute optimized","32","Intel Xeon Scalable (Sapphire Rapids)","3.2 GHz","64 GiB","EBS only","12500 Megabit","64-bit",,,,,,,,"Host","Windows","No License required",,,,"EUW3-HostBoxUsage:c7i.8xlarge","RunInstances:0006","NA","Used","false","10000 Mbps","10000 Mbps","NA","Yes",,"NA",,,,,,,,,,,,,,"Compute Optimized",,"Yes","Yes","Yes","OnDemand","64",,"SQL Std","Intel AVX; Intel AVX2; Intel AVX512; Intel Turbo; Intel AMX",,"eu-west-3",,"Amazon Elastic Compute Cloud",,,,"true"
"GGC2EAJJASB6UDH6","JRTCKXETXF","GGC2EAJJASB6UDH6.JRTCKXETXF.6YS6EN2CT7","OnDemand","$0.00 per Windows with SQL Server Enterprise c7i.12xlarge Dedicated Host Instance hour","2026-10-01","0","Inf","Hrs","0.0000000000","USD",,,,,"Compute Instance","AmazonEC2","EU (Paris)","AWS Region","c7i.12xlarge","Yes","Compute optimized","48","Intel Xeon Scalable (Sapphire Rapids)","3.2 GHz","96 GiB","EBS only","18750 Megabit","64-bit",,,,,,,,"Host","Windows","No License required",,,,"EUW3-HostBoxUsage:c7i.12xlarge","RunInstances:0102","NA","Used","false","15000 Mbps","15000 Mbps","NA","Yes",,"NA",,,,,,,,,,,,,,"Compute Optimized",,"Yes","Yes","Yes","OnDemand","96",,"SQL Ent","Intel AVX; Intel AVX2; Intel AVX512; Intel Turbo; Intel AMX",,"eu-west-3",,"Amazon Elastic Compute Cloud",,,,"true"
"GHQYVBQGG38S5Q6D","JRTCKXETXF","GHQYVBQGG38S5Q6D.JRTCKXETXF.6YS6EN2CT7","OnDemand","$0.00 per Dedicated Reservation RHEL with HA and SQL Standard c7i.8xlarge Instance Hour","2026-10-01","0","Inf","Hrs","0.0000000000","USD",,,,,"Compute Instance","AmazonEC2","EU (Paris)","AWS Region","c7i.8xlarge","Yes","Compute optimized","32","Intel Xeon Scalable (Sapphire Rapids)","3.2 GHz","64 GiB","EBS only","12500 Megabit","64-bit",,,,,,,,"Dedicated","Red Hat Enterprise Linux with HA","No License required",,,,"EUW3-DedicatedRes:c7i.8xlarge","RunInstances:1014","NA","AllocatedCapacityReservation","false","10000 Mbps","10000 Mbps","NA","Yes",,"NA",,,,,,,,,,,,,,"Compute Optimized","7C9TZ3XJQXRSNUQW","Yes","Yes","Yes","OnDemand","64",,"SQL Std","Intel AVX; Intel AVX2; Intel AVX512; Intel Turbo; Intel AMX",,"eu-west-3",,"Amazon Elastic Compute Cloud",,,,"true"
"GHVPN8TUF5A2J8CD","JRTCKXETXF","GHVPN8TUF5A2J8CD.JRTCKXETXF.6YS6EN2CT7","OnDemand","$5.70648 per Dedicated Unused Reservation Linux with SQL Std c7i.8xlarge Instance Hour","2026-10-01","0","Inf","Hrs","5.7064800000","USD",,,,,"Compute Instance","AmazonEC2","EU (Paris)","AWS Region","c7i.8xlarge","Yes","Compute optimized","32","Intel Xeon Scalable (Sapphire Rapids)","3.2 GHz","64 GiB","EBS only","12500 Megabit","64-bit",,,,,,,,"Dedicated","Linux","No License required",,,,"EUW3-UnusedDed:c7i.8xlarge","RunInstances:0004","NA","UnusedCapacityReservation","false","10000 Mbps","10000 Mbps","NA","Yes",,"NA",,,,,,,,,,,,,,"Compute Optimized","VSQNUARV85JFHK8K","Yes","Yes","Yes","OnDemand","64",,"SQL Std","Intel AVX; Intel AVX2; Intel AVX512; Intel Turbo; Intel AMX",,"eu-west-3",,"Amazon Elastic Compute Cloud",,,,"true"
"GJFZDNAZ5PHMKZPU","JRTCKXETXF","GJFZDNAZ5PHMKZPU.JRTCKXETXF.6YS6EN2CT7","OnDemand","$5.95884 per Dedicated Unused Reservation Windows with SQL Web c8i.12xlarge Instance Hour","2026-10-01","0","Inf","Hrs","5.9588400000","USD",,,,,"Compute Instance","AmazonEC2","EU (Paris)","AWS Region","c8i.12xlarge","Yes","Compute optimized","48","Intel Xeon Scalable (Granite Rapids)","3.9 GHz","96 GiB","EBS only","22500 Megabit","64-bit",,,,,,,,"Dedicated","Windows","No License required",,,,"EUW3-UnusedDed:c8i.12xlarge","RunInstances:0202","NA","UnusedCapacityReservation","false","15000 Mbps","15000 Mbps","NA","Yes",,"NA",,,,,,,,,,,,,,"Compute Optimized","BRCPSNTRRYDWTVWB","Yes","Yes","Yes","OnDemand","96",,"SQL Web","Intel AVX; Intel AVX2; Intel AVX512; Intel Turbo; Intel AMX",,"eu-west-3",,"Amazon Elastic Compute Cloud",,,,"true"
"GMAEHG2AE6JVG7MD","38NPMPTW36","GMAEHG2AE6JVG7MD.38NPMPTW36.6YS6EN2CT7","Reserved","Red Hat Enterprise Linux (Amazon VPC), c7i.8xlarge reserved instance applied","2026-10-08","0","Inf","Hrs","0.4870000000","USD",,"3yr","Partial Upfront","standard","Compute Instance","AmazonEC2","EU (Paris)","AWS Region","c7i.8xlarge","Yes","Compute optimized","32","Intel Xeon Scalable (Sapphire Rapids)","3.2 GHz","64 GiB","EBS only","12500 Megabit","64-bit",,,,,,,,"Shared","RHEL","No License required",,,,"EUW3-BoxUsage:c7i.8xlarge","RunInstances:0010","NA","Used","false","10000 Mbps","10000 Mbps","NA","Yes",,"NA",,,,,,,,,,,,,,"Compute Optimized",,"Yes","Yes","Yes","OnDemand","64",,"NA","Intel AVX; Intel AVX2; Intel AVX512; Intel Turbo; Intel AMX",,"eu-west-3",,"Amazon Elastic Compute Cloud",,,,"true"
"GMAEHG2AE6JVG7MD","38NPMPTW36","GMAEHG2AE6JVG7MD.38NPMPTW36.2TG2D8R56U","Reserved","Upfront Fee","2026-10-08",,,"Quantity","9382","USD",,"3yr","Partial Upfront","standard","Compute Instance","AmazonEC2","EU (Paris)","AWS Region","c7i.8xlarge","Yes","Compute optimized","32","Intel Xeon Scalable (Sapphire Rapids)","3.2 GHz","64 GiB","EBS only","12500 Megabit","64-bit",,,,,,,,"Shared","RHEL","No License required",,,,"EUW3-BoxUsage:c7i.8xlarge","RunInstances:0010","NA","Used","false","10000 Mbps","10000 Mbps","NA","Yes",,"NA",,,,,,,,,,,,,,"Compute Optimized",,"Yes","Yes","Yes","OnDemand","64",,"NA","Intel AVX; Intel AVX2; Intel AVX512; Intel Turbo; Intel AMX",,"eu-west-3",,"Amazon Elastic Compute Cloud",,,,"true"
"GMAEHG2AE6JVG7MD","4NA7Y494T4","GMAEHG2AE6JVG7MD.4NA7Y494T4.6YS6EN2CT7","Reserved","Red Hat Enterprise Linux (Amazon VPC), c7i.8xlarge reserved instance applied","2026-10-08","0","Inf","Hrs","1.2501300000","USD",,"1yr","No Upfront","standard","Compute Instance","AmazonEC2","EU (Paris)","AWS Region","c7i.8xlarge","Yes","Compute optimized","32","Intel Xeon Scalable (Sapphire Rapids)","3.2 GHz","64 GiB","EBS only","12500 Megabit","64-bit",,,,,,,,"Shared","RHEL","No License required",,,,"EUW3-BoxUsage:c7i.8xlarge","RunInstances:0010","NA","Used","false","10000 Mbps","10000 Mbps","NA","Yes",,"NA",,,,,,,,,,,,,,"Compute Optimized",,"Yes","Yes","Yes","OnDemand","64",,"NA","Intel AVX; Intel AVX2; Intel AVX512; Intel Turbo; Intel AMX",,"eu-west-3",,"Amazon Elastic Compute Cloud",,,,"true"
"GMAEHG2AE6JVG7MD","6QCMYABX3D","GMAEHG2AE6JVG7MD.6QCMYABX3D.6YS6EN2CT7","Reserved","USD 0.0 per Red Hat Enterprise Linux (Amazon VPC), c7i.8xlarge reserved instance applied","2026-10-08","0","Inf","Hrs","0.0000000000","USD",,"1yr","All Upfront","standard","Compute Instance","AmazonEC2","EU (Paris)","AWS Region","c7i.8xlarge","Yes","Compute optimized","32","Intel Xeon Scalable (Sapphire Rapids)","3.2 GHz","64 GiB","EBS only","12500 Megabit","64-bit",,,,,,,,"Shared","RHEL","No License required",,,,"EUW3-BoxUsage:c7i.8xlarge","RunInstances:0010","NA","Used","false","10000 Mbps","10000 Mbps","NA","Yes",,"NA",,,,,,,,,,,,,,"Compute Optimized",,"Yes","Yes","Yes","OnDemand","64",,"NA","Intel AVX; Intel AVX2; Intel AVX512; Intel Turbo; Intel AMX",,"eu-west-3",,"Amazon Elastic Compute Cloud",,,,"true"
"GMAEHG2AE6JVG7MD","6QCMYABX3D","GMAEHG2AE6JVG7MD.6QCMYABX3D.2TG2D8R56U","Reserved","Upfront Fee","2026-10-08",,,"Quantity","10297","USD",,"1yr","All Upfront","standard","Compute Instance","AmazonEC2","EU (Paris)","AWS Region","c7i.8xlarge","Yes","Compute optimized","32","Intel Xeon Scalable (Sapphire Rapids)","3.2 GHz","64 GiB","EBS only","12500 Megabit","64-bit",,,,,,,,"Shared","RHEL","No License required",,,,"EUW3-BoxUsage:c7i.8xlarge","RunInstances:0010","NA","Used","false","10000 Mbps","10000 Mbps","NA","Yes",,"NA",,,,,,,,,,,,,,"Compute Optimized",,"Yes","Yes","Yes","OnDemand","64",,"NA","Intel AVX; Intel AVX2; Intel AVX512; Intel Turbo; Intel AMX",,"eu-west-3",,"Amazon Elastic Compute Cloud",,,,"true"
"GMAEHG2AE6JVG7MD","7NE97W5U4E","GMAEHG2AE6JVG7MD.7NE97W5U4E.6YS6EN2CT7","Reserved","Red Hat Enterprise Linux (Amazon VPC), c7i.8xlarge reserved instance applied","2026-10-08","0","Inf","Hrs","1.4230100000","USD",,"1yr","No Upfront","convertible","Compute Instance","AmazonEC2","EU (Paris)","AWS Region","c7i.8xlarge","Yes","Compute optimized","32","Intel Xeon Scalable (Sapphire Rapids)","3.2 GHz","64 GiB","EBS only","12500 Megabit","64-bit",,,,,,,,"Shared","RHEL","No License required",,,,"EUW3-BoxUsage:c7i.8xlarge","RunInstances:0010","NA","Used","false","10000 Mbps","10000 Mbps","NA","Yes",,"NA",,,,,,,,,,,,,,"Compute Optimized",,"Yes","Yes","Yes","OnDemand","64",,"NA","Intel AVX; Intel AVX2; Intel AVX512; Intel Turbo; Intel AMX",,"eu-west-3",,"Amazon Elastic Compute Cloud",,,,"true"
"GMAEHG2AE6JVG7MD","BPH4J8HBKS","GMAEHG2AE6JVG7MD.BPH4J8HBKS.6YS6EN2CT7","Reserved","Red Hat Enterprise Linux (Amazon VPC), c7i.8xlarge reserved instance applied","2026-10-08","0","Inf","Hrs","0.9011200000","USD",,"3yr","No Upfront","standard","Compute Instance","AmazonEC2","EU (Paris)","AWS Region","c7i.8xlarge","Yes","Compute optimized","32","Intel Xeon Scalable (Sapphire Rapids)","3.2 GHz","64 GiB","EBS only","12500 Megabit","64-bit",,,,,,,,"Shared","RHEL","No License required",,,,"EUW3-BoxUsage:c7i.8xlarge","RunInstances:0010","NA","Used","false","10000 Mbps","10000 Mbps","NA","Yes",,"NA",,,,,,,,,,,,,,"Compute Optimized",,"Yes","Yes","Yes","OnDemand","64",,"NA","Intel AVX; Intel AVX2; Intel AVX512; Intel Turbo; Intel AMX",,"eu-west-3",,"Amazon Elastic Compute Cloud",,,,"true"
"GMAEHG2AE6JVG7MD","CUZHX8X6JH","GMAEHG2AE6JVG7MD.CUZHX8X6JH.6YS6EN2CT7","Reserved","Red Hat Enterprise Linux (Amazon VPC), c7i.8xlarge reserved instance applied","2026-10-08","0","Inf","Hrs","0.7457200000","USD",,"1yr","Partial Upfront","convertible","Compute Instance","AmazonEC2","EU (Paris)","AWS Region","c7i.8xlarge","Yes","Compute optimized","32","Intel Xeon Scalable (Sapphire Rapids)","3.2 GHz","64 GiB","EBS only","12500 Megabit","64-bit",,,,,,,,"Shared","RHEL","No License required",,,,"EUW3-BoxUsage:c7i.8xlarge","RunInstances:0010","NA","Used","false","10000 Mbps","10000 Mbps","NA","Yes",,"NA",,,,,,,,,,,,,,"Compute Optimized",,"Yes","Yes","Yes","OnDemand","64",,"NA","Intel AVX; Intel AVX2; Intel AVX512; Intel Turbo; Intel AMX",,"eu-west-3",,"Amazon Elastic Compute Cloud",,,,"true"
"GMAEHG2AE6JVG7MD","CUZHX8X6JH","GMAEHG2AE6JVG7MD.CUZHX8X6JH.2TG2D8R56U","Reserved","Upfront Fee","2026-10-08",,,"Quantity","5394","USD",,"1yr","Partial Upfront","convertible","Compute Instance","AmazonEC2","EU (Paris)","AWS Region","c7i.8xlarge","Yes","Compute optimized","32","Intel Xeon Scalable (Sapphire Rapids)","3.2 GHz","64 GiB","EBS only","12500 Megabit","64-bit",,,,,,,,"Shared","RHEL","No License required",,,,"EUW3-BoxUsage:c7i.8xlarge","RunInstances:0010","NA","Used","false","10000 Mbps","10000 Mbps","NA","Yes",,"NA",,,,,,,,,,,,,,"Compute Optimized",,"Yes","Yes","Yes","OnDemand","64",,"NA","Intel AVX; Intel AVX2; Intel AVX512; Intel Turbo; Intel AMX",,"eu-west-3",,"Amazon Elastic Compute Cloud",,,,"true"
"GMAEHG2AE6JVG7MD","HU7G6KETJZ","GMAEHG2AE6JVG7MD.HU7G6KETJZ.6YS6EN2CT7","Reserved","Red Hat Enterprise Linux (Amazon VPC), c7i.8xlarge reserved instance applied","2026-10-08","0","Inf","Hrs","0.6634000000","USD",,"1yr","Partial Upfront","standard","Compute Instance","AmazonEC2","EU (Paris)","AWS Region","c7i.8xlarge","Yes","Compute optimized","32","Intel Xeon Scalable (Sapphire Rapids)","3.2 GHz","64 GiB","EBS only","12500 Megabit","64-bit",,,,,,,,"Shared","RHEL","No License required",,,,"EUW3-BoxUsage:c7i.8xlarge","RunInstances:0010","NA","Used","false","10000 Mbps","10000 Mbps","NA","Yes",,"NA",,,,,,,,,,,,,,"Compute Optimized",,"Yes","Yes","Yes","OnDemand","64",,"NA","Intel AVX; Intel AVX2; Intel AVX512; Intel Turbo; Intel AMX",,"eu-west-3",,"Amazon Elastic Compute Cloud",,,,"true"
"GMAEHG2AE6JVG7MD","HU7G6KETJZ","GMAEHG2AE6JVG7MD.HU7G6KETJZ.2TG2D8R56U","Reserved","Upfront Fee","2026-10-08",,,"Quantity","4673","USD",,"1yr","Partial Upfront","standard","Compute Instance","AmazonEC2","EU (Paris)","AWS Region","c7i.8xlarge","Yes","Compute optimized","32","Intel Xeon Scalable (Sapphire Rapids)","3.2 GHz","64 GiB","EBS only","12500 Megabit","64-bit",,,,,,,,"Shared","RHEL","No License required",,,,"EUW3-BoxUsage:c7i.8xlarge","RunInstances:0010","NA","Used","false","10000 Mbps","10000 Mbps","NA","Yes",,"NA",,,,,,,,,,,,,,"Compute Optimized",,"Yes","Yes","Yes","OnDemand","64",,"NA","Intel AVX; Intel AVX2; Intel AVX512; Intel Turbo; Intel AMX",,"eu-west-3",,"Amazon Elastic Compute Cloud",,,,"true"
"GMAEHG2AE6JVG7MD","JRTCKXETXF","GMAEHG2AE6JVG7MD.JRTCKXETXF.6YS6EN2CT7","OnDemand","$2.0424 per On Demand RHEL c7i.8xlarge Instance Hour","2026-10-01","0","Inf","Hrs","2.0424000000","USD",,,,,"Compute Instance","AmazonEC2","EU (Paris)","AWS Region","c7i.8xlarge","Yes","Compute optimized","32","Intel Xeon Scalable (Sapphire Rapids)","3.2 GHz","64 GiB","EBS only","12500 Megabit","64-bit",,,,,,,,"Shared","RHEL","No License required",,,,"EUW3-BoxUsage:c7i.8xlarge","RunInstances:0010","NA","Used","false","10000 Mbps","10000 Mbps","NA","Yes",,"NA",,,,,,,,,,,,,,"Compute Optimized",,"Yes","Yes","Yes","OnDemand","64",,"NA","Intel AVX; Intel AVX2; Intel AVX512; Intel Turbo; Intel AMX",,"eu-west-3",,"Amazon Elastic Compute Cloud",,,,"true"
"GMAEHG2AE6JVG7MD","MZU6U2429S","GMAEHG2AE6JVG7MD.MZU6U2429S.6YS6EN2CT7","Reserved","USD 0.0 per Red Hat Enterprise Linux (Amazon VPC), c7i.8xlarge reserved instance applied","2026-10-08","0","Inf","Hrs","0.0000000000","USD",,"3yr","All Upfront","convertible","Compute Instance","AmazonEC2","EU (Paris)","AWS Region","c7i.8xlarge","Yes","Compute optimized","32","Intel Xeon Scalable (Sapphire Rapids)","3.2 GHz","64 GiB","EBS only","12500 Megabit","64-bit",,,,,,,,"Shared","RHEL","No License required",,,,"EUW3-BoxUsage:c7i.8xlarge","RunInstances:0010","NA","Used","false","10000 Mbps","10000 Mbps","NA","Yes",,"NA",,,,,,,,,,,,,,"Compute Optimized",,"Yes","Yes","Yes","OnDemand","64",,"NA","Intel AVX; Intel AVX2; Intel AVX512; Intel Turbo; Intel AMX",,"eu-west-3",,"Amazon Elastic Compute Cloud",,,,"true"
"GMAEHG2AE6JVG7MD","MZU6U2429S","GMAEHG2AE6JVG7MD.MZU6U2429S.2TG2D8R56U","Reserved","Upfront Fee","2026-10-08",,,"Quantity","24531","USD",,"3yr","All Upfront","convertible","Compute Instance","AmazonEC2","EU (Paris)","AWS Region","c7i.8xlarge","Yes","Compute optimized","32","Intel Xeon Scalable (Sapphire Rapids)","3.2 GHz","64 GiB","EBS only","12500 Megabit","64-bit",,,,,,,,"Shared","RHEL","No License required",,,,"EUW3-BoxUsage:c7i.8xlarge","RunInstances:0010","NA","Used","false","10000 Mbps","10000 Mbps","NA","Yes",,"NA",,,,,,,,,,,,,,"Compute Optimized",,"Yes","Yes","Yes","OnDemand","64",,"NA","Intel AVX; Intel AVX2; Intel AVX512; Intel Turbo; Intel AMX",,"eu-west-3",,"Amazon Elastic Compute Cloud",,,,"true"
"GMAEHG2AE6JVG7MD","NQ3QZPMQV9","GMAEHG2AE6JVG7MD.NQ3QZPMQV9.6YS6EN2CT7","Reserved","USD 0.0 per Red Hat Enterprise Linux (Amazon VPC), c7i.8xlarge reserved instance applied","2026-10-08","0","Inf","Hrs","0.0000000000","USD",,"3yr","All Upfront","standard","Compute Instance","AmazonEC2","EU (Paris)","AWS Region","c7i.8xlarge","Yes","Compute optimized","32","Intel Xeon Scalable (Sapphire Rapids)","3.2 GHz","64 GiB","EBS only","12500 Megabit","64-bit",,,,,,,,"Shared","RHEL","No License required",,,,"EUW3-BoxUsage:c7i.8xlarge","RunInstances:0010","NA","Used","false","10000 Mbps","10000 Mbps","NA","Yes",,"NA",,,,,,,,,,,,,,"Compute Optimized",,"Yes","Yes","Yes","OnDemand","64",,"NA","Intel AVX; Intel AVX2; Intel AVX512; Intel Turbo; Intel AMX",,"eu-west-3",,"Amazon Elastic Compute Cloud",,,,"true"
"GMAEHG2AE6JVG7MD","NQ3QZPMQV9","GMAEHG2AE6JVG7MD.NQ3QZPMQV9.2TG2D8R56U","Reserved","Upfront Fee","2026-10-08",,,"Quantity","21054","USD",,"3yr","All Upfront","standard","Compute Instance","AmazonEC2","EU (Paris)","AWS Region","c7i.8xlarge","Yes","Compute optimized","32","Intel Xeon Scalable (Sapphire Rapids)","3.2 GHz","64 GiB","EBS only","12500 Megabit","64-bit",,,,,,,,"Shared","RHEL","No License required",,,,"EUW3-BoxUsage:c7i.8xlarge","RunInstances:0010","NA","Used","false","10000 Mbps","10000 Mbps","NA","Yes",,"NA",,,,,,,,,,,,,,"Compute Optimized",,"Yes","Yes","Yes","OnDemand","64",,"NA","Intel AVX; Intel AVX2; Intel AVX512; Intel Turbo; Intel AMX",,"eu-west-3",,"Amazon Elastic Compute Cloud",,,,"true"
"GMAEHG2AE6JVG7MD","R5XV2EPZQZ","GMAEHG2AE6JVG7MD.R5XV2EPZQZ.6YS6EN2CT7","Reserved","Red Hat Enterprise Linux (Amazon VPC), c7i.8xlarge reserved instance applied","2026-10-08","0","Inf","Hrs","0.5399200000","USD",,"3yr","Partial Upfront","convertible","Compute Instance","AmazonEC2","EU (Paris)","AWS Region","c7i.8xlarge","Yes","Compute optimized","32","Intel Xeon Scalable (Sapphire Rapids)","3.2 GHz","64 GiB","EBS only","12500 Megabit","64-bit",,,,,,,,"Shared","RHEL","No License required",,,,"EUW3-BoxUsage:c7i.8xlarge","RunInstances:0010","NA","Used","false","10000 Mbps","10000 Mbps","NA","Yes",,"NA",,,,,,,,,,,,,,"Compute Optimized",,"Yes","Yes","Yes","OnDemand","64",,"NA","Intel AVX; Intel AVX2; Intel AVX512; Intel Turbo; Intel AMX",,"eu-west-3",,"Amazon Elastic Compute Cloud",,,,"true"
"GMAEHG2AE6JVG7MD","R5XV2EPZQZ","GMAEHG2AE6JVG7MD.R5XV2EPZQZ.2TG2D8R56U","Reserved","Upfront Fee","2026-10-08",,,"Quantity","10773","USD",,"3yr","Partial Upfront","convertible","Compute Instance","AmazonEC2","EU (Paris)","AWS Region","c7i.8xlarge","Yes","Compute optimized","32","Intel Xeon Scalable (Sapphire Rapids)","3.2 GHz","64 GiB","EBS only","12500 Megabit","64-bit",,,,,,,,"Shared","RHEL","No License required",,,,"EUW3-BoxUsage:c7i.8xlarge","RunInstances:0010","NA","Used","false","10000 Mbps","10000 Mbps","NA","Yes",,"NA",,,,,,,,,,,,,,"Compute Optimized",,"Yes","Yes","Yes","OnDemand","64",,"NA","Intel AVX; Intel AVX2; Intel AVX512; Intel Turbo; Intel AMX",,"eu-west-3",,"Amazon Elastic Compute Cloud",,,,"true"
"GMAEHG2AE6JVG7MD","VJWZNREJX2","GMAEHG2AE6JVG7MD.VJWZNREJX2.6YS6EN2CT7","Reserved","USD 0.0 per Red Hat Enterprise Linux (Amazon VPC), c7i.8xlarge reserved instance applied","2026-10-08","0","Inf","Hrs","0.0000000000","USD",,"1yr","All Upfront","convertible","Compute Instance","AmazonEC2","EU (Paris)","AWS Region","c7i.8xlarge","Yes","Compute optimized","32","Intel Xeon Scalable (Sapphire Rapids)","3.2 GHz","64 GiB","EBS only","12500 Megabit","64-bit",,,,,,,,"Shared","RHEL","No License required",,,,"EUW3-BoxUsage:c7i.8xlarge","RunInstances:0010","NA","Used","false","10000 Mbps","10000 Mbps","NA","Yes",,"NA",,,,,,,,,,,,,,"Compute Optimized",,"Yes","Yes","Yes","OnDemand","64",,"NA","Intel AVX; Intel AVX2; Intel AVX512; Intel Turbo; Intel AMX",,"eu-west-3",,"Amazon Elastic Compute Cloud",,,,"true"
"GMAEHG2AE6JVG7MD","VJWZNREJX2","GMAEHG2AE6JVG7MD.VJWZNREJX2.2TG2D8R56U","Reserved","Upfront Fee","2026-10-08",,,"Quantity","11710","USD",,"1yr","All Upfront","convertible","Compute Instance","AmazonEC2","EU (Paris)","AWS Region","c7i.8xlarge","Yes","Compute optimized","32","Intel Xeon Scalable (Sapphire Rapids)","3.2 GHz","64 GiB","EBS only","12500 Megabit","64-bit",,,,,,,,"Shared","RHEL","No License required",,,,"EUW3-BoxUsage:c7i.8xlarge","RunInstances:0010","NA","Used","false","10000 Mbps","10000 Mbps","NA","Yes",,"NA",,,,,,,,,,,,,,"Compute Optimized",,"Yes","Yes","Yes","OnDemand","64",,"NA","Intel AVX; Intel AVX2; Intel AVX512; Intel Turbo; Intel AMX",,"eu-west-3",,"Amazon Elastic Compute Cloud",,,,"true"
"GMAEHG2AE6JVG7MD","Z2E3P23VKM","GMAEHG2AE6JVG7MD.Z2E3P23VKM.6YS6EN2CT7","Reserved","Red Hat Enterprise Linux (Amazon VPC), c7i.8xlarge reserved instance applied","2026-10-08","0","Inf","Hrs","1.0154300000","USD",,"3yr","No Upfront","convertible","Compute Instance","AmazonEC2","EU (Paris)","AWS Region","c7i.8xlarge","Yes","Compute optimized","32","Intel Xeon Scalable (Sapphire Rapids)","3.2 GHz","64 GiB","EBS only","12500 Megabit","64-bit",,,,,,,,"Shared","RHEL","No License required",,,,"EUW3-BoxUsage:c7i.8xlarge","RunInstances:0010","NA","Used","false","10000 Mbps","10000 Mbps","NA","Yes",,"NA",,,,,,,,,,,,,,"Compute Optimized",,"Yes","Yes","Yes","OnDemand","64",,"NA","Intel AVX; Intel AVX2; Intel AVX512; Intel Turbo; Intel AMX",,"eu-west-3",,"Amazon Elastic Compute Cloud",,,,"true"
"GRWTS6XDAHVJM292","JRTCKXETXF","GRWTS6XDAHVJM292.JRTCKXETXF.6YS6EN2CT7","OnDemand","$2.5452 per Unused Reservation Linux c7i.12xlarge Instance Hour","2026-10-01","0","Inf","Hrs","2.5452000000","USD",,,,,"Compute Instance","AmazonEC2","EU (Paris)","AWS Region","c7i.12xlarge","Yes","Compute optimized","48","Intel Xeon Scalable (Sapphire Rapids)","3.2 GHz","96 GiB","EBS only","18750 Megabit","64-bit",,,,,,,,"Shared","Linux","No License required",,,,"EUW3-UnusedBox:c7i.12xlarge","RunInstances","NA","UnusedCapacityReservation","false","15000 Mbps","15000 Mbps","NA","Yes",,"NA",,,,,,,,,,,,,,"Compute Optimized","RKFRM5JW99YQMR8K","Yes","Yes","Yes","OnDemand","96",,"NA","Intel AVX; Intel AVX2; Intel AVX512; Intel Turbo; Intel AMX",,"eu-west-3",,"Amazon Elastic Compute Cloud",,,,"true"
"GWPNUMPAMVES95KW","JRTCKXETXF","GWPNUMPAMVES95KW.JRTCKXETXF.6YS6EN2CT7","OnDemand","$3.02364 per Dedicated Ubuntu Pro c8i.12xlarge Instance Hour","2026-10-01","0","Inf","Hrs","3.0236400000","USD",,,,,"Compute Instance","AmazonEC2","EU (Paris)","AWS Region","c8i.12xlarge","Yes","Compute optimized","48","Intel Xeon Scalable (Granite Rapids)","3.9 GHz","96 GiB","EBS only","22500 Megabit","64-bit",,,,,,,,"Dedicated","Ubuntu Pro","No License required",,,,"EUW3-DedicatedUsage:c8i.12xlarge","RunInstances:0g00","NA","Used","false","15000 Mbps","15000 Mbps","NA","Yes",,"NA",,,,,,,,,,,,,,"Compute Optimized",,"Yes","Yes","Yes","OnDemand","96",,"NA","Intel AVX; Intel AVX2; Intel AVX512; Intel Turbo; Intel AMX",,"eu-west-3",,"Amazon Elastic Compute Cloud",,,,"true"
"GXQ9Y58G7QK9KRQB","JRTCKXETXF","GXQ9Y58G7QK9KRQB.JRTCKXETXF.6YS6EN2CT7","OnDemand","$0.00 per Windows with SQL Server Enterprise c7i.8xlarge Dedicated Host Instance hour","2026-10-01","0","Inf","Hrs","0.0000000000","USD",,,,,"Compute Instance","AmazonEC2","EU (Paris)","AWS Region","c7i.8xlarge","Yes","Compute optimized","32","Intel Xeon Scalable (Sapphire Rapids)","3.2 GHz","64 GiB","EBS only","12500 Megabit","64-bit",,,,,,,,"Host","Windows","No License required",,,,"EUW3-HostBoxUsage:c7i.8xlarge","RunInstances:0102","NA","Used","false","10000 Mbps","10000 Mbps","NA","Yes",,"NA",,,,,,,,,,,,,,"Compute Optimized",,"Yes","Yes","Yes","OnDemand","64",,"SQL Ent","Intel AVX; Intel AVX2; Intel AVX512; Intel Turbo; Intel AMX",,"eu-west-3",,"Amazon Elastic Compute Cloud",,,,"true"
"GY8JAJ3KJ276SCKU","JRTCKXETXF","GY8JAJ3KJ276SCKU.JRTCKXETXF.6YS6EN2CT7","OnDemand","$0.00 per Reservation Windows c7i.12xlarge Instance Hour","2026-10-01","0","Inf","Hrs","0.0000000000","USD",,,,,"Compute Instance","AmazonEC2","EU (Paris)","AWS Region","c7i.12xlarge","Yes","Compute optimized","48","Intel Xeon Scalable (Sapphire Rapids)","3.2 GHz","96 GiB","EBS only","18750 Megabit","64-bit",,,,,,,,"Shared","Windows","No License required",,,,"EUW3-Reservation:c7i.12xlarge","RunInstances:0002","NA","AllocatedCapacityReservation","false","15000 Mbps","15000 Mbps","NA","Yes",,"NA",,,,,,,,,,,,,,"Compute Optimized","CCN8FQS4SJ7DJ242","Yes","Yes","Yes","OnDemand","96",,"NA","Intel AVX; Intel AVX2; Intel AVX512; Intel Turbo; Intel AMX",,"eu-west-3",,"Amazon Elastic Compute Cloud",,,,"true"
"H37873W7SQX9GAN4","JRTCKXETXF","H37873W7SQX9GAN4.JRTCKXETXF.6YS6EN2CT7","OnDemand","$0.00 per Dedicated Reservation RHEL c7i.12xlarge Instance Hour","2026-10-01","0","Inf","Hrs","0.0000000000","USD",,,,,"Compute Instance","AmazonEC2","EU (Paris)","AWS Region","c7i.12xlarge","Yes","Compute optimized","48","Intel Xeon Scalable (Sapphire Rapids)","3.2 GHz","96 GiB","EBS only","18750 Megabit","64-bit",,,,,,,,"Dedicated","RHEL","No License required",,,,"EUW3-DedicatedRes:c7i.12xlarge","RunInstances:0010","NA","AllocatedCapacityReservation","false","15000 Mbps","15000 Mbps","NA","Yes",,"NA",,,,,,,,,,,,,,"Compute Optimized","UYTNTKPBHFY26UX4","Yes","Yes","Yes","OnDemand","96",,"NA","Intel AVX; Intel AVX2; Intel AVX512; Intel Turbo; Intel AMX",,"eu-west-3",,"Amazon Elastic Compute Cloud",,,,"true"
"H489STSP96NQF245","38NPMPTW36","H489STSP96NQF245.38NPMPTW36.6YS6EN2CT7","Reserved","SUSE Linux (Amazon VPC), c7i.12xlarge reserved instance applied","2026-10-08","0","Inf","Hrs","0.5625000000","USD",,"3yr","Partial Upfront","standard","Compute Instance","AmazonEC2","EU (Paris)","AWS Region","c7i.12xlarge","Yes","Compute optimized","48","Intel Xeon Scalable (Sapphire Rapids)","3.2 GHz","96 GiB","EBS only","18750 Megabit","64-bit",,,,,,,,"Shared","SUSE","No License required",,,,"EUW3-BoxUsage:c7i.12xlarge","RunInstances:000g","NA","Used","false","15000 Mbps","15000 Mbps","NA","Yes",,"NA",,,,,,,,,,,,,,"Compute Optimized",,"Yes","Yes","Yes","OnDemand","96",,"NA","Intel AVX; Intel AVX2; Intel AVX512; Intel Turbo; Intel AMX",,"eu-west-3",,"Amazon Elastic Compute Cloud",,,,"true"
"H489STSP96NQF245","38NPMPTW36","H489STSP96NQF245.38NPMPTW36.2TG2D8R56U","Reserved","Upfront Fee","2026-10-08",,,"Quantity","14782","USD",,"3yr","Partial Upfront","standard","Compute Instance","AmazonEC2","EU (Paris)","AWS Region","c7i.12xlarge","Yes","Compute optimized","48","Intel Xeon Scalable (Sapphire Rapids)","3.2 GHz","96 GiB","EBS only","18750 Megabit","64-bit",,,,,,,,"Shared","SUSE","No License required",,,,"EUW3-BoxUsage:c7i.12xlarge","RunInstances:000g","NA","Used","false","15000 Mbps","15000 Mbps","NA","Yes",,"NA",,,,,,,,,,,,,,"Compute Optimized",,"Yes","Yes","Yes","OnDemand","96",,"NA","Intel AVX; Intel AVX2; Intel AVX512; Intel Turbo; Intel AMX",,"eu-west-3",,"Amazon Elastic Compute Cloud",,,,"true"
"H489STSP96NQF245","4NA7Y494T4","H489STSP96NQF245.4NA7Y494T4.6YS6EN2CT7","Reserved","SUSE Linux (Amazon VPC), c7i.12xlarge reserved instance applied","2026-10-08","0","Inf","Hrs","1.7401000000","USD",,"1yr","No Upfront","standard","Compute Instance","AmazonEC2","EU (Paris)","AWS Region","c7i.12xlarge","Yes","Compute optimized","48","Intel Xeon Scalable (Sapphire Rapids)","3.2 GHz","96 GiB","EBS only","18750 Megabit","64-bit",,,,,,,,"Shared","SUSE","No License required",,,,"EUW3-BoxUsage:c7i.12xlarge","RunInstances:000g","NA","Used","false","15000 Mbps","15000 Mbps","NA","Yes",,"NA",,,,,,,,,,,,,,"Compute Optimized",,"Yes","Yes","Yes","OnDemand","96",,"NA","Intel AVX; Intel AVX2; Intel AVX512; Intel Turbo; Intel AMX",,"eu-west-3",,"Amazon Elastic Compute Cloud",,,,"true"
"H489STSP96NQF245","6QCMYABX3D","H489STSP96NQF245.6QCMYABX3D.6YS6EN2CT7","Reserved","USD 0.0 per SUSE Linux (Amazon VPC), c7i.12xlarge reserved instance applied","2026-10-08","0","Inf","Hrs","0.0000000000","USD",,"1yr","All Upfront","standard","Compute Instance","AmazonEC2","EU (Paris)","AWS Region","c7i.12xlarge","Yes","Compute optimized","48","Intel Xeon Scalable (Sapphire Rapids)","3.2 GHz","96 GiB","EBS only","18750 Megabit","64-bit",,,,,,,,"Shared","SUSE","No License required",,,,"EUW3-BoxUsage:c7i.12xlarge","RunInstances:000g","NA","Used","false","15000 Mbps","15000 Mbps","NA","Yes",,"NA",,,,,,,,,,,,,,"Compute Optimized",,"Yes","Yes","Yes","OnDemand","96",,"NA","Intel AVX; Intel AVX2; Intel AVX512; Intel Turbo; Intel AMX",,"eu-west-3",,"Amazon Elastic Compute Cloud",,,,"true"
"H489STSP96NQF245","6QCMYABX3D","H489STSP96NQF245.6QCMYABX3D.2TG2D8R56U","Reserved","Upfront Fee","2026-10-08",,,"Quantity","14262","USD",,"1yr","All Upfront","standard","Compute Instance","AmazonEC2","EU (Paris)","AWS Region","c7i.12xlarge","Yes","Compute optimized","48","Intel Xeon Scalable (Sapphire Rapids)","3.2 GHz","96 GiB","EBS only","18750 Megabit","64-bit",,,,,,,,"Shared","SUSE","No License required",,,,"EUW3-BoxUsage:c7i.12xlarge","RunInstances:000g","NA","Used","false","15000 Mbps","15000 Mbps","NA","Yes",,"NA",,,,,,,,,,,,,,"Compute Optimized",,"Yes","Yes","Yes","OnDemand","96",,"NA","Intel AVX; Intel AVX2; Intel AVX512; Intel Turbo; Intel AMX",,"eu-west-3",,"Amazon Elastic Compute Cloud",,,,"true"
"H489STSP96NQF245","7NE97W5U4E","H489STSP96NQF245.7NE97W5U4E.6YS6EN2CT7","Reserved","SUSE Linux (Amazon VPC), c7i.12xlarge reserved instance applied","2026-10-08","0","Inf","Hrs","1.9994100000","USD",,"1yr","No Upfront","convertible","Compute Instance","AmazonEC2","EU (Paris)","AWS Region","c7i.12xlarge","Yes","Compute optimized","48","Intel Xeon Scalable (Sapphire Rapids)","3.2 GHz","96 GiB","EBS only","18750 Megabit","64-bit",,,,,,,,"Shared","SUSE","No License required",,,,"EUW3-BoxUsage:c7i.12xlarge","RunInstances:000g","NA","Used","false","15000 Mbps","15000 Mbps","NA","Yes",,"NA",,,,,,,,,,,,,,"Compute Optimized",,"Yes","Yes","Yes","OnDemand","96",,"NA","Intel AVX; Intel AVX2; Intel AVX512; Intel Turbo; Intel AMX",,"eu-west-3",,"Amazon Elastic Compute Cloud",,,,"true"
"H489STSP96NQF245","BPH4J8HBKS","H489STSP96NQF245.BPH4J8HBKS.6YS6EN2CT7","Reserved","SUSE Linux (Amazon VPC), c7i.12xlarge reserved instance applied","2026-10-08","0","Inf","Hrs","1.2106700000","USD",,"3yr","No Upfront","standard","Compute Instance","AmazonEC2","EU (Paris)","AWS Region","c7i.12xlarge","Yes","Compute optimized","48","Intel Xeon Scalable (Sapphire Rapids)","3.2 GHz","96 GiB","EBS only","18750 Megabit","64-bit",,,,,,,,"Shared","SUSE","No License required",,,,"EUW3-BoxUsage:c7i.12xlarge","RunInstances:000g","NA","Used","false","15000 Mbps","15000 Mbps","NA","Yes",,"NA",,,,,,,,,,,,,,"Compute Optimized",,"Yes","Yes","Yes","OnDemand","96",,"NA","Intel AVX; Intel AVX2; Intel AVX512; Intel Turbo; Intel AMX",,"eu-west-3",,"Amazon Elastic Compute Cloud",,,,"true"
"H489STSP96NQF245","CUZHX8X6JH","H489STSP96NQF245.CUZHX8X6JH.6YS6EN2CT7","Reserved","SUSE Linux (Amazon VPC), c7i.12xlarge reserved instance applied","2026-10-08","0","Inf","Hrs","0.9535300000","USD",,"1yr","Partial Upfront","convertible","Compute Instance","AmazonEC2","EU (Paris)","AWS Region","c7i.12xlarge","Yes","Compute optimized","48","Intel Xeon Scalable (Sapphire Rapids)","3.2 GHz","96 GiB","EBS only","18750 Megabit","64-bit",,,,,,,,"Shared","SUSE","No License required",,,,"EUW3-BoxUsage:c7i.12xlarge","RunInstances:000g","NA","Used","false","15000 Mbps","15000 Mbps","NA","Yes",,"NA",,,,,,,,,,,,,,"Compute Optimized",,"Yes","Yes","Yes","OnDemand","96",,"NA","Intel AVX; Intel AVX2; Intel AVX512; Intel Turbo; Intel AMX",,"eu-west-3",,"Amazon Elastic Compute Cloud",,,,"true"
"H489STSP96NQF245","CUZHX8X6JH","H489STSP96NQF245.CUZHX8X6JH.2TG2D8R56U","Reserved","Upfront Fee","2026-10-08",,,"Quantity","8353","USD",,"1yr","Partial Upfront","convertible","Compute Instance","AmazonEC2","EU (Paris)","AWS Region","c7i.12xlarge","Yes","Compute optimized","48","Intel Xeon Scalable (Sapphire Rapids)","3.2 GHz","96 GiB","EBS only","18750 Megabit","64-bit",,,,,,,,"Shared","SUSE","No License required",,,,"EUW3-BoxUsage:c7i.12xlarge","RunInstances:000g","NA","Used","false","15000 Mbps","15000 Mbps","NA","Yes",,"NA",,,,,,,,,,,,,,"Compute Optimized",,"Yes","Yes","Yes","OnDemand","96",,"NA","Intel AVX; Intel AVX2; Intel AVX512; Intel Turbo; Intel AMX",,"eu-west-3",,"Amazon Elastic Compute Cloud",,,,"true"
"H489STSP96NQF245","HU7G6KETJZ","H489STSP96NQF245.HU7G6KETJZ.6YS6EN2CT7","Reserved","SUSE Linux (Amazon VPC), c7i.12xlarge reserved instance applied","2026-10-08","0","Inf","Hrs","0.8300500000","USD",,"1yr","Partial Upfront","standard","Compute Instance","AmazonEC2","EU (Paris)","AWS Region","c7i.12xlarge","Yes","Compute optimized","48","Intel Xeon Scalable (Sapphire Rapids)","3.2 GHz","96 GiB","EBS only","18750 Megabit","64-bit",,,,,,,,"Shared","SUSE","No License required",,,,"EUW3-BoxUsage:c7i.12xlarge","RunInstances:000g","NA","Used","false","15000 Mbps","15000 Mbps","NA","Yes",,"NA",,,,,,,,,,,,,,"Compute Optimized",,"Yes","Yes","Yes","OnDemand","96",,"NA","Intel AVX; Intel AVX2; Intel AVX512; Intel Turbo; Intel AMX",,"eu-west-3",,"Amazon Elastic Compute Cloud",,,,"true"
"H489STSP96NQF245","HU7G6KETJZ","H489STSP96NQF245.HU7G6KETJZ.2TG2D8R56U","Reserved","Upfront Fee","2026-10-08",,,"Quantity","7271","USD",,"1yr","Partial Upfront","standard","Compute Instance","AmazonEC2","EU (Paris)","AWS Region","c7i.12xlarge","Yes","Compute optimized","48","Intel Xeon Scalable (Sapphire Rapids)","3.2 GHz","96 GiB","EBS only","18750 Megabit","64-bit",,,,,,,,"Shared","SUSE","No License required",,,,"EUW3-BoxUsage:c7i.12xlarge","RunInstances:000g","NA","Used","false","15000 Mbps","15000 Mbps","NA","Yes",,"NA",,,,,,,,,,,,,,"Compute Optimized",,"Yes","Yes","Yes","OnDemand","96",,"NA","Intel AVX; Intel AVX2; Intel AVX512; Intel Turbo; Intel AMX",,"eu-west-3",,"Amazon Elastic Compute Cloud",,,,"true"
"H489STSP96NQF245","JRTCKXETXF","H489STSP96NQF245.JRTCKXETXF.6YS6EN2CT7","OnDemand","$2.6702 per On Demand SUSE c7i.12xlarge Instance Hour","2026-10-01","0","Inf","Hrs","2.6702000000","USD",,,,,"Compute Instance","AmazonEC2","EU (Paris)","AWS Region","c7i.12xlarge","Yes","Compute optimized","48","Intel Xeon Scalable (Sapphire Rapids)","3.2 GHz","96 GiB","EBS only","18750 Megabit","64-bit",,,,,,,,"Shared","SUSE","No License required",,,,"EUW3-BoxUsage:c7i.12xlarge","RunInstances:000g","NA","Used","false","15000 Mbps","15000 Mbps","NA","Yes",,"NA",,,,,,,,,,,,,,"Compute Optimized",,"Yes","Yes","Yes","OnDemand","96",,"NA","Intel AVX; Intel AVX2; Intel AVX512; Intel Turbo; Intel AMX",,"eu-west-3",,"Amazon Elastic Compute Cloud",,,,"true"
"H489STSP96NQF245","MZU6U2429S","H489STSP96NQF245.MZU6U2429S.6YS6EN2CT7","Reserved","USD 0.0 per SUSE Linux (Amazon VPC), c7i.12xlarge reserved instance applied","2026-10-08","0","Inf","Hrs","0.0000000000","USD",,"3yr","All Upfront","convertible","Compute Instance","AmazonEC2","EU (Paris)","AWS Region","c7i.12xlarge","Yes","Compute optimized","48","Intel Xeon Scalable (Sapphire Rapids)","3.2 GHz","96 GiB","EBS only","18750 Megabit","64-bit",,,,,,,,"Shared","SUSE","No License required",,,,"EUW3-BoxUsage:c7i.12xlarge","RunInstances:000g","NA","Used","false","15000 Mbps","15000 Mbps","NA","Yes",,"NA",,,,,,,,,,,,,,"Compute Optimized",,"Yes","Yes","Yes","OnDemand","96",,"NA","Intel AVX; Intel AVX2; Intel AVX512; Intel Turbo; Intel AMX",,"eu-west-3",,"Amazon Elastic Compute Cloud",,,,"true"
"H489STSP96NQF245","MZU6U2429S","H489STSP96NQF245.MZU6U2429S.2TG2D8R56U","Reserved","Upfront Fee","2026-10-08",,,"Quantity","33091","USD",,"3yr","All Upfront","convertible","Compute Instance","AmazonEC2","EU (Paris)","AWS Region","c7i.12xlarge","Yes","Compute optimized","48","Intel Xeon Scalable (Sapphire Rapids)","3.2 GHz","96 GiB","EBS only","18750 Megabit","64-bit",,,,,,,,"Shared","SUSE","No License required",,,,"EUW3-BoxUsage:c7i.12xlarge","RunInstances:000g","NA","Used","false","15000 Mbps","15000 Mbps","NA","Yes",,"NA",,,,,,,,,,,,,,"Compute Optimized",,"Yes","Yes","Yes","OnDemand","96",,"NA","Intel AVX; Intel AVX2; Intel AVX512; Intel Turbo; Intel AMX",,"eu-west-3",,"Amazon Elastic Compute Cloud",,,,"true"
"H489STSP96NQF245","NQ3QZPMQV9","H489STSP96NQF245.NQ3QZPMQV9.6YS6EN2CT7","Reserved","USD 0.0 per SUSE Linux (Amazon VPC), c7i.12xlarge reserved instance applied","2026-10-08","0","Inf","Hrs","0.0000000000","USD",,"3yr","All Upfront","standard","Compute Instance","AmazonEC2","EU (Paris)","AWS Region","c7i.12xlarge","Yes","Compute optimized","48","Intel Xeon Scalable (Sapphire Rapids)","3.2 GHz","96 GiB","EBS only","18750 Megabit","64-bit",,,,,,,,"Shared","SUSE","No License required",,,,"EUW3-BoxUsage:c7i.12xlarge","RunInstances:000g","NA","Used","false","15000 Mbps","15000 Mbps","NA","Yes",,"NA",,,,,,,,,,,,,,"Compute Optimized",,"Yes","Yes","Yes","OnDemand","96",,"NA","Intel AVX; Intel AVX2; Intel AVX512; Intel Turbo; Intel AMX",,"eu-west-3",,"Amazon Elastic Compute Cloud",,,,"true"
"H489STSP96NQF245","NQ3QZPMQV9","H489STSP96NQF245.NQ3QZPMQV9.2TG2D8R56U","Reserved","Upfront Fee","2026-10-08",,,"Quantity","27876","USD",,"3yr","All Upfront","standard","Compute Instance","AmazonEC2","EU (Paris)","AWS Region","c7i.12xlarge","Yes","Compute optimized","48","Intel Xeon Scalable (Sapphire Rapids)","3.2 GHz","96 GiB","EBS only","18750 Megabit","64-bit",,,,,,,,"Shared","SUSE","No License required",,,,"EUW3-BoxUsage:c7i.12xlarge","RunInstances:000g","NA","Used","false","15000 Mbps","15000 Mbps","NA","Yes",,"NA",,,,,,,,,,,,,,"Compute Optimized",,"Yes","Yes","Yes","OnDemand","96",,"NA","Intel AVX; Intel AVX2; Intel AVX512; Intel Turbo; Intel AMX",,"eu-west-3",,"Amazon Elastic Compute Cloud",,,,"true"
"H489STSP96NQF245","R5XV2EPZQZ","H489STSP96NQF245.R5XV2EPZQZ.6YS6EN2CT7","Reserved","SUSE Linux (Amazon VPC), c7i.12xlarge reserved instance applied","2026-10-08","0","Inf","Hrs","0.6418800000","USD",,"3yr","Partial Upfront","convertible","Compute Instance","AmazonEC2","EU (Paris)","AWS Region","c7i.12xlarge","Yes","Compute optimized","48","Intel Xeon Scalable (Sapphire Rapids)","3.2 GHz","96 GiB","EBS only","18750 Megabit","64-bit",,,,,,,,"Shared","SUSE","No License required",,,,"EUW3-BoxUsage:c7i.12xlarge","RunInstances:000g","NA","Used","false","15000 Mbps","15000 Mbps","NA","Yes",,"NA",,,,,,,,,,,,,,"Compute Optimized",,"Yes","Yes","Yes","OnDemand","96",,"NA","Intel AVX; Intel AVX2; Intel AVX512; Intel Turbo; Intel AMX",,"eu-west-3",,"Amazon Elastic Compute Cloud",,,,"true"
"H489STSP96NQF245","R5XV2EPZQZ","H489STSP96NQF245.R5XV2EPZQZ.2TG2D8R56U","Reserved","Upfront Fee","2026-10-08",,,"Quantity","16869","USD",,"3yr","Partial Upfront","convertible","Compute Instance","AmazonEC2","EU (Paris)","AWS Region","c7i.12xlarge","Yes","Compute optimized","48","Intel Xeon Scalable (Sapphire Rapids)","3.2 GHz","96 GiB","EBS only","18750 Megabit","64-bit",,,,,,,,"Shared","SUSE","No License required",,,,"EUW3-BoxUsage:c7i.12xlarge","RunInstances:000g","NA","Used","false","15000 Mbps","15000 Mbps","NA","Yes",,"NA",,,,,,,,,,,,,,"Compute Optimized",,"Yes","Yes","Yes","OnDemand","96",,"NA","Intel AVX; Intel AVX2; Intel AVX512; Intel Turbo; Intel AMX",,"eu-west-3",,"Amazon Elastic Compute Cloud",,,,"true"
"H489STSP96NQF245","VJWZNREJX2","H489STSP96NQF245.VJWZNREJX2.6YS6EN2CT7","Reserved","USD 0.0 per SUSE Linux (Amazon VPC), c7i.12xlarge reserved instance applied","2026-10-08","0","Inf","Hrs","0.0000000000","USD",,"1yr","All Upfront","convertible","Compute Instance","AmazonEC2","EU (Paris)","AWS Region","c7i.12xlarge","Yes","Compute optimized","48","Intel Xeon Scalable (Sapphire Rapids)","3.2 GHz","96 GiB","EBS only","18750 Megabit","64-bit",,,,,,,,"Shared","SUSE","No License required",,,,"EUW3-BoxUsage:c7i.12xlarge","RunInstances:000g","NA","Used","false","15000 Mbps","15000 Mbps","NA","Yes",,"NA",,,,,,,,,,,,,,"Compute Optimized",,"Yes","Yes","Yes","OnDemand","96",,"NA","Intel AVX; Intel AVX2; Intel AVX512; Intel Turbo; Intel AMX",,"eu-west-3",,"Amazon Elastic Compute Cloud",,,,"true"
"H489STSP96NQF245","VJWZNREJX2","H489STSP96NQF245.VJWZNREJX2.2TG2D8R56U","Reserved","Upfront Fee","2026-10-08",,,"Quantity","16382","USD",,"1yr","All Upfront","convertible","Compute Instance","AmazonEC2","EU (Paris)","AWS Region","c7i.12xlarge","Yes","Compute optimized","48","Intel Xeon Scalable (Sapphire Rapids)","3.2 GHz","96 GiB","EBS only","18750 Megabit","64-bit",,,,,,,,"Shared","SUSE","No License required",,,,"EUW3-BoxUsage:c7i.12xlarge","RunInstances:000g","NA","Used","false","15000 Mbps","15000 Mbps","NA","Yes",,"NA",,,,,,,,,,,,,,"Compute Optimized",,"Yes","Yes","Yes","OnDemand","96",,"NA","Intel AVX; Intel AVX2; Intel AVX512; Intel Turbo; Intel AMX",,"eu-west-3",,"Amazon Elastic Compute Cloud",,,,"true"
"H489STSP96NQF245","Z2E3P23VKM","H489STSP96NQF245.Z2E3P23VKM.6YS6EN2CT7","Reserved","SUSE Linux (Amazon VPC), c7i.12xlarge reserved instance applied","2026-10-08","0","Inf","Hrs","1.3821500000","USD",,"3yr","No Upfront","convertible","Compute Instance","AmazonEC2","EU (Paris)","AWS Region","c7i.12xlarge","Yes","Compute optimized","48","Intel Xeon Scalable (Sapphire Rapids)","3.2 GHz","96 GiB","EBS only","18750 Megabit","64-bit",,,,,,,,"Shared","SUSE","No License required",,,,"EUW3-BoxUsage:c7i.12xlarge","RunInstances:000g","NA","Used","false","15000 Mbps","15000 Mbps","NA","Yes",,"NA",,,,,,,,,,,,,,"Compute Optimized",,"Yes","Yes","Yes","OnDemand","96",,"NA","Intel AVX; Intel AVX2; Intel AVX512; Intel Turbo; Intel AMX",,"eu-west-3",,"Amazon Elastic Compute Cloud",,,,"true"
"H48ANSXG2GA5GJRC","JRTCKXETXF","H48ANSXG2GA5GJRC.JRTCKXETXF.6YS6EN2CT7","OnDemand","$0.00 per Reservation Windows with SQL Std c8i.12xlarge Instance Hour","2026-10-01","0","Inf","Hrs","0.0000000000","USD",,,,,"Compute Instance","AmazonEC2","EU (Paris)","AWS Region","c8i.12xlarge","Yes","Compute optimized","48","Intel Xeon Scalable (Granite Rapids)","3.9 GHz","96 GiB","EBS only","22500 Megabit","64-bit",,,,,,,,"Shared","Windows","No License required",,,,"EUW3-Reservation:c8i.12xlarge","RunInstances:0006","NA","AllocatedCapacityReservation","false","15000 Mbps","15000 Mbps","NA","Yes",,"NA",,,,,,,,,,,,,,"Compute Optimized","W63SQNGTRMWVMWT7","Yes","Yes","Yes","OnDemand","96",,"SQL Std","Intel AVX; Intel AVX2; Intel AVX512; Intel Turbo; Intel AMX",,"eu-west-3",,"Amazon Elastic Compute Cloud",,,,"true"
"H8MU6AJNBH4A5GXW","JRTCKXETXF","H8MU6AJNBH4A5GXW.JRTCKXETXF.6YS6EN2CT7","OnDemand","$21.45804 per Dedicated Unused Reservation RHEL with SQL Server Enterprise c8i.12xlarge Instance Hour","2026-10-01","0","Inf","Hrs","21.4580400000","USD",,,,,"Compute Instance","AmazonEC2","EU (Paris)","AWS Region","c8i.12xlarge","Yes","Compute optimized","48","Intel Xeon Scalable (Granite Rapids)","3.9 GHz","96 GiB","EBS only","22500 Megabit","64-bit",,,,,,,,"Dedicated","RHEL","No License required",,,,"EUW3-UnusedDed:c8i.12xlarge","RunInstances:0110","NA","UnusedCapacityReservation","false","15000 Mbps","15000 Mbps","NA","Yes",,"NA",,,,,,,,,,,,,,"Compute Optimized","DA4UUPXC2B9YEW6R","Yes","Yes","Yes","OnDemand","96",,"SQL Ent","Intel AVX; Intel AVX2; Intel AVX512; Intel Turbo; Intel AMX",,"eu-west-3",,"Amazon Elastic Compute Cloud",,,,"true"
"H8MZ2ERKXA5WRFCX","JRTCKXETXF","H8MZ2ERKXA5WRFCX.JRTCKXETXF.6YS6EN2CT7","OnDemand","$1.6968 per Unused Reservation Windows BYOL c7i.8xlarge Instance Hour","2026-10-01","0","Inf","Hrs","1.6968000000","USD",,,,,"Compute Instance","AmazonEC2","EU (Paris)","AWS Region","c7i.8xlarge","Yes","Compute optimized","32","Intel Xeon Scalable (Sapphire Rapids)","3.2 GHz","64 GiB","EBS only","12500 Megabit","64-bit",,,,,,,,"Shared","Windows","Bring your own license",,,,"EUW3-UnusedBox:c7i.8xlarge","RunInstances:0800","NA","UnusedCapacityReservation","false","10000 Mbps","10000 Mbps","NA","Yes",,"NA",,,,,,,,,,,,,,"Compute Optimized","V7CVDBF6DHARY3Y6","Yes","Yes","Yes","OnDemand","64",,"NA","Intel AVX; Intel AVX2; Intel AVX512; Intel Turbo; Intel AMX",,"eu-west-3",,"Amazon Elastic Compute Cloud",,,,"true"
"HBP4J6BTMXB6CJCU","JRTCKXETXF","HBP4J6BTMXB6CJCU.JRTCKXETXF.6YS6EN2CT7","OnDemand","$0.00 per Dedicated Reservation Linux with SQL Std c7i.12xlarge Instance Hour","2026-10-01","0","Inf","Hrs","0.0000000000","USD",,,,,"Compute Instance","AmazonEC2","EU (Paris)","AWS Region","c7i.12xlarge","Yes","Compute optimized","48","Intel Xeon Scalable (Sapphire Rapids)","3.2 GHz","96 GiB","EBS only","18750 Megabit","64-bit",,,,,,,,"Dedicated","Linux","No License required",,,,"EUW3-DedicatedRes:c7i.12xlarge","RunInstances:0004","NA","AllocatedCapacityReservation","false","15000 Mbps","15000 Mbps","NA","Yes",,"NA",,,,,,,,,,,,,,"Compute Optimized","8W4Y7Q8AWKJ3UXTF","Yes","Yes","Yes","OnDemand","96",,"SQL Std","Intel AVX; Intel AVX2; Intel AVX512; Intel Turbo; Intel AMX",,"eu-west-3",,"Amazon Elastic Compute Cloud",,,,"true"
"HEYYDBYNAR3QFYD6","JRTCKXETXF","HEYYDBYNAR3QFYD6.JRTCKXETXF.6YS6EN2CT7","OnDemand","$3.99012 per Dedicated Unused Reservation Red Hat Enterprise Linux with HA c7i.12xlarge Instance Hour","2026-10-01","0","Inf","Hrs","3.9901200000","USD",,,,,"Compute Instance","AmazonEC2","EU (Paris)","AWS Region","c7i.12xlarge","Yes","Compute optimized","48","Intel Xeon Scalable (Sapphire Rapids)","3.2 GHz","96 GiB","EBS only","18750 Megabit","64-bit",,,,,,,,"Dedicated","Red Hat Enterprise Linux with HA","No License required",,,,"EUW3-UnusedDed:c7i.12xlarge","RunInstances:1010","NA","UnusedCapacityReservation","false","15000 Mbps","15000 Mbps","NA","Yes",,"NA",,,,,,,,,,,,,,"Compute Optimized","EZ9RTJSNUU2ECB74","Yes","Yes","Yes","OnDemand","96",,"NA","Intel AVX; Intel AVX2; Intel AVX512; Intel Turbo; Intel AMX",,"eu-west-3",,"Amazon Elastic Compute Cloud",,,,"true"
"HK4DA7X5DJRFZMM7","JRTCKXETXF","HK4DA7X5DJRFZMM7.JRTCKXETXF.6YS6EN2CT7","OnDemand","$3.4836 per On Demand Linux with SQL Web c8i.12xlarge Instance Hour","2026-10-01","0","Inf","Hrs","3.4836000000","USD",,,,,"Compute Instance","AmazonEC2","EU (Paris)","AWS Region","c8i.12xlarge","Yes","Compute optimized","48","Intel Xeon Scalable (Granite Rapids)","3.9 GHz","96 GiB","EBS only","22500 Megabit","64-bit",,,,,,,,"Shared","Linux","No License required",,,,"EUW3-BoxUsage:c8i.12xlarge","RunInstances:0200","NA","Used","false","15000 Mbps","15000 Mbps","NA","Yes",,"NA",,,,,,,,,,,,,,"Compute Optimized",,"Yes","Yes","Yes","OnDemand","96",,"SQL Web","Intel AVX; Intel AVX2; Intel AVX512; Intel Turbo; Intel AMX",,"eu-west-3",,"Amazon Elastic Compute Cloud",,,,"true"
"HPGDHQ6NWCHRQTAF","JRTCKXETXF","HPGDHQ6NWCHRQTAF.JRTCKXETXF.6YS6EN2CT7","OnDemand","$9.21804 per Dedicated RHEL with SQL Standard c8i.12xlarge Instance Hour","2026-10-01","0","Inf","Hrs","9.2180400000","USD",,,,,"Compute Instance","AmazonEC2","EU (Paris)","AWS Region","c8i.12xlarge","Yes","Compute optimized","48","Intel Xeon Scalable (Granite Rapids)","3.9 GHz","96 GiB","EBS only","22500 Megabit","64-bit",,,,,,,,"Dedicated","RHEL","No License required",,,,"EUW3-DedicatedUsage:c8i.12xlarge","RunInstances:0014","NA","Used","false","15000 Mbps","15000 Mbps","NA","Yes",,"NA",,,,,,,,,,,,,,"Compute Optimized",,"Yes","Yes","Yes","OnDemand","96",,"SQL Std","Intel AVX; Intel AVX2; Intel AVX512; Intel Turbo; Intel AMX",,"eu-west-3",,"Amazon Elastic Compute Cloud",,,,"true"
"HT67PKS8SBZEM6MT","JRTCKXETXF","HT67PKS8SBZEM6MT.JRTCKXETXF.6YS6EN2CT7","OnDemand","$0.00 per Dedicated Reservation Linux c8i.12xlarge Instance Hour","2026-10-01","0","Inf","Hrs","0.0000000000","USD",,,,,"Compute Instance","AmazonEC2","EU (Paris)","AWS Region","c8i.12xlarge","Yes","Compute optimized","48","Intel Xeon Scalable (Granite Rapids)","3.9 GHz","96 GiB","EBS only","22500 Megabit","64-bit",,,,,,,,"Dedicated","Linux","No License required",,,,"EUW3-DedicatedRes:c8i.12xlarge","RunInstances","NA","AllocatedCapacityReservation","false","15000 Mbps","15000 Mbps","NA","Yes",,"NA",,,,,,,,,,,,,,"Compute Optimized","736A7FNYBTWGE5H8","Yes","Yes","Yes","OnDemand","96",,"NA","Intel AVX; Intel AVX2; Intel AVX512; Intel Turbo; Intel AMX",,"eu-west-3",,"Amazon Elastic Compute Cloud",,,,"true"
"HU99THW5QY8DMJSU","JRTCKXETXF","HU99THW5QY8DMJSU.JRTCKXETXF.6YS6EN2CT7","OnDemand","$0.00 per Dedicated Reservation Windows c7i.12xlarge Instance Hour","2026-10-01","0","Inf","Hrs","0.0000000000","USD",,,,,"Compute Instance","AmazonEC2","EU (Paris)","AWS Region","c7i.12xlarge","Yes","Compute optimized","48","Intel Xeon Scalable (Sapphire Rapids)","3.2 GHz","96 GiB","EBS only","18750 Megabit","64-bit",,,,,,,,"Dedicated","Windows","No License required",,,,"EUW3-DedicatedRes:c7i.12xlarge","RunInstances:0002","NA","AllocatedCapacityReservation","false","15000 Mbps","15000 Mbps","NA","Yes",,"NA",,,,,,,,,,,,,,"Compute Optimized","KZ6AYX5Q4RY6UK8H","Yes","Yes","Yes","OnDemand","96",,"NA","Intel AVX; Intel AVX2; Intel AVX512; Intel Turbo; Intel AMX",,"eu-west-3",,"Amazon Elastic Compute Cloud",,,,"true"
"J799QJD7F8TJBR2X","JRTCKXETXF","J799QJD7F8TJBR2X.JRTCKXETXF.6YS6EN2CT7","OnDemand","$3.75084 per Dedicated Unused Reservation Linux with SQL Web c8i.12xlarge Instance Hour","2026-10-01","0","Inf","Hrs","3.7508400000","USD",,,,,"Compute Instance","AmazonEC2","EU (Paris)","AWS Region","c8i.12xlarge","Yes","Compute optimized","48","Intel Xeon Scalable (Granite Rapids)","3.9 GHz","96 GiB","EBS only","22500 Megabit","64-bit",,,,,,,,"Dedicated","Linux","No License required",,,,"EUW3-UnusedDed:c8i.12xlarge","RunInstances:0200","NA","UnusedCapacityReservation","false","15000 Mbps","15000 Mbps","NA","Yes",,"NA",,,,,,,,,,,,,,"Compute Optimized","FAXXPJ5P4R2W958D","Yes","Yes","Yes","OnDemand","96",,"SQL Web","Intel AVX; Intel AVX2; Intel AVX512; Intel Turbo; Intel AMX",,"eu-west-3",,"Amazon Elastic Compute Cloud",,,,"true"
"J8CFENZNPD4A838X","JRTCKXETXF","J8CFENZNPD4A838X.JRTCKXETXF.6YS6EN2CT7","OnDemand","$8.4324 per Unused Reservation Linux with SQL Std c8i.12xlarge Instance Hour","2026-10-01","0","Inf","Hrs","8.4324000000","USD",,,,,"Compute Instance","AmazonEC2","EU (Paris)","AWS Region","c8i.12xlarge","Yes","Compute optimized","48","Intel Xeon Scalable (Granite Rapids)","3.9 GHz","96 GiB","EBS only","22500 Megabit","64-bit",,,,,,,,"Shared","Linux","No License required",,,,"EUW3-UnusedBox:c8i.12xlarge","RunInstances:0004","NA","UnusedCapacityReservation","false","15000 Mbps","15000 Mbps","NA","Yes",,"NA",,,,,,,,,,,,,,"Compute Optimized","9BD4TR6GUKMDPF3N","Yes","Yes","Yes","OnDemand","96",,"SQL Std","Intel AVX; Intel AVX2; Intel AVX512; Intel Turbo; Intel AMX",,"eu-west-3",,"Amazon Elastic Compute Cloud",,,,"true"
"JAKHXG5DTAUPPQKZ","JRTCKXETXF","JAKHXG5DTAUPPQKZ.JRTCKXETXF.6YS6EN2CT7","OnDemand","$3.45804 per Dedicated Unused Reservation RHEL c8i.12xlarge Instance Hour","2026-10-01","0","Inf","Hrs","3.4580400000","USD",,,,,"Compute Instance","AmazonEC2","EU (Paris)","AWS Region","c8i.12xlarge","Yes","Compute optimized","48","Intel Xeon Scalable (Granite Rapids)","3.9 GHz","96 GiB","EBS only","22500 Megabit","64-bit",,,,,,,,"Dedicated","RHEL","No License required",,,,"EUW3-UnusedDed:c8i.12xlarge","RunInstances:0010","NA","UnusedCapacityReservation","false","15000 Mbps","15000 Mbps","NA","Yes",,"NA",,,,,,,,,,,,,,"Compute Optimized","ZNKTF7FDG38AYTFG","Yes","Yes","Yes","OnDemand","96",,"NA","Intel AVX; Intel AVX2; Intel AVX512; Intel Turbo; Intel AMX",,"eu-west-3",,"Amazon Elastic Compute Cloud",,,,"true"
"JM5VHW47V2JKXZBW","JRTCKXETXF","JM5VHW47V2JKXZBW.JRTCKXETXF.6YS6EN2CT7","OnDemand","$0.00 per Dedicated Reservation Linux with SQL Web c7i.12xlarge Instance Hour","2026-10-01","0","Inf","Hrs","0.0000000000","USD",,,,,"Compute Instance","AmazonEC2","EU (Paris)","AWS Region","c7i.12xlarge","Yes","Compute optimized","48","Intel Xeon Scalable (Sapphire Rapids)","3.2 GHz","96 GiB","EBS only","18750 Megabit","64-bit",,,,,,,,"Dedicated","Linux","No License required",,,,"EUW3-DedicatedRes:c7i.12xlarge","RunInstances:0200","NA","AllocatedCapacityReservation","false","15000 Mbps","15000 Mbps","NA","Yes",,"NA",,,,,,,,,,,,,,"Compute Optimized","9FVEB9KJSPQAMARP","Yes","Yes","Yes","OnDemand","96",,"SQL Web","Intel AVX; Intel AVX2; Intel AVX512; Intel Turbo; Intel AMX",,"eu-west-3",,"Amazon Elastic Compute Cloud",,,,"true"
"JUF3DSWKXH5ZNVMT","JRTCKXETXF","JUF3DSWKXH5ZNVMT.JRTCKXETXF.6YS6EN2CT7","OnDemand","$3.8748 per On Demand RHEL with SQL Web c7i.12xlarge Instance Hour","2026-10-01","0","Inf","Hrs","3.8748000000","USD",,,,,"Compute Instance","AmazonEC2","EU (Paris)","AWS Region","c7i.12xlarge","Yes","Compute optimized","48","Intel Xeon Scalable (Sapphire Rapids)","3.2 GHz","96 GiB","EBS only","18750 Megabit","64-bit",,,,,,,,"Shared","RHEL","No License required",,,,"EUW3-BoxUsage:c7i.12xlarge","RunInstances:0210","NA","Used","false","15000 Mbps","15000 Mbps","NA","Yes",,"NA",,,,,,,,,,,,,,"Compute Optimized",,"Yes","Yes","Yes","OnDemand","96",,"SQL Web","Intel AVX; Intel AVX2; Intel AVX512; Intel Turbo; Intel AMX",,"eu-west-3",,"Amazon Elastic Compute Cloud",,,,"true"
"JVWGGF48HAANGUQN","JRTCKXETXF","JVWGGF48HAANGUQN.JRTCKXETXF.6YS6EN2CT7","OnDemand","$5.6916 per Unused Reservation Windows with SQL Web c8i.12xlarge Instance Hour","2026-10-01","0","Inf","Hrs","5.6916000000","USD",,,,,"Compute Instance","AmazonEC2","EU (Paris)","AWS Region","c8i.12xlarge","Yes","Compute optimized","48","Intel Xeon Scalable (Granite Rapids)","3.9 GHz","96 GiB","EBS only","22500 Megabit","64-bit",,,,,,,,"Shared","Windows","No License required",,,,"EUW3-UnusedBox:c8i.12xlarge","RunInstances:0202","NA","UnusedCapacityReservation","false","15000 Mbps","15000 Mbps","NA","Yes",,"NA",,,,,,,,,,,,,,"Compute Optimized","UJUHZ3MV5B2UXDZF","Yes","Yes","Yes","OnDemand","96",,"SQL Web","Intel AVX; Intel AVX2; Intel AVX512; Intel Turbo; Intel AMX",,"eu-west-3",,"Amazon Elastic Compute Cloud",,,,"true"
"JYZQ2V3TRYRAUQMF","JRTCKXETXF","JYZQ2V3TRYRAUQMF.JRTCKXETXF.6YS6EN2CT7","OnDemand","$2.88372 per Dedicated Unused Reservation Ubuntu Pro c7i.12xlarge Instance Hour","2026-10-01","0","Inf","Hrs","2.8837200000","USD",,,,,"Compute Instance","AmazonEC2","EU (Paris)","AWS Region","c7i.12xlarge","Yes","Compute optimized","48","Intel Xeon Scalable (Sapphire Rapids)","3.2 GHz","96 GiB","EBS only","18750 Megabit","64-bit",,,,,,,,"Dedicated","Ubuntu Pro","No License required",,,,"EUW3-UnusedDed:c7i.12xlarge","RunInstances:0g00","NA","UnusedCapacityReservation","false","15000 Mbps","15000 Mbps","NA","Yes",,"NA",,,,,,,,,,,,,,"Compute Optimized","6MDJYGPQGCQP5GFD","Yes","Yes","Yes","OnDemand","96",,"NA","Intel AVX; Intel AVX2; Intel AVX512; Intel Turbo; Intel AMX",,"eu-west-3",,"Amazon Elastic Compute Cloud",,,,"true"
"JZF38K2NJ9D2WZ38","JRTCKXETXF","JZF38K2NJ9D2WZ38.JRTCKXETXF.6YS6EN2CT7","OnDemand","$0.00 per Reservation RHEL with HA and SQL Standard c8i.12xlarge Instance Hour","2026-10-01","0","Inf","Hrs","0.0000000000","USD",,,,,"Compute Instance","AmazonEC2","EU (Paris)","AWS Region","c8i.12xlarge","Yes","Compute optimized","48","Intel Xeon Scalable (Granite Rapids)","3.9 GHz","96 GiB","EBS only","22500 Megabit","64-bit",,,,,,,,"Shared","Red Hat Enterprise Linux with HA","No License required",,,,"EUW3-Reservation:c8i.12xlarge","RunInstances:1014","NA","AllocatedCapacityReservation","false","15000 Mbps","15000 Mbps","NA","Yes",,"NA",,,,,,,,,,,,,,"Compute Optimized","ZRR7H88QCR7WMSKR","Yes","Yes","Yes","OnDemand","96",,"SQL Std","Intel AVX; Intel AVX2; Intel AVX512; Intel Turbo; Intel AMX",,"eu-west-3",,"Amazon Elastic Compute Cloud",,,,"true"
"K2EYKBKT5HR2UACM","JRTCKXETXF","K2EYKBKT5HR2UACM.JRTCKXETXF.6YS6EN2CT7","OnDemand","$0.00 per Reservation RHEL with SQL Web c7i.12xlarge Instance Hour","2026-10-01","0","Inf","Hrs","0.0000000000","USD",,,,,"Compute Instance","AmazonEC2","EU (Paris)","AWS Region","c7i.12xlarge","Yes","Compute optimized","48","Intel Xeon Scalable (Sapphire Rapids)","3.2 GHz","96 GiB","EBS only","18750 Megabit","64-bit",,,,,,,,"Shared","RHEL","No License required",,,,"EUW3-Reservation:c7i.12xlarge","RunInstances:0210","NA","AllocatedCapacityReservation","false","15000 Mbps","15000 Mbps","NA","Yes",,"NA",,,,,,,,,,,,,,"Compute Optimized","JUF3DSWKXH5ZNVMT","Yes","Yes","Yes","OnDemand","96",,"SQL Web","Intel AVX; Intel AVX2; Intel AVX512; Intel Turbo; Intel AMX",,"eu-west-3",,"Amazon Elastic Compute Cloud",,,,"true"
"K2QPQWTR4E2Q6D3U","JRTCKXETXF","K2QPQWTR4E2Q6D3U.JRTCKXETXF.6YS6EN2CT7","OnDemand","$0.00 per Linux with SQL Std c7i.12xlarge Dedicated Host Instance hour","2026-10-01","0","Inf","Hrs","0.0000000000","USD",,,,,"Compute Instance","AmazonEC2","EU (Paris)","AWS Region","c7i.12xlarge","Yes","Compute optimized","48","Intel Xeon Scalable (Sapphire Rapids)","3.2 GHz","96 GiB","EBS only","18750 Megabit","64-bit",,,,,,,,"Host","Linux","No License required",,,,"EUW3-HostBoxUsage:c7i.12xlarge","RunInstances:0004","NA","Used","false","15000 Mbps","15000 Mbps","NA","Yes",,"NA",,,,,,,,,,,,,,"Compute Optimized",,"Yes","Yes","Yes","OnDemand","96",,"SQL Std","Intel AVX; Intel AVX2; Intel AVX512; Intel Turbo; Intel AMX",,"eu-west-3",,"Amazon Elastic Compute Cloud",,,,"true"
"K7BW37MUHSAECS22","JRTCKXETXF","K7BW37MUHSAECS22.JRTCKXETXF.6YS6EN2CT7","OnDemand","$8.69964 per Dedicated Unused Reservation Linux with SQL Std c8i.12xlarge Instance Hour","2026-10-01","0","Inf","Hrs","8.6996400000","USD",,,,,"Compute Instance","AmazonEC2","EU (Paris)","AWS Region","c8i.12xlarge","Yes","Compute optimized","48","Intel Xeon Scalable (Granite Rapids)","3.9 GHz","96 GiB","EBS only","22500 Megabit","64-bit",,,,,,,,"Dedicated","Linux","No License required",,,,"EUW3-UnusedDed:c8i.12xlarge","RunInstances:0004","NA","UnusedCapacityReservation","false","15000 Mbps","15000 Mbps","NA","Yes",,"NA",,,,,,,,,,,,,,"Compute Optimized","NAB3GY44PGXF4PSD","Yes","Yes","Yes","OnDemand","96",,"SQL Std","Intel AVX; Intel AVX2; Intel AVX512; Intel Turbo; Intel AMX",,"eu-west-3",,"Amazon Elastic Compute Cloud",,,,"true"
"K7WGE833RQ5FYGXT","38NPMPTW36","K7WGE833RQ5FYGXT.38NPMPTW36.6YS6EN2CT7","Reserved","Windows with SQL Server Web (Amazon VPC), c7i.12xlarge reserved instance applied","2026-10-08","0","Inf","Hrs","2.0986500000","USD",,"3yr","Partial Upfront","standard","Compute Instance","AmazonEC2","EU (Paris)","AWS Region","c7i.12xlarge","Yes","Compute optimized","48","Intel Xeon Scalable (Sapphire Rapids)","3.2 GHz","96 GiB","EBS only","18750 Megabit","64-bit",,,,,,,,"Dedicated","Windows","No License required",,,,"EUW3-DedicatedUsage:c7i.12xlarge","RunInstances:0202","NA","Used","false","15000 Mbps","15000 Mbps","NA","Yes",,"NA",,,,,,,,,,,,,,"Compute Optimized",,"Yes","Yes","Yes","OnDemand","96",,"SQL Web","Intel AVX; Intel AVX2; Intel AVX512; Intel Turbo; Intel AMX",,"eu-west-3",,"Amazon Elastic Compute Cloud",,,,"true"
"K7WGE833RQ5FYGXT","38NPMPTW36","K7WGE833RQ5FYGXT.38NPMPTW36.2TG2D8R56U","Reserved","Upfront Fee","2026-10-08",,,"Quantity","55152","USD",,"3yr","Partial Upfront","standard","Compute Instance","AmazonEC2","EU (Paris)","AWS Region","c7i.12xlarge","Yes","Compute optimized","48","Intel Xeon Scalable (Sapphire Rapids)","3.2 GHz","96 GiB","EBS only","18750 Megabit","64-bit",,,,,,,,"Dedicated","Windows","No License required",,,,"EUW3-DedicatedUsage:c7i.12xlarge","RunInstances:0202","NA","Used","false","15000 Mbps","15000 Mbps","NA","Yes",,"NA",,,,,,,,,,,,,,"Compute Optimized",,"Yes","Yes","Yes","OnDemand","96",,"SQL Web","Intel AVX; Intel AVX2; Intel AVX512; Intel Turbo; Intel AMX",,"eu-west-3",,"Amazon Elastic Compute Cloud",,,,"true"
"K7WGE833RQ5FYGXT","4NA7Y494T4","K7WGE833RQ5FYGXT.4NA7Y494T4.6YS6EN2CT7","Reserved","Windows with SQL Server Web (Amazon VPC), c7i.12xlarge reserved instance applied","2026-10-08","0","Inf","Hrs","4.8674200000","USD",,"1yr","No Upfront","standard","Compute Instance","AmazonEC2","EU (Paris)","AWS Region","c7i.12xlarge","Yes","Compute optimized","48","Intel Xeon Scalable (Sapphire Rapids)","3.2 GHz","96 GiB","EBS only","18750 Megabit","64-bit",,,,,,,,"Dedicated","Windows","No License required",,,,"EUW3-DedicatedUsage:c7i.12xlarge","RunInstances:0202","NA","Used","false","15000 Mbps","15000 Mbps","NA","Yes",,"NA",,,,,,,,,,,,,,"Compute Optimized",,"Yes","Yes","Yes","OnDemand","96",,"SQL Web","Intel AVX; Intel AVX2; Intel AVX512; Intel Turbo; Intel AMX",,"eu-west-3",,"Amazon Elastic Compute Cloud",,,,"true"
"K7WGE833RQ5FYGXT","6QCMYABX3D","K7WGE833RQ5FYGXT.6QCMYABX3D.6YS6EN2CT7","Reserved","USD 0.0 per Windows with SQL Server Web (Amazon VPC), c7i.12xlarge reserved instance applied","2026-10-08","0","Inf","Hrs","0.0000000000","USD",,"1yr","All Upfront","standard","Compute Instance","AmazonEC2","EU (Paris)","AWS Region","c7i.12xlarge","Yes","Compute optimized","48","Intel Xeon Scalable (Sapphire Rapids)","3.2 GHz","96 GiB","EBS only","18750 Megabit","64-bit",,,,,,,,"Dedicated","Windows","No License required",,,,"EUW3-DedicatedUsage:c7i.12xlarge","RunInstances:0202","NA","Used","false","15000 Mbps","15000 Mbps","NA","Yes",,"NA",,,,,,,,,,,,,,"Compute Optimized",,"Yes","Yes","Yes","OnDemand","96",,"SQL Web","Intel AVX; Intel AVX2; Intel AVX512; Intel Turbo; Intel AMX",,"eu-west-3",,"Amazon Elastic Compute Cloud",,,,"true"
"K7WGE833RQ5FYGXT","6QCMYABX3D","K7WGE833RQ5FYGXT.6QCMYABX3D.2TG2D8R56U","Reserved","Upfront Fee","2026-10-08",,,"Quantity","41559","USD",,"1yr","All Upfront","standard","Compute Instance","AmazonEC2","EU (Paris)","AWS Region","c7i.12xlarge","Yes","Compute optimized","48","Intel Xeon Scalable (Sapphire Rapids)","3.2 GHz","96 GiB","EBS only","18750 Megabit","64-bit",,,,,,,,"Dedicated","Windows","No License required",,,,"EUW3-DedicatedUsage:c7i.12xlarge","RunInstances:0202","NA","Used","false","15000 Mbps","15000 Mbps","NA","Yes",,"NA",,,,,,,,,,,,,,"Compute Optimized",,"Yes","Yes","Yes","OnDemand","96",,"SQL Web","Intel AVX; Intel AVX2; Intel AVX512; Intel Turbo; Intel AMX",,"eu-west-3",,"Amazon Elastic Compute Cloud",,,,"true"
"K7WGE833RQ5FYGXT","7NE97W5U4E","K7WGE833RQ5FYGXT.7NE97W5U4E.6YS6EN2CT7","Reserved","Windows with SQL Server Web (Amazon VPC), c7i.12xlarge reserved instance applied","2026-10-08","0","Inf","Hrs","5.1526600000","USD",,"1yr","No Upfront","convertible","Compute Instance","AmazonEC2","EU (Paris)","AWS Region","c7i.12xlarge","Yes","Compute optimized","48","Intel Xeon Scalable (Sapphire Rapids)","3.2 GHz","96 GiB","EBS only","18750 Megabit","64-bit",,,,,,,,"Dedicated","Windows","No License required",,,,"EUW3-DedicatedUsage:c7i.12xlarge","RunInstances:0202","NA","Used","false","15000 Mbps","15000 Mbps","NA","Yes",,"NA",,,,,,,,,,,,,,"Compute Optimized",,"Yes","Yes","Yes","OnDemand","96",,"SQL Web","Intel AVX; Intel AVX2; Intel AVX512; Intel Turbo; Intel AMX",,"eu-west-3",,"Amazon Elastic Compute Cloud",,,,"true"
"K7WGE833RQ5FYGXT","BPH4J8HBKS","K7WGE833RQ5FYGXT.BPH4J8HBKS.6YS6EN2CT7","Reserved","Windows with SQL Server Web (Amazon VPC), c7i.12xlarge reserved instance applied","2026-10-08","0","Inf","Hrs","4.2915400000","USD",,"3yr","No Upfront","standard","Compute Instance","AmazonEC2","EU (Paris)","AWS Region","c7i.12xlarge","Yes","Compute optimized","48","Intel Xeon Scalable (Sapphire Rapids)","3.2 GHz","96 GiB","EBS only","18750 Megabit","64-bit",,,,,,,,"Dedicated","Windows","No License required",,,,"EUW3-DedicatedUsage:c7i.12xlarge","RunInstances:0202","NA","Used","false","15000 Mbps","15000 Mbps","NA","Yes",,"NA",,,,,,,,,,,,,,"Compute Optimized",,"Yes","Yes","Yes","OnDemand","96",,"SQL Web","Intel AVX; Intel AVX2; Intel AVX512; Intel Turbo; Intel AMX",,"eu-west-3",,"Amazon Elastic Compute Cloud",,,,"true"
"K7WGE833RQ5FYGXT","CUZHX8X6JH","K7WGE833RQ5FYGXT.CUZHX8X6JH.6YS6EN2CT7","Reserved","Windows with SQL Server Web (Amazon VPC), c7i.12xlarge reserved instance applied","2026-10-08","0","Inf","Hrs","2.5255300000","USD",,"1yr","Partial Upfront","convertible","Compute Instance","AmazonEC2","EU (Paris)","AWS Region","c7i.12xlarge","Yes","Compute optimized","48","Intel Xeon Scalable (Sapphire Rapids)","3.2 GHz","96 GiB","EBS only","18750 Megabit","64-bit",,,,,,,,"Dedicated","Windows","No License required",,,,"EUW3-DedicatedUsage:c7i.12xlarge","RunInstances:0202","NA","Used","false","15000 Mbps","15000 Mbps","NA","Yes",,"NA",,,,,,,,,,,,,,"Compute Optimized",,"Yes","Yes","Yes","OnDemand","96",,"SQL Web","Intel AVX; Intel AVX2; Intel AVX512; Intel Turbo; Intel AMX",,"eu-west-3",,"Amazon Elastic Compute Cloud",,,,"true"
"K7WGE833RQ5FYGXT","CUZHX8X6JH","K7WGE833RQ5FYGXT.CUZHX8X6JH.2TG2D8R56U","Reserved","Upfront Fee","2026-10-08",,,"Quantity","22124","USD",,"1yr","Partial Upfront","convertible","Compute Instance","AmazonEC2","EU (Paris)","AWS Region","c7i.12xlarge","Yes","Compute optimized","48","Intel Xeon Scalable (Sapphire Rapids)","3.2 GHz","96 GiB","EBS only","18750 Megabit","64-bit",,,,,,,,"Dedicated","Windows","No License required",,,,"EUW3-DedicatedUsage:c7i.12xlarge","RunInstances:0202","NA","Used","false","15000 Mbps","15000 Mbps","NA","Yes",,"NA",,,,,,,,,,,,,,"Compute Optimized",,"Yes","Yes","Yes","OnDemand","96",,"SQL Web","Intel AVX; Intel AVX2; Intel AVX512; Intel Turbo; Intel AMX",,"eu-west-3",,"Amazon Elastic Compute Cloud",,,,"true"
"K7WGE833RQ5FYGXT","HU7G6KETJZ","K7WGE833RQ5FYGXT.HU7G6KETJZ.6YS6EN2CT7","Reserved","Windows with SQL Server Web (Amazon VPC), c7i.12xlarge reserved instance applied","2026-10-08","0","Inf","Hrs","2.3897100000","USD",,"1yr","Partial Upfront","standard","Compute Instance","AmazonEC2","EU (Paris)","AWS Region","c7i.12xlarge","Yes","Compute optimized","48","Intel Xeon Scalable (Sapphire Rapids)","3.2 GHz","96 GiB","EBS only","18750 Megabit","64-bit",,,,,,,,"Dedicated","Windows","No License required",,,,"EUW3-DedicatedUsage:c7i.12xlarge","RunInstances:0202","NA","Used","false","15000 Mbps","15000 Mbps","NA","Yes",,"NA",,,,,,,,,,,,,,"Compute Optimized",,"Yes","Yes","Yes","OnDemand","96",,"SQL Web","Intel AVX; Intel AVX2; Intel AVX512; Intel Turbo; Intel AMX",,"eu-west-3",,"Amazon Elastic Compute Cloud",,,,"true"
"K7WGE833RQ5FYGXT","HU7G6KETJZ","K7WGE833RQ5FYGXT.HU7G6KETJZ.2TG2D8R56U","Reserved","Upfront Fee","2026-10-08",,,"Quantity","20934","USD",,"1yr","Partial Upfront","standard","Compute Instance","AmazonEC2","EU (Paris)","AWS Region","c7i.12xlarge","Yes","Compute optimized","48","Intel Xeon Scalable (Sapphire Rapids)","3.2 GHz","96 GiB","EBS only","18750 Megabit","64-bit",,,,,,,,"Dedicated","Windows","No License required",,,,"EUW3-DedicatedUsage:c7i.12xlarge","RunInstances:0202","NA","Used","false","15000 Mbps","15000 Mbps","NA","Yes",,"NA",,,,,,,,,,,,,,"Compute Optimized",,"Yes","Yes","Yes","OnDemand","96",,"SQL Web","Intel AVX; Intel AVX2; Intel AVX512; Intel Turbo; Intel AMX",,"eu-west-3",,"Amazon Elastic Compute Cloud",,,,"true"
"K7WGE833RQ5FYGXT","JRTCKXETXF","K7WGE833RQ5FYGXT.JRTCKXETXF.6YS6EN2CT7","OnDemand","$5.81892 per Dedicated Windows with SQL Web c7i.12xlarge Instance Hour","2026-10-01","0","Inf","Hrs","5.8189200000","USD",,,,,"Compute Instance","AmazonEC2","EU (Paris)","AWS Region","c7i.12xlarge","Yes","Compute optimized","48","Intel Xeon Scalable (Sapphire Rapids)","3.2 GHz","96 GiB","EBS only","18750 Megabit","64-bit",,,,,,,,"Dedicated","Windows","No License required",,,,"EUW3-DedicatedUsage:c7i.12xlarge","RunInstances:0202","NA","Used","false","15000 Mbps","15000 Mbps","NA","Yes",,"NA",,,,,,,,,,,,,,"Compute Optimized",,"Yes","Yes","Yes","OnDemand","96",,"SQL Web","Intel AVX; Intel AVX2; Intel AVX512; Intel Turbo; Intel AMX",,"eu-west-3",,"Amazon Elastic Compute Cloud",,,,"true"
"K7WGE833RQ5FYGXT","MZU6U2429S","K7WGE833RQ5FYGXT.MZU6U2429S.6YS6EN2CT7","Reserved","USD 0.0 per Windows with SQL Server Web (Amazon VPC), c7i.12xlarge reserved instance applied","2026-10-08","0","Inf","Hrs","0.0000000000","USD",,"3yr","All Upfront","convertible","Compute Instance","AmazonEC2","EU (Paris)","AWS Region","c7i.12xlarge","Yes","Compute optimized","48","Intel Xeon Scalable (Sapphire Rapids)","3.2 GHz","96 GiB","EBS only","18750 Megabit","64-bit",,,,,,,,"Dedicated","Windows","No License required",,,,"EUW3-DedicatedUsage:c7i.12xlarge","RunInstances:0202","NA","Used","false","15000 Mbps","15000 Mbps","NA","Yes",,"NA",,,,,,,,,,,,,,"Compute Optimized",,"Yes","Yes","Yes","OnDemand","96",,"SQL Web","Intel AVX; Intel AVX2; Intel AVX512; Intel Turbo; Intel AMX",,"eu-west-3",,"Amazon Elastic Compute Cloud",,,,"true"
"K7WGE833RQ5FYGXT","MZU6U2429S","K7WGE833RQ5FYGXT.MZU6U2429S.2TG2D8R56U","Reserved","Upfront Fee","2026-10-08",,,"Quantity","114184","USD",,"3yr","All Upfront","convertible","Compute Instance","AmazonEC2","EU (Paris)","AWS Region","c7i.12xlarge","Yes","Compute optimized","48","Intel Xeon Scalable (Sapphire Rapids)","3.2 GHz","96 GiB","EBS only","18750 Megabit","64-bit",,,,,,,,"Dedicated","Windows","No License required",,,,"EUW3-DedicatedUsage:c7i.12xlarge","RunInstances:0202","NA","Used","false","15000 Mbps","15000 Mbps","NA","Yes",,"NA",,,,,,,,,,,,,,"Compute Optimized",,"Yes","Yes","Yes","OnDemand","96",,"SQL Web","Intel AVX; Intel AVX2; Intel AVX512; Intel Turbo; Intel AMX",,"eu-west-3",,"Amazon Elastic Compute Cloud",,,,"true"
"K7WGE833RQ5FYGXT","NQ3QZPMQV9","K7WGE833RQ5FYGXT.NQ3QZPMQV9.6YS6EN2CT7","Reserved","USD 0.0 per Windows with SQL Server Web (Amazon VPC), c7i.12xlarge reserved instance applied","2026-10-08","0","Inf","Hrs","0.0000000000","USD",,"3yr","All Upfront","standard","Compute Instance","AmazonEC2","EU (Paris)","AWS Region","c7i.12xlarge","Yes","Compute optimized","48","Intel Xeon Scalable (Sapphire Rapids)","3.2 GHz","96 GiB","EBS only","18750 Megabit","64-bit",,,,,,,,"Dedicated","Windows","No License required",,,,"EUW3-DedicatedUsage:c7i.12xlarge","RunInstances:0202","NA","Used","false","15000 Mbps","15000 Mbps","NA","Yes",,"NA",,,,,,,,,,,,,,"Compute Optimized",,"Yes","Yes","Yes","OnDemand","96",,"SQL Web","Intel AVX; Intel AVX2; Intel AVX512; Intel Turbo; Intel AMX",,"eu-west-3",,"Amazon Elastic Compute Cloud",,,,"true"
"K7WGE833RQ5FYGXT","NQ3QZPMQV9","K7WGE833RQ5FYGXT.NQ3QZPMQV9.2TG2D8R56U","Reserved","Upfront Fee","2026-10-08",,,"Quantity","108447","USD",,"3yr","All Upfront","standard","Compute Instance","AmazonEC2","EU (Paris)","AWS Region","c7i.12xlarge","Yes","Compute optimized","48","Intel Xeon Scalable (Sapphire Rapids)","3.2 GHz","96 GiB","EBS only","18750 Megabit","64-bit",,,,,,,,"Dedicated","Windows","No License required",,,,"EUW3-DedicatedUsage:c7i.12xlarge","RunInstances:0202","NA","Used","false","15000 Mbps","15000 Mbps","NA","Yes",,"NA",,,,,,,,,,,,,,"Compute Optimized",,"Yes","Yes","Yes","OnDemand","96",,"SQL Web","Intel AVX; Intel AVX2; Intel AVX512; Intel Turbo; Intel AMX",,"eu-west-3",,"Amazon Elastic Compute Cloud",,,,"true"
"K7WGE833RQ5FYGXT","R5XV2EPZQZ","K7WGE833RQ5FYGXT.R5XV2EPZQZ.6YS6EN2CT7","Reserved","Windows with SQL Server Web (Amazon VPC), c7i.12xlarge reserved instance applied","2026-10-08","0","Inf","Hrs","2.1859700000","USD",,"3yr","Partial Upfront","convertible","Compute Instance","AmazonEC2","EU (Paris)","AWS Region","c7i.12xlarge","Yes","Compute optimized","48","Intel Xeon Scalable (Sapphire Rapids)","3.2 GHz","96 GiB","EBS only","18750 Megabit","64-bit",,,,,,,,"Dedicated","Windows","No License required",,,,"EUW3-DedicatedUsage:c7i.12xlarge","RunInstances:0202","NA","Used","false","15000 Mbps","15000 Mbps","NA","Yes",,"NA",,,,,,,,,,,,,,"Compute Optimized",,"Yes","Yes","Yes","OnDemand","96",,"SQL Web","Intel AVX; Intel AVX2; Intel AVX512; Intel Turbo; Intel AMX",,"eu-west-3",,"Amazon Elastic Compute Cloud",,,,"true"
"K7WGE833RQ5FYGXT","R5XV2EPZQZ","K7WGE833RQ5FYGXT.R5XV2EPZQZ.2TG2D8R56U","Reserved","Upfront Fee","2026-10-08",,,"Quantity","57447","USD",,"3yr","Partial Upfront","convertible","Compute Instance","AmazonEC2","EU (Paris)","AWS Region","c7i.12xlarge","Yes","Compute optimized","48","Intel Xeon Scalable (Sapphire Rapids)","3.2 GHz","96 GiB","EBS only","18750 Megabit","64-bit",,,,,,,,"Dedicated","Windows","No License required",,,,"EUW3-DedicatedUsage:c7i.12xlarge","RunInstances:0202","NA","Used","false","15000 Mbps","15000 Mbps","NA","Yes",,"NA",,,,,,,,,,,,,,"Compute Optimized",,"Yes","Yes","Yes","OnDemand","96",,"SQL Web","Intel AVX; Intel AVX2; Intel AVX512; Intel Turbo; Intel AMX",,"eu-west-3",,"Amazon Elastic Compute Cloud",,,,"true"
"K7WGE833RQ5FYGXT","VJWZNREJX2","K7WGE833RQ5FYGXT.VJWZNREJX2.6YS6EN2CT7","Reserved","USD 0.0 per Windows with SQL Server Web (Amazon VPC), c7i.12xlarge reserved instance applied","2026-10-08","0","Inf","Hrs","0.0000000000","USD",,"1yr","All Upfront","convertible","Compute Instance","AmazonEC2","EU (Paris)","AWS Region","c7i.12xlarge","Yes","Compute optimized","48","Intel Xeon Scalable (Sapphire Rapids)","3.2 GHz","96 GiB","EBS only","18750 Megabit","64-bit",,,,,,,,"Dedicated","Windows","No License required",,,,"EUW3-DedicatedUsage:c7i.12xlarge","RunInstances:0202","NA","Used","false","15000 Mbps","15000 Mbps","NA","Yes",,"NA",,,,,,,,,,,,,,"Compute Optimized",,"Yes","Yes","Yes","OnDemand","96",,"SQL Web","Intel AVX; Intel AVX2; Intel AVX512; Intel Turbo; Intel AMX",,"eu-west-3",,"Amazon Elastic Compute Cloud",,,,"true"
"K7WGE833RQ5FYGXT","VJWZNREJX2","K7WGE833RQ5FYGXT.VJWZNREJX2.2TG2D8R56U","Reserved","Upfront Fee","2026-10-08",,,"Quantity","43891","USD",,"1yr","All Upfront","convertible","Compute Instance","AmazonEC2","EU (Paris)","AWS Region","c7i.12xlarge","Yes","Compute optimized","48","Intel Xeon Scalable (Sapphire Rapids)","3.2 GHz","96 GiB","EBS only","18750 Megabit","64-bit",,,,,,,,"Dedicated","Windows","No License required",,,,"EUW3-DedicatedUsage:c7i.12xlarge","RunInstances:0202","NA","Used","false","15000 Mbps","15000 Mbps","NA","Yes",,"NA",,,,,,,,,,,,,,"Compute Optimized",,"Yes","Yes","Yes","OnDemand","96",,"SQL Web","Intel AVX; Intel AVX2; Intel AVX512; Intel Turbo; Intel AMX",,"eu-west-3",,"Amazon Elastic Compute Cloud",,,,"true"
"K7WGE833RQ5FYGXT","Z2E3P23VKM","K7WGE833RQ5FYGXT.Z2E3P23VKM.6YS6EN2CT7","Reserved","Windows with SQL Server Web (Amazon VPC), c7i.12xlarge reserved instance applied","2026-10-08","0","Inf","Hrs","4.4801600000","USD",,"3yr","No Upfront","convertible","Compute Instance","AmazonEC2","EU (Paris)","AWS Region","c7i.12xlarge","Yes","Compute optimized","48","Intel Xeon Scalable (Sapphire Rapids)","3.2 GHz","96 GiB","EBS only","18750 Megabit","64-bit",,,,,,,,"Dedicated","Windows","No License required",,,,"EUW3-DedicatedUsage:c7i.12xlarge","RunInstances:0202","NA","Used","false","15000 Mbps","15000 Mbps","NA","Yes",,"NA",,,,,,,,,,,,,,"Compute Optimized",,"Yes","Yes","Yes","OnDemand","96",,"SQL Web","Intel AVX; Intel AVX2; Intel AVX512; Intel Turbo; Intel AMX",,"eu-west-3",,"Amazon Elastic Compute Cloud",,,,"true"
"K9XGMHK25RDAYZX9","JRTCKXETXF","K9XGMHK25RDAYZX9.JRTCKXETXF.6YS6EN2CT7","OnDemand","$2.5832 per On Demand RHEL with SQL Web c7i.8xlarge Instance Hour","2026-10-01","0","Inf","Hrs","2.5832000000","USD",,,,,"Compute Instance","AmazonEC2","EU (Paris)","AWS Region","c7i.8xlarge","Yes","Compute optimized","32","Intel Xeon Scalable (Sapphire Rapids)","3.2 GHz","64 GiB","EBS only","12500 Megabit","64-bit",,,,,,,,"Shared","RHEL","No License required",,,,"EUW3-BoxUsage:c7i.8xlarge","RunInstances:0210","NA","Used","false","10000 Mbps","10000 Mbps","NA","Yes",,"NA",,,,,,,,,,,,,,"Compute Optimized",,"Yes","Yes","Yes","OnDemand","64",,"SQL Web","Intel AVX; Intel AVX2; Intel AVX512; Intel Turbo; Intel AMX",,"eu-west-3",,"Amazon Elastic Compute Cloud",,,,"true"
"KD5RXWWBQQB3AN8C","JRTCKXETXF","KD5RXWWBQQB3AN8C.JRTCKXETXF.6YS6EN2CT7","OnDemand","$4.12932 per Dedicated RHEL with SQL Web c7i.12xlarge Instance Hour","2026-10-01","0","Inf","Hrs","4.1293200000","USD",,,,,"Compute Instance","AmazonEC2","EU (Paris)","AWS Region","c7i.12xlarge","Yes","Compute optimized","48","Intel Xeon Scalable (Sapphire Rapids)","3.2 GHz","96 GiB","EBS only","18750 Megabit","64-bit",,,,,,,,"Dedicated","RHEL","No License required",,,,"EUW3-DedicatedUsage:c7i.12xlarge","RunInstances:0210","NA","Used","false","15000 Mbps","15000 Mbps","NA","Yes",,"NA",,,,,,,,,,,,,,"Compute Optimized",,"Yes","Yes","Yes","OnDemand","96",,"SQL Web","Intel AVX; Intel AVX2; Intel AVX512; Intel Turbo; Intel AMX",,"eu-west-3",,"Amazon Elastic Compute Cloud",,,,"true"
"KKC4DXGWSQR5DU45","38NPMPTW36","KKC4DXGWSQR5DU45.38NPMPTW36.6YS6EN2CT7","Reserved","SUSE Linux (Amazon VPC), c7i.8xlarge reserved instance applied","2026-10-08","0","Inf","Hrs","0.3840000000","USD",,"3yr","Partial Upfront","standard","Compute Instance","AmazonEC2","EU (Paris)","AWS Region","c7i.8xlarge","Yes","Compute optimized","32","Intel Xeon Scalable (Sapphire Rapids)","3.2 GHz","64 GiB","EBS only","12500 Megabit","64-bit",,,,,,,,"Shared","SUSE","No License required",,,,"EUW3-BoxUsage:c7i.8xlarge","RunInstances:000g","NA","Used","false","10000 Mbps","10000 Mbps","NA","Yes",,"NA",,,,,,,,,,,,,,"Compute Optimized",,"Yes","Yes","Yes","OnDemand","64",,"NA","Intel AVX; Intel AVX2; Intel AVX512; Intel Turbo; Intel AMX",,"eu-west-3",,"Amazon Elastic Compute Cloud",,,,"true"
"KKC4DXGWSQR5DU45","38NPMPTW36","KKC4DXGWSQR5DU45.38NPMPTW36.2TG2D8R56U","Reserved","Upfront Fee","2026-10-08",,,"Quantity","10091","USD",,"3yr","Partial Upfront","standard","Compute Instance","AmazonEC2","EU (Paris)","AWS Region","c7i.8xlarge","Yes","Compute optimized","32","Intel Xeon Scalable (Sapphire Rapids)","3.2 GHz","64 GiB","EBS only","12500 Megabit","64-bit",,,,,,,,"Shared","SUSE","No License required",,,,"EUW3-BoxUsage:c7i.8xlarge","RunInstances:000g","NA","Used","false","10000 Mbps","10000 Mbps","NA","Yes",,"NA",,,,,,,,,,,,,,"Compute Optimized",,"Yes","Yes","Yes","OnDemand","64",,"NA","Intel AVX; Intel AVX2; Intel AVX512; Intel Turbo; Intel AMX",,"eu-west-3",,"Amazon Elastic Compute Cloud",,,,"true"
"KKC4DXGWSQR5DU45","4NA7Y494T4","KKC4DXGWSQR5DU45.4NA7Y494T4.6YS6EN2CT7","Reserved","SUSE Linux (Amazon VPC), c7i.8xlarge reserved instance applied","2026-10-08","0","Inf","Hrs","1.1800300000","USD",,"1yr","No Upfront","standard","Compute Instance","AmazonEC2","EU (Paris)","AWS Region","c7i.8xlarge","Yes","Compute optimized","32","Intel Xeon Scalable (Sapphire Rapids)","3.2 GHz","64 GiB","EBS only","12500 Megabit","64-bit",,,,,,,,"Shared","SUSE","No License required",,,,"EUW3-BoxUsage:c7i.8xlarge","RunInstances:000g","NA","Used","false","10000 Mbps","10000 Mbps","NA","Yes",,"NA",,,,,,,,,,,,,,"Compute Optimized",,"Yes","Yes","Yes","OnDemand","64",,"NA","Intel AVX; Intel AVX2; Intel AVX512; Intel Turbo; Intel AMX",,"eu-west-3",,"Amazon Elastic Compute Cloud",,,,"true"
"KKC4DXGWSQR5DU45","6QCMYABX3D","KKC4DXGWSQR5DU45.6QCMYABX3D.6YS6EN2CT7","Reserved","USD 0.0 per SUSE Linux (Amazon VPC), c7i.8xlarge reserved instance applied","2026-10-08","0","Inf","Hrs","0.0000000000","USD",,"1yr","All Upfront","standard","Compute Instance","AmazonEC2","EU (Paris)","AWS Region","c7i.8xlarge","Yes","Compute optimized","32","Intel Xeon Scalable (Sapphire Rapids)","3.2 GHz","64 GiB","EBS only","12500 Megabit","64-bit",,,,,,,,"Shared","SUSE","No License required",,,,"EUW3-BoxUsage:c7i.8xlarge","RunInstances:000g","NA","Used","false","10000 Mbps","10000 Mbps","NA","Yes",,"NA",,,,,,,,,,,,,,"Compute Optimized",,"Yes","Yes","Yes","OnDemand","64",,"NA","Intel AVX; Intel AVX2; Intel AVX512; Intel Turbo; Intel AMX",,"eu-west-3",,"Amazon Elastic Compute Cloud",,,,"true"
"KKC4DXGWSQR5DU45","6QCMYABX3D","KKC4DXGWSQR5DU45.6QCMYABX3D.2TG2D8R56U","Reserved","Upfront Fee","2026-10-08",,,"Quantity","9683","USD",,"1yr","All Upfront","standard","Compute Instance","AmazonEC2","EU (Paris)","AWS Region","c7i.8xlarge","Yes","Compute optimized","32","Intel Xeon Scalable (Sapphire Rapids)","3.2 GHz","64 GiB","EBS only","12500 Megabit","64-bit",,,,,,,,"Shared","SUSE","No License required",,,,"EUW3-BoxUsage:c7i.8xlarge","RunInstances:000g","NA","Used","false","10000 Mbps","10000 Mbps","NA","Yes",,"NA",,,,,,,,,,,,,,"Compute Optimized",,"Yes","Yes","Yes","OnDemand","64",,"NA","Intel AVX; Intel AVX2; Intel AVX512; Intel Turbo; Intel AMX",,"eu-west-3",,"Amazon Elastic Compute Cloud",,,,"true"
"KKC4DXGWSQR5DU45","7NE97W5U4E","KKC4DXGWSQR5DU45.7NE97W5U4E.6YS6EN2CT7","Reserved","SUSE Linux (Amazon VPC), c7i.8xlarge reserved instance applied","2026-10-08","0","Inf","Hrs","1.3529100000","USD",,"1yr","No Upfront","convertible","Compute Instance","AmazonEC2","EU (Paris)","AWS Region","c7i.8xlarge","Yes","Compute optimized","32","Intel Xeon Scalable (Sapphire Rapids)","3.2 GHz","64 GiB","EBS only","12500 Megabit","64-bit",,,,,,,,"Shared","SUSE","No License required",,,,"EUW3-BoxUsage:c7i.8xlarge","RunInstances:000g","NA","Used","false","10000 Mbps","10000 Mbps","NA","Yes",,"NA",,,,,,,,,,,,,,"Compute Optimized",,"Yes","Yes","Yes","OnDemand","64",,"NA","Intel AVX; Intel AVX2; Intel AVX512; Intel Turbo; Intel AMX",,"eu-west-3",,"Amazon Elastic Compute Cloud",,,,"true"
"KKC4DXGWSQR5DU45","BPH4J8HBKS","KKC4DXGWSQR5DU45.BPH4J8HBKS.6YS6EN2CT7","Reserved","SUSE Linux (Amazon VPC), c7i.8xlarge reserved instance applied","2026-10-08","0","Inf","Hrs","0.8251200000","USD",,"3yr","No Upfront","standard","Compute Instance","AmazonEC2","EU (Paris)","AWS Region","c7i.8xlarge","Yes","Compute optimized","32","Intel Xeon Scalable (Sapphire Rapids)","3.2 GHz","64 GiB","EBS only","12500 Megabit","64-bit",,,,,,,,"Shared","SUSE","No License required",,,,"EUW3-BoxUsage:c7i.8xlarge","RunInstances:000g","NA","Used","false","10000 Mbps","10000 Mbps","NA","Yes",,"NA",,,,,,,,,,,,,,"Compute Optimized",,"Yes","Yes","Yes","OnDemand","64",,"NA","Intel AVX; Intel AVX2; Intel AVX512; Intel Turbo; Intel AMX",,"eu-west-3",,"Amazon Elastic Compute Cloud",,,,"true"
"KKC4DXGWSQR5DU45","CUZHX8X6JH","KKC4DXGWSQR5DU45.CUZHX8X6JH.6YS6EN2CT7","Reserved","SUSE Linux (Amazon VPC), c7i.8xlarge reserved instance applied","2026-10-08","0","Inf","Hrs","0.6456700000","USD",,"1yr","Partial Upfront","convertible","Compute Instance","AmazonEC2","EU (Paris)","AWS Region","c7i.8xlarge","Yes","Compute optimized","32","Intel Xeon Scalable (Sapphire Rapids)","3.2 GHz","64 GiB","EBS only","12500 Megabit","64-bit",,,,,,,,"Shared","SUSE","No License required",,,,"EUW3-BoxUsage:c7i.8xlarge","RunInstances:000g","NA","Used","false","10000 Mbps","10000 Mbps","NA","Yes",,"NA",,,,,,,,,,,,,,"Compute Optimized",,"Yes","Yes","Yes","OnDemand","64",,"NA","Intel AVX; Intel AVX2; Intel AVX512; Intel Turbo; Intel AMX",,"eu-west-3",,"Amazon Elastic Compute Cloud",,,,"true"
"KKC4DXGWSQR5DU45","CUZHX8X6JH","KKC4DXGWSQR5DU45.CUZHX8X6JH.2TG2D8R56U","Reserved","Upfront Fee","2026-10-08",,,"Quantity","5656","USD",,"1yr","Partial Upfront","convertible","Compute Instance","AmazonEC2","EU (Paris)","AWS Region","c7i.8xlarge","Yes","Compute optimized","32","Intel Xeon Scalable (Sapphire Rapids)","3.2 GHz","64 GiB","EBS only","12500 Megabit","64-bit",,,,,,,,"Shared","SUSE","No License required",,,,"EUW3-BoxUsage:c7i.8xlarge","RunInstances:000g","NA","Used","false","10000 Mbps","10000 Mbps","NA","Yes",,"NA",,,,,,,,,,,,,,"Compute Optimized",,"Yes","Yes","Yes","OnDemand","64",,"NA","Intel AVX; Intel AVX2; Intel AVX512; Intel Turbo; Intel AMX",,"eu-west-3",,"Amazon Elastic Compute Cloud",,,,"true"
"KKC4DXGWSQR5DU45","HU7G6KETJZ","KKC4DXGWSQR5DU45.HU7G6KETJZ.6YS6EN2CT7","Reserved","SUSE Linux (Amazon VPC), c7i.8xlarge reserved instance applied","2026-10-08","0","Inf","Hrs","0.5633500000","USD",,"1yr","Partial Upfront","standard","Compute Instance","AmazonEC2","EU (Paris)","AWS Region","c7i.8xlarge","Yes","Compute optimized","32","Intel Xeon Scalable (Sapphire Rapids)","3.2 GHz","64 GiB","EBS only","12500 Megabit","64-bit",,,,,,,,"Shared","SUSE","No License required",,,,"EUW3-BoxUsage:c7i.8xlarge","RunInstances:000g","NA","Used","false","10000 Mbps","10000 Mbps","NA","Yes",,"NA",,,,,,,,,,,,,,"Compute Optimized",,"Yes","Yes","Yes","OnDemand","64",,"NA","Intel AVX; Intel AVX2; Intel AVX512; Intel Turbo; Intel AMX",,"eu-west-3",,"Amazon Elastic Compute Cloud",,,,"true"
"KKC4DXGWSQR5DU45","HU7G6KETJZ","KKC4DXGWSQR5DU45.HU7G6KETJZ.2TG2D8R56U","Reserved","Upfront Fee","2026-10-08",,,"Quantity","4935","USD",,"1yr","Partial Upfront","standard","Compute Instance","AmazonEC2","EU (Paris)","AWS Region","c7i.8xlarge","Yes","Compute optimized","32","Intel Xeon Scalable (Sapphire Rapids)","3.2 GHz","64 GiB","EBS only","12500 Megabit","64-bit",,,,,,,,"Shared","SUSE","No License required",,,,"EUW3-BoxUsage:c7i.8xlarge","RunInstances:000g","NA","Used","false","10000 Mbps","10000 Mbps","NA","Yes",,"NA",,,,,,,,,,,,,,"Compute Optimized",,"Yes","Yes","Yes","OnDemand","64",,"NA","Intel AVX; Intel AVX2; Intel AVX512; Intel Turbo; Intel AMX",,"eu-west-3",,"Amazon Elastic Compute Cloud",,,,"true"
"KKC4DXGWSQR5DU45","JRTCKXETXF","KKC4DXGWSQR5DU45.JRTCKXETXF.6YS6EN2CT7","OnDemand","$1.8218 per On Demand SUSE c7i.8xlarge Instance Hour","2026-10-01","0","Inf","Hrs","1.8218000000","USD",,,,,"Compute Instance","AmazonEC2","EU (Paris)","AWS Region","c7i.8xlarge","Yes","Compute optimized","32","Intel Xeon Scalable (Sapphire Rapids)","3.2 GHz","64 GiB","EBS only","12500 Megabit","64-bit",,,,,,,,"Shared","SUSE","No License required",,,,"EUW3-BoxUsage:c7i.8xlarge","RunInstances:000g","NA","Used","false","10000 Mbps","10000 Mbps","NA","Yes",,"NA",,,,,,,,,,,,,,"Compute Optimized",,"Yes","Yes","Yes","OnDemand","64",,"NA","Intel AVX; Intel AVX2; Intel AVX512; Intel Turbo; Intel AMX",,"eu-west-3",,"Amazon Elastic Compute Cloud",,,,"true"
"KKC4DXGWSQR5DU45","MZU6U2429S","KKC4DXGWSQR5DU45.MZU6U2429S.6YS6EN2CT7","Reserved","USD 0.0 per SUSE Linux (Amazon VPC), c7i.8xlarge reserved instance applied","2026-10-08","0","Inf","Hrs","0.0000000000","USD",,"3yr","All Upfront","convertible","Compute Instance","AmazonEC2","EU (Paris)","AWS Region","c7i.8xlarge","Yes","Compute optimized","32","Intel Xeon Scalable (Sapphire Rapids)","3.2 GHz","64 GiB","EBS only","12500 Megabit","64-bit",,,,,,,,"Shared","SUSE","No License required",,,,"EUW3-BoxUsage:c7i.8xlarge","RunInstances:000g","NA","Used","false","10000 Mbps","10000 Mbps","NA","Yes",,"NA",,,,,,,,,,,,,,"Compute Optimized",,"Yes","Yes","Yes","OnDemand","64",,"NA","Intel AVX; Intel AVX2; Intel AVX512; Intel Turbo; Intel AMX",,"eu-west-3",,"Amazon Elastic Compute Cloud",,,,"true"
"KKC4DXGWSQR5DU45","MZU6U2429S","KKC4DXGWSQR5DU45.MZU6U2429S.2TG2D8R56U","Reserved","Upfront Fee","2026-10-08",,,"Quantity","22534","USD",,"3yr","All Upfront","convertible","Compute Instance","AmazonEC2","EU (Paris)","AWS Region","c7i.8xlarge","Yes","Compute optimized","32","Intel Xeon Scalable (Sapphire Rapids)","3.2 GHz","64 GiB","EBS only","12500 Megabit","64-bit",,,,,,,,"Shared","SUSE","No License required",,,,"EUW3-BoxUsage:c7i.8xlarge","RunInstances:000g","NA","Used","false","10000 Mbps","10000 Mbps","NA","Yes",,"NA",,,,,,,,,,,,,,"Compute Optimized",,"Yes","Yes","Yes","OnDemand","64",,"NA","Intel AVX; Intel AVX2; Intel AVX512; Intel Turbo; Intel AMX",,"eu-west-3",,"Amazon Elastic Compute Cloud",,,,"true"
"KKC4DXGWSQR5DU45","NQ3QZPMQV9","KKC4DXGWSQR5DU45.NQ3QZPMQV9.6YS6EN2CT7","Reserved","USD 0.0 per SUSE Linux (Amazon VPC), c7i.8xlarge reserved instance applied","2026-10-08","0","Inf","Hrs","0.0000000000","USD",,"3yr","All Upfront","standard","Compute Instance","AmazonEC2","EU (Paris)","AWS Region","c7i.8xlarge","Yes","Compute optimized","32","Intel Xeon Scalable (Sapphire Rapids)","3.2 GHz","64 GiB","EBS only","12500 Megabit","64-bit",,,,,,,,"Shared","SUSE","No License required",,,,"EUW3-BoxUsage:c7i.8xlarge","RunInstances:000g","NA","Used","false","10000 Mbps","10000 Mbps","NA","Yes",,"NA",,,,,,,,,,,,,,"Compute Optimized",,"Yes","Yes","Yes","OnDemand","64",,"NA","Intel AVX; Intel AVX2; Intel AVX512; Intel Turbo; Intel AMX",,"eu-west-3",,"Amazon Elastic Compute Cloud",,,,"true"
"KKC4DXGWSQR5DU45","NQ3QZPMQV9","KKC4DXGWSQR5DU45.NQ3QZPMQV9.2TG2D8R56U","Reserved","Upfront Fee","2026-10-08",,,"Quantity","19057","USD",,"3yr","All Upfront","standard","Compute Instance","AmazonEC2","EU (Paris)","AWS Region","c7i.8xlarge","Yes","Compute optimized","32","Intel Xeon Scalable (Sapphire Rapids)","3.2 GHz","64 GiB","EBS only","12500 Megabit","64-bit",,,,,,,,"Shared","SUSE","No License required",,,,"EUW3-BoxUsage:c7i.8xlarge","RunInstances:000g","NA","Used","false","10000 Mbps","10000 Mbps","NA","Yes",,"NA",,,,,,,,,,,,,,"Compute Optimized",,"Yes","Yes","Yes","OnDemand","64",,"NA","Intel AVX; Intel AVX2; Intel AVX512; Intel Turbo; Intel AMX",,"eu-west-3",,"Amazon Elastic Compute Cloud",,,,"true"
"KKC4DXGWSQR5DU45","R5XV2EPZQZ","KKC4DXGWSQR5DU45.R5XV2EPZQZ.6YS6EN2CT7","Reserved","SUSE Linux (Amazon VPC), c7i.8xlarge reserved instance applied","2026-10-08","0","Inf","Hrs","0.4369200000","USD",,"3yr","Partial Upfront","convertible","Compute Instance","AmazonEC2","EU (Paris)","AWS Region","c7i.8xlarge","Yes","Compute optimized","32","Intel Xeon Scalable (Sapphire Rapids)","3.2 GHz","64 GiB","EBS only","12500 Megabit","64-bit",,,,,,,,"Shared","SUSE","No License required",,,,"EUW3-BoxUsage:c7i.8xlarge","RunInstances:000g","NA","Used","false","10000 Mbps","10000 Mbps","NA","Yes",,"NA",,,,,,,,,,,,,,"Compute Optimized",,"Yes","Yes","Yes","OnDemand","64",,"NA","Intel AVX; Intel AVX2; Intel AVX512; Intel Turbo; Intel AMX",,"eu-west-3",,"Amazon Elastic Compute Cloud",,,,"true"
"KKC4DXGWSQR5DU45","R5XV2EPZQZ","KKC4DXGWSQR5DU45.R5XV2EPZQZ.2TG2D8R56U","Reserved","Upfront Fee","2026-10-08",,,"Quantity","11482","USD",,"3yr","Partial Upfront","convertible","Compute Instance","AmazonEC2","EU (Paris)","AWS Region","c7i.8xlarge","Yes","Compute optimized","32","Intel Xeon Scalable (Sapphire Rapids)","3.2 GHz","64 GiB","EBS only","12500 Megabit","64-bit",,,,,,,,"Shared","SUSE","No License required",,,,"EUW3-BoxUsage:c7i.8xlarge","RunInstances:000g","NA","Used","false","10000 Mbps","10000 Mbps","NA","Yes",,"NA",,,,,,,,,,,,,,"Compute Optimized",,"Yes","Yes","Yes","OnDemand","64",,"NA","Intel AVX; Intel AVX2; Intel AVX512; Intel Turbo; Intel AMX",,"eu-west-3",,"Amazon Elastic Compute Cloud",,,,"true"
"KKC4DXGWSQR5DU45","VJWZNREJX2","KKC4DXGWSQR5DU45.VJWZNREJX2.6YS6EN2CT7","Reserved","USD 0.0 per SUSE Linux (Amazon VPC), c7i.8xlarge reserved instance applied","2026-10-08","0","Inf","Hrs","0.0000000000","USD",,"1yr","All Upfront","convertible","Compute Instance","AmazonEC2","EU (Paris)","AWS Region","c7i.8xlarge","Yes","Compute optimized","32","Intel Xeon Scalable (Sapphire Rapids)","3.2 GHz","64 GiB","EBS only","12500 Megabit","64-bit",,,,,,,,"Shared","SUSE","No License required",,,,"EUW3-BoxUsage:c7i.8xlarge","RunInstances:000g","NA","Used","false","10000 Mbps","10000 Mbps","NA","Yes",,"NA",,,,,,,,,,,,,,"Compute Optimized",,"Yes","Yes","Yes","OnDemand","64",,"NA","Intel AVX; Intel AVX2; Intel AVX512; Intel Turbo; Intel AMX",,"eu-west-3",,"Amazon Elastic Compute Cloud",,,,"true"
"KKC4DXGWSQR5DU45","VJWZNREJX2","KKC4DXGWSQR5DU45.VJWZNREJX2.2TG2D8R56U","Reserved","Upfront Fee","2026-10-08",,,"Quantity","11096","USD",,"1yr","All Upfront","convertible","Compute Instance","AmazonEC2","EU (Paris)","AWS Region","c7i.8xlarge","Yes","Compute optimized","32","Intel Xeon Scalable (Sapphire Rapids)","3.2 GHz","64 GiB","EBS only","12500 Megabit","64-bit",,,,,,,,"Shared","SUSE","No License required",,,,"EUW3-BoxUsage:c7i.8xlarge","RunInstances:000g","NA","Used","false","10000 Mbps","10000 Mbps","NA","Yes",,"NA",,,,,,,,,,,,,,"Compute Optimized",,"Yes","Yes","Yes","OnDemand","64",,"NA","Intel AVX; Intel AVX2; Intel AVX512; Intel Turbo; Intel AMX",,"eu-west-3",,"Amazon Elastic Compute Cloud",,,,"true"
"KKC4DXGWSQR5DU45","Z2E3P23VKM","KKC4DXGWSQR5DU45.Z2E3P23VKM.6YS6EN2CT7","Reserved","SUSE Linux (Amazon VPC), c7i.8xlarge reserved instance applied","2026-10-08","0","Inf","Hrs","0.9394300000","USD",,"3yr","No Upfront","convertible","Compute Instance","AmazonEC2","EU (Paris)","AWS Region","c7i.8xlarge","Yes","Compute optimized","32","Intel Xeon Scalable (Sapphire Rapids)","3.2 GHz","64 GiB","EBS only","12500 Megabit","64-bit",,,,,,,,"Shared","SUSE","No License required",,,,"EUW3-BoxUsage:c7i.8xlarge","RunInstances:000g","NA","Used","false","10000 Mbps","10000 Mbps","NA","Yes",,"NA",,,,,,,,,,,,,,"Compute Optimized",,"Yes","Yes","Yes","OnDemand","64",,"NA","Intel AVX; Intel AVX2; Intel AVX512; Intel Turbo; Intel AMX",,"eu-west-3",,"Amazon Elastic Compute Cloud",,,,"true"
"KNBNTE5G7HB3A4VS","JRTCKXETXF","KNBNTE5G7HB3A4VS.JRTCKXETXF.6YS6EN2CT7","OnDemand","$2.208 per Windows c7i.12xlarge Dedicated Host Instance hour","2026-10-01","0","Inf","Hrs","2.2080000000","USD",,,,,"Compute Instance","AmazonEC2","EU (Paris)","AWS Region","c7i.12xlarge","Yes","Compute optimized","48","Intel Xeon Scalable (Sapphire Rapids)","3.2 GHz","96 GiB","EBS only","18750 Megabit","64-bit",,,,,,,,"Host","Windows","No License required",,,,"EUW3-HostBoxUsage:c7i.12xlarge","RunInstances:0002","NA","Used","false","15000 Mbps","15000 Mbps","NA","Yes",,"NA",,,,,,,,,,,,,,"Compute Optimized",,"Yes","Yes","Yes","OnDemand","96",,"NA","Intel AVX; Intel AVX2; Intel AVX512; Intel Turbo; Intel AMX",,"eu-west-3",,"Amazon Elastic Compute Cloud",,,,"true"
"KQDGZJ3B8G3VMVQD","JRTCKXETXF","KQDGZJ3B8G3VMVQD.JRTCKXETXF.6YS6EN2CT7","OnDemand","$2.6292 per On Demand Ubuntu Pro c7i.12xlarge Instance Hour","2026-10-01","0","Inf","Hrs","2.6292000000","USD",,,,,"Compute Instance","AmazonEC2","EU (Paris)","AWS Region","c7i.12xlarge","Yes","Compute optimized","48","Intel Xeon Scalable (Sapphire Rapids)","3.2 GHz","96 GiB","EBS only","18750 Megabit","64-bit",,,,,,,,"Shared","Ubuntu Pro","No License required",,,,"EUW3-BoxUsage:c7i.12xlarge","RunInstances:0g00","NA","Used","false","15000 Mbps","15000 Mbps","NA","Yes",,"NA",,,,,,,,,,,,,,"Compute Optimized",,"Yes","Yes","Yes","OnDemand","96",,"NA","Intel AVX; Intel AVX2; Intel AVX512; Intel Turbo; Intel AMX",,"eu-west-3",,"Amazon Elastic Compute Cloud",,,,"true"
"KQM2WV4R8C5RFZFP","JRTCKXETXF","KQM2WV4R8C5RFZFP.JRTCKXETXF.6YS6EN2CT7","OnDemand","$4.26924 per Dedicated RHEL with SQL Web c8i.12xlarge Instance Hour","2026-10-01","0","Inf","Hrs","4.2692400000","USD",,,,,"Compute Instance","AmazonEC2","EU (Paris)","AWS Region","c8i.12xlarge","Yes","Compute optimized","48","Intel Xeon Scalable (Granite Rapids)","3.9 GHz","96 GiB","EBS only","22500 Megabit","64-bit",,,,,,,,"Dedicated","RHEL","No License required",,,,"EUW3-DedicatedUsage:c8i.12xlarge","RunInstances:0210","NA","Used","false","15000 Mbps","15000 Mbps","NA","Yes",,"NA",,,,,,,,,,,,,,"Compute Optimized",,"Yes","Yes","Yes","OnDemand","96",,"SQL Web","Intel AVX; Intel AVX2; Intel AVX512; Intel Turbo; Intel AMX",,"eu-west-3",,"Amazon Elastic Compute Cloud",,,,"true"
"KRZMVTN89FZKTXY5","JRTCKXETXF","KRZMVTN89FZKTXY5.JRTCKXETXF.6YS6EN2CT7","OnDemand","$2.6702 per Unused Reservation SUSE c7i.12xlarge Instance Hour","2026-10-01","0","Inf","Hrs","2.6702000000","USD",,,,,"Compute Instance","AmazonEC2","EU (Paris)","AWS Region","c7i.12xlarge","Yes","Compute optimized","48","Intel Xeon Scalable (Sapphire Rapids)","3.2 GHz","96 GiB","EBS only","18750 Megabit","64-bit",,,,,,,,"Shared","SUSE","No License required",,,,"EUW3-UnusedBox:c7i.12xlarge","RunInstances:000g","NA","UnusedCapacityReservation","false","15000 Mbps","15000 Mbps","NA","Yes",,"NA",,,,,,,,,,,,,,"Compute Optimized","H489STSP96NQF245","Yes","Yes","Yes","OnDemand","96",,"NA","Intel AVX; Intel AVX2; Intel AVX512; Intel Turbo; Intel AMX",,"eu-west-3",,"Amazon Elastic Compute Cloud",,,,"true"
"KS9RHSYM935TJVW5","JRTCKXETXF","KS9RHSYM935TJVW5.JRTCKXETXF.6YS6EN2CT7","OnDemand","$2.5452 per On Demand Windows with SQL Std without licenses c7i.12xlarge Instance Hour","2026-10-01","0","Inf","Hrs","2.5452000000","USD",,,,,"Compute Instance","AmazonEC2","EU (Paris)","AWS Region","c7i.12xlarge","Yes","Compute optimized","48","Intel Xeon Scalable (Sapphire Rapids)","3.2 GHz","96 GiB","EBS only","18750 Megabit","64-bit",,,,,,,,"Shared","Windows","License Included - Infrastructure",,,,"EUW3-BoxUsage:c7i.12xlarge","RunInstances:0006:box","NA","Used","false","15000 Mbps","15000 Mbps","NA","Yes",,"NA",,,,,,,,,,,,,,"Compute Optimized",,"Yes","Yes","Yes","OnDemand","96",,"SQL Std","Intel AVX; Intel AVX2; Intel AVX512; Intel Turbo; Intel AMX",,"eu-west-3",,"Amazon Elastic Compute Cloud",,,,"true"
"KY3983F52GBRH9SM","JRTCKXETXF","KY3983F52GBRH9SM.JRTCKXETXF.6YS6EN2CT7","OnDemand","$0.00 per SUSE c7i.8xlarge Dedicated Host Instance hour","2026-10-01","0","Inf","Hrs","0.0000000000","USD",,,,,"Compute Instance","AmazonEC2","EU (Paris)","AWS Region","c7i.8xlarge","Yes","Compute optimized","32","Intel Xeon Scalable (Sapphire Rapids)","3.2 GHz","64 GiB","EBS only","12500 Megabit","64-bit",,,,,,,,"Host","SUSE","No License required",,,,"EUW3-HostBoxUsage:c7i.8xlarge","RunInstances:000g","NA","Used","false","10000 Mbps","10000 Mbps","NA","Yes",,"NA",,,,,,,,,,,,,,"Compute Optimized",,"Yes","Yes","Yes","OnDemand","64",,"NA","Intel AVX; Intel AVX2; Intel AVX512; Intel Turbo; Intel AMX",,"eu-west-3",,"Amazon Elastic Compute Cloud",,,,"true"
"KZ6AYX5Q4RY6UK8H","38NPMPTW36","KZ6AYX5Q4RY6UK8H.38NPMPTW36.6YS6EN2CT7","Reserved","Windows (Amazon VPC), c7i.12xlarge reserved instance applied","2026-10-08","0","Inf","Hrs","1.6930500000","USD",,"3yr","Partial Upfront","standard","Compute Instance","AmazonEC2","EU (Paris)","AWS Region","c7i.12xlarge","Yes","Compute optimized","48","Intel Xeon Scalable (Sapphire Rapids)","3.2 GHz","96 GiB","EBS only","18750 Megabit","64-bit",,,,,,,,"Dedicated","Windows","No License required",,,,"EUW3-DedicatedUsage:c7i.12xlarge","RunInstances:0002","NA","Used","false","15000 Mbps","15000 Mbps","NA","Yes",,"NA",,,,,,,,,,,,,,"Compute Optimized",,"Yes","Yes","Yes","OnDemand","96",,"NA","Intel AVX; Intel AVX2; Intel AVX512; Intel Turbo; Intel AMX",,"eu-west-3",,"Amazon Elastic Compute Cloud",,,,"true"
"KZ6AYX5Q4RY6UK8H","38NPMPTW36","KZ6AYX5Q4RY6UK8H.38NPMPTW36.2TG2D8R56U","Reserved","Upfront Fee","2026-10-08",,,"Quantity","44493","USD",,"3yr","Partial Upfront","standard","Compute Instance","AmazonEC2","EU (Paris)","AWS Region","c7i.12xlarge","Yes","Compute optimized","48","Intel Xeon Scalable (Sapphire Rapids)","3.2 GHz","96 GiB","EBS only","18750 Megabit","64-bit",,,,,,,,"Dedicated","Windows","No License required",,,,"EUW3-DedicatedUsage:c7i.12xlarge","RunInstances:0002","NA","Used","false","15000 Mbps","15000 Mbps","NA","Yes",,"NA",,,,,,,,,,,,,,"Compute Optimized",,"Yes","Yes","Yes","OnDemand","96",,"NA","Intel AVX; Intel AVX2; Intel AVX512; Intel Turbo; Intel AMX",,"eu-west-3",,"Amazon Elastic Compute Cloud",,,,"true"
"KZ6AYX5Q4RY6UK8H","4NA7Y494T4","KZ6AYX5Q4RY6UK8H.4NA7Y494T4.6YS6EN2CT7","Reserved","Windows (Amazon VPC), c7i.12xlarge reserved instance applied","2026-10-08","0","Inf","Hrs","4.0562200000","USD",,"1yr","No Upfront","standard","Compute Instance","AmazonEC2","EU (Paris)","AWS Region","c7i.12xlarge","Yes","Compute optimized","48","Intel Xeon Scalable (Sapphire Rapids)","3.2 GHz","96 GiB","EBS only","18750 Megabit","64-bit",,,,,,,,"Dedicated","Windows","No License required",,,,"EUW3-DedicatedUsage:c7i.12xlarge","RunInstances:0002","NA","Used","false","15000 Mbps","15000 Mbps","NA","Yes",,"NA",,,,,,,,,,,,,,"Compute Optimized",,"Yes","Yes","Yes","OnDemand","96",,"NA","Intel AVX; Intel AVX2; Intel AVX512; Intel Turbo; Intel AMX",,"eu-west-3",,"Amazon Elastic Compute Cloud",,,,"true"
"KZ6AYX5Q4RY6UK8H","6QCMYABX3D","KZ6AYX5Q4RY6UK8H.6QCMYABX3D.6YS6EN2CT7","Reserved","USD 0.0 per Windows (Amazon VPC), c7i.12xlarge reserved instance applied","2026-10-08","0","Inf","Hrs","0.0000000000","USD",,"1yr","All Upfront","standard","Compute Instance","AmazonEC2","EU (Paris)","AWS Region","c7i.12xlarge","Yes","Compute optimized","48","Intel Xeon Scalable (Sapphire Rapids)","3.2 GHz","96 GiB","EBS only","18750 Megabit","64-bit",,,,,,,,"Dedicated","Windows","No License required",,,,"EUW3-DedicatedUsage:c7i.12xlarge","RunInstances:0002","NA","Used","false","15000 Mbps","15000 Mbps","NA","Yes",,"NA",,,,,,,,,,,,,,"Compute Optimized",,"Yes","Yes","Yes","OnDemand","96",,"NA","Intel AVX; Intel AVX2; Intel AVX512; Intel Turbo; Intel AMX",,"eu-west-3",,"Amazon Elastic Compute Cloud",,,,"true"
"KZ6AYX5Q4RY6UK8H","6QCMYABX3D","KZ6AYX5Q4RY6UK8H.6QCMYABX3D.2TG2D8R56U","Reserved","Upfront Fee","2026-10-08",,,"Quantity","34453","USD",,"1yr","All Upfront","standard","Compute Instance","AmazonEC2","EU (Paris)","AWS Region","c7i.12xlarge","Yes","Compute optimized","48","Intel Xeon Scalable (Sapphire Rapids)","3.2 GHz","96 GiB","EBS only","18750 Megabit","64-bit",,,,,,,,"Dedicated","Windows","No License required",,,,"EUW3-DedicatedUsage:c7i.12xlarge","RunInstances:0002","NA","Used","false","15000 Mbps","15000 Mbps","NA","Yes",,"NA",,,,,,,,,,,,,,"Compute Optimized",,"Yes","Yes","Yes","OnDemand","96",,"NA","Intel AVX; Intel AVX2; Intel AVX512; Intel Turbo; Intel AMX",,"eu-west-3",,"Amazon Elastic Compute Cloud",,,,"true"
"KZ6AYX5Q4RY6UK8H","7NE97W5U4E","KZ6AYX5Q4RY6UK8H.7NE97W5U4E.6YS6EN2CT7","Reserved","Windows (Amazon VPC), c7i.12xlarge reserved instance applied","2026-10-08","0","Inf","Hrs","4.3414600000","USD",,"1yr","No Upfront","convertible","Compute Instance","AmazonEC2","EU (Paris)","AWS Region","c7i.12xlarge","Yes","Compute optimized","48","Intel Xeon Scalable (Sapphire Rapids)","3.2 GHz","96 GiB","EBS only","18750 Megabit","64-bit",,,,,,,,"Dedicated","Windows","No License required",,,,"EUW3-DedicatedUsage:c7i.12xlarge","RunInstances:0002","NA","Used","false","15000 Mbps","15000 Mbps","NA","Yes",,"NA",,,,,,,,,,,,,,"Compute Optimized",,"Yes","Yes","Yes","OnDemand","96",,"NA","Intel AVX; Intel AVX2; Intel AVX512; Intel Turbo; Intel AMX",,"eu-west-3",,"Amazon Elastic Compute Cloud",,,,"true"
"KZ6AYX5Q4RY6UK8H","BPH4J8HBKS","KZ6AYX5Q4RY6UK8H.BPH4J8HBKS.6YS6EN2CT7","Reserved","Windows (Amazon VPC), c7i.12xlarge reserved instance applied","2026-10-08","0","Inf","Hrs","3.4803400000","USD",,"3yr","No Upfront","standard","Compute Instance","AmazonEC2","EU (Paris)","AWS Region","c7i.12xlarge","Yes","Compute optimized","48","Intel Xeon Scalable (Sapphire Rapids)","3.2 GHz","96 GiB","EBS only","18750 Megabit","64-bit",,,,,,,,"Dedicated","Windows","No License required",,,,"EUW3-DedicatedUsage:c7i.12xlarge","RunInstances:0002","NA","Used","false","15000 Mbps","15000 Mbps","NA","Yes",,"NA",,,,,,,,,,,,,,"Compute Optimized",,"Yes","Yes","Yes","OnDemand","96",,"NA","Intel AVX; Intel AVX2; Intel AVX512; Intel Turbo; Intel AMX",,"eu-west-3",,"Amazon Elastic Compute Cloud",,,,"true"
"KZ6AYX5Q4RY6UK8H","CUZHX8X6JH","KZ6AYX5Q4RY6UK8H.CUZHX8X6JH.6YS6EN2CT7","Reserved","Windows (Amazon VPC), c7i.12xlarge reserved instance applied","2026-10-08","0","Inf","Hrs","2.1199300000","USD",,"1yr","Partial Upfront","convertible","Compute Instance","AmazonEC2","EU (Paris)","AWS Region","c7i.12xlarge","Yes","Compute optimized","48","Intel Xeon Scalable (Sapphire Rapids)","3.2 GHz","96 GiB","EBS only","18750 Megabit","64-bit",,,,,,,,"Dedicated","Windows","No License required",,,,"EUW3-DedicatedUsage:c7i.12xlarge","RunInstances:0002","NA","Used","false","15000 Mbps","15000 Mbps","NA","Yes",,"NA",,,,,,,,,,,,,,"Compute Optimized",,"Yes","Yes","Yes","OnDemand","96",,"NA","Intel AVX; Intel AVX2; Intel AVX512; Intel Turbo; Intel AMX",,"eu-west-3",,"Amazon Elastic Compute Cloud",,,,"true"
"KZ6AYX5Q4RY6UK8H","CUZHX8X6JH","KZ6AYX5Q4RY6UK8H.CUZHX8X6JH.2TG2D8R56U","Reserved","Upfront Fee","2026-10-08",,,"Quantity","18571","USD",,"1yr","Partial Upfront","convertible","Compute Instance","AmazonEC2","EU (Paris)","AWS Region","c7i.12xlarge","Yes","Compute optimized","48","Intel Xeon Scalable (Sapphire Rapids)","3.2 GHz","96 GiB","EBS only","18750 Megabit","64-bit",,,,,,,,"Dedicated","Windows","No License required",,,,"EUW3-DedicatedUsage:c7i.12xlarge","RunInstances:0002","NA","Used","false","15000 Mbps","15000 Mbps","NA","Yes",,"NA",,,,,,,,,,,,,,"Compute Optimized",,"Yes","Yes","Yes","OnDemand","96",,"NA","Intel AVX; Intel AVX2; Intel AVX512; Intel Turbo; Intel AMX",,"eu-west-3",,"Amazon Elastic Compute Cloud",,,,"true"
"KZ6AYX5Q4RY6UK8H","HU7G6KETJZ","KZ6AYX5Q4RY6UK8H.HU7G6KETJZ.6YS6EN2CT7","Reserved","Windows (Amazon VPC), c7i.12xlarge reserved instance applied","2026-10-08","0","Inf","Hrs","1.9841100000","USD",,"1yr","Partial Upfront","standard","Compute Instance","AmazonEC2","EU (Paris)","AWS Region","c7i.12xlarge","Yes","Compute optimized","48","Intel Xeon Scalable (Sapphire Rapids)","3.2 GHz","96 GiB","EBS only","18750 Megabit","64-bit",,,,,,,,"Dedicated","Windows","No License required",,,,"EUW3-DedicatedUsage:c7i.12xlarge","RunInstances:0002","NA","Used","false","15000 Mbps","15000 Mbps","NA","Yes",,"NA",,,,,,,,,,,,,,"Compute Optimized",,"Yes","Yes","Yes","OnDemand","96",,"NA","Intel AVX; Intel AVX2; Intel AVX512; Intel Turbo; Intel AMX",,"eu-west-3",,"Amazon Elastic Compute Cloud",,,,"true"
"KZ6AYX5Q4RY6UK8H","HU7G6KETJZ","KZ6AYX5Q4RY6UK8H.HU7G6KETJZ.2TG2D8R56U","Reserved","Upfront Fee","2026-10-08",,,"Quantity","17381","USD",,"1yr","Partial Upfront","standard","Compute Instance","AmazonEC2","EU (Paris)","AWS Region","c7i.12xlarge","Yes","Compute optimized","48","Intel Xeon Scalable (Sapphire Rapids)","3.2 GHz","96 GiB","EBS only","18750 Megabit","64-bit",,,,,,,,"Dedicated","Windows","No License required",,,,"EUW3-DedicatedUsage:c7i.12xlarge","RunInstances:0002","NA","Used","false","15000 Mbps","15000 Mbps","NA","Yes",,"NA",,,,,,,,,,,,,,"Compute Optimized",,"Yes","Yes","Yes","OnDemand","96",,"NA","Intel AVX; Intel AVX2; Intel AVX512; Intel Turbo; Intel AMX",,"eu-west-3",,"Amazon Elastic Compute Cloud",,,,"true"
"KZ6AYX5Q4RY6UK8H","JRTCKXETXF","KZ6AYX5Q4RY6UK8H.JRTCKXETXF.6YS6EN2CT7","OnDemand","$5.00772 per Dedicated Windows c7i.12xlarge Instance Hour","2026-10-01","0","Inf","Hrs","5.0077200000","USD",,,,,"Compute Instance","AmazonEC2","EU (Paris)","AWS Region","c7i.12xlarge","Yes","Compute optimized","48","Intel Xeon Scalable (Sapphire Rapids)","3.2 GHz","96 GiB","EBS only","18750 Megabit","64-bit",,,,,,,,"Dedicated","Windows","No License required",,,,"EUW3-DedicatedUsage:c7i.12xlarge","RunInstances:0002","NA","Used","false","15000 Mbps","15000 Mbps","NA","Yes",,"NA",,,,,,,,,,,,,,"Compute Optimized",,"Yes","Yes","Yes","OnDemand","96",,"NA","Intel AVX; Intel AVX2; Intel AVX512; Intel Turbo; Intel AMX",,"eu-west-3",,"Amazon Elastic Compute Cloud",,,,"true"
"KZ6AYX5Q4RY6UK8H","MZU6U2429S","KZ6AYX5Q4RY6UK8H.MZU6U2429S.6YS6EN2CT7","Reserved","USD 0.0 per Windows (Amazon VPC), c7i.12xlarge reserved instance applied","2026-10-08","0","Inf","Hrs","0.0000000000","USD",,"3yr","All Upfront","convertible","Compute Instance","AmazonEC2","EU (Paris)","AWS Region","c7i.12xlarge","Yes","Compute optimized","48","Intel Xeon Scalable (Sapphire Rapids)","3.2 GHz","96 GiB","EBS only","18750 Megabit","64-bit",,,,,,,,"Dedicated","Windows","No License required",,,,"EUW3-DedicatedUsage:c7i.12xlarge","RunInstances:0002","NA","Used","false","15000 Mbps","15000 Mbps","NA","Yes",,"NA",,,,,,,,,,,,,,"Compute Optimized",,"Yes","Yes","Yes","OnDemand","96",,"NA","Intel AVX; Intel AVX2; Intel AVX512; Intel Turbo; Intel AMX",,"eu-west-3",,"Amazon Elastic Compute Cloud",,,,"true"
"KZ6AYX5Q4RY6UK8H","MZU6U2429S","KZ6AYX5Q4RY6UK8H.MZU6U2429S.2TG2D8R56U","Reserved","Upfront Fee","2026-10-08",,,"Quantity","92865","USD",,"3yr","All Upfront","convertible","Compute Instance","AmazonEC2","EU (Paris)","AWS Region","c7i.12xlarge","Yes","Compute optimized","48","Intel Xeon Scalable (Sapphire Rapids)","3.2 GHz","96 GiB","EBS only","18750 Megabit","64-bit",,,,,,,,"Dedicated","Windows","No License required",,,,"EUW3-DedicatedUsage:c7i.12xlarge","RunInstances:0002","NA","Used","false","15000 Mbps","15000 Mbps","NA","Yes",,"NA",,,,,,,,,,,,,,"Compute Optimized",,"Yes","Yes","Yes","OnDemand","96",,"NA","Intel AVX; Intel AVX2; Intel AVX512; Intel Turbo; Intel AMX",,"eu-west-3",,"Amazon Elastic Compute Cloud",,,,"true"
"KZ6AYX5Q4RY6UK8H","NQ3QZPMQV9","KZ6AYX5Q4RY6UK8H.NQ3QZPMQV9.6YS6EN2CT7","Reserved","USD 0.0 per Windows (Amazon VPC), c7i.12xlarge reserved instance applied","2026-10-08","0","Inf","Hrs","0.0000000000","USD",,"3yr","All Upfront","standard","Compute Instance","AmazonEC2","EU (Paris)","AWS Region","c7i.12xlarge","Yes","Compute optimized","48","Intel Xeon Scalable (Sapphire Rapids)","3.2 GHz","96 GiB","EBS only","18750 Megabit","64-bit",,,,,,,,"Dedicated","Windows","No License required",,,,"EUW3-DedicatedUsage:c7i.12xlarge","RunInstances:0002","NA","Used","false","15000 Mbps","15000 Mbps","NA","Yes",,"NA",,,,,,,,,,,,,,"Compute Optimized",,"Yes","Yes","Yes","OnDemand","96",,"NA","Intel AVX; Intel AVX2; Intel AVX512; Intel Turbo; Intel AMX",,"eu-west-3",,"Amazon Elastic Compute Cloud",,,,"true"
"KZ6AYX5Q4RY6UK8H","NQ3QZPMQV9","KZ6AYX5Q4RY6UK8H.NQ3QZPMQV9.2TG2D8R56U","Reserved","Upfront Fee","2026-10-08",,,"Quantity","87129","USD",,"3yr","All Upfront","standard","Compute Instance","AmazonEC2","EU (Paris)","AWS Region","c7i.12xlarge","Yes","Compute optimized","48","Intel Xeon Scalable (Sapphire Rapids)","3.2 GHz","96 GiB","EBS only","18750 Megabit","64-bit",,,,,,,,"Dedicated","Windows","No License required",,,,"EUW3-DedicatedUsage:c7i.12xlarge","RunInstances:0002","NA","Used","false","15000 Mbps","15000 Mbps","NA","Yes",,"NA",,,,,,,,,,,,,,"Compute Optimized",,"Yes","Yes","Yes","OnDemand","96",,"NA","Intel AVX; Intel AVX2; Intel AVX512; Intel Turbo; Intel AMX",,"eu-west-3",,"Amazon Elastic Compute Cloud",,,,"true"
"KZ6AYX5Q4RY6UK8H","R5XV2EPZQZ","KZ6AYX5Q4RY6UK8H.R5XV2EPZQZ.6YS6EN2CT7","Reserved","Windows (Amazon VPC), c7i.12xlarge reserved instance applied","2026-10-08","0","Inf","Hrs","1.7803700000","USD",,"3yr","Partial Upfront","convertible","Compute Instance","AmazonEC2","EU (Paris)","AWS Region","c7i.12xlarge","Yes","Compute optimized","48","Intel Xeon Scalable (Sapphire Rapids)","3.2 GHz","96 GiB","EBS only","18750 Megabit","64-bit",,,,,,,,"Dedicated","Windows","No License required",,,,"EUW3-DedicatedUsage:c7i.12xlarge","RunInstances:0002","NA","Used","false","15000 Mbps","15000 Mbps","NA","Yes",,"NA",,,,,,,,,,,,,,"Compute Optimized",,"Yes","Yes","Yes","OnDemand","96",,"NA","Intel AVX; Intel AVX2; Intel AVX512; Intel Turbo; Intel AMX",,"eu-west-3",,"Amazon Elastic Compute Cloud",,,,"true"
"KZ6AYX5Q4RY6UK8H","R5XV2EPZQZ","KZ6AYX5Q4RY6UK8H.R5XV2EPZQZ.2TG2D8R56U","Reserved","Upfront Fee","2026-10-08",,,"Quantity","46788","USD",,"3yr","Partial Upfront","convertible","Compute Instance","AmazonEC2","EU (Paris)","AWS Region","c7i.12xlarge","Yes","Compute optimized","48","Intel Xeon Scalable (Sapphire Rapids)","3.2 GHz","96 GiB","EBS only","18750 Megabit","64-bit",,,,,,,,"Dedicated","Windows","No License required",,,,"EUW3-DedicatedUsage:c7i.12xlarge","RunInstances:0002","NA","Used","false","15000 Mbps","15000 Mbps","NA","Yes",,"NA",,,,,,,,,,,,,,"Compute Optimized",,"Yes","Yes","Yes","OnDemand","96",,"NA","Intel AVX; Intel AVX2; Intel AVX512; Intel Turbo; Intel AMX",,"eu-west-3",,"Amazon Elastic Compute Cloud",,,,"true"
"KZ6AYX5Q4RY6UK8H","VJWZNREJX2","KZ6AYX5Q4RY6UK8H.VJWZNREJX2.6YS6EN2CT7","Reserved","USD 0.0 per Windows (Amazon VPC), c7i.12xlarge reserved instance applied","2026-10-08","0","Inf","Hrs","0.0000000000","USD",,"1yr","All Upfront","convertible","Compute Instance","AmazonEC2","EU (Paris)","AWS Region","c7i.12xlarge","Yes","Compute optimized","48","Intel Xeon Scalable (Sapphire Rapids)","3.2 GHz","96 GiB","EBS only","18750 Megabit","64-bit",,,,,,,,"Dedicated","Windows","No License required",,,,"EUW3-DedicatedUsage:c7i.12xlarge","RunInstances:0002","NA","Used","false","15000 Mbps","15000 Mbps","NA","Yes",,"NA",,,,,,,,,,,,,,"Compute Optimized",,"Yes","Yes","Yes","OnDemand","96",,"NA","Intel AVX; Intel AVX2; Intel AVX512; Intel Turbo; Intel AMX",,"eu-west-3",,"Amazon Elastic Compute Cloud",,,,"true"
"KZ6AYX5Q4RY6UK8H","VJWZNREJX2","KZ6AYX5Q4RY6UK8H.VJWZNREJX2.2TG2D8R56U","Reserved","Upfront Fee","2026-10-08",,,"Quantity","36785","USD",,"1yr","All Upfront","convertible","Compute Instance","AmazonEC2","EU (Paris)","AWS Region","c7i.12xlarge","Yes","Compute optimized","48","Intel Xeon Scalable (Sapphire Rapids)","3.2 GHz","96 GiB","EBS only","18750 Megabit","64-bit",,,,,,,,"Dedicated","Windows","No License required",,,,"EUW3-DedicatedUsage:c7i.12xlarge","RunInstances:0002","NA","Used","false","15000 Mbps","15000 Mbps","NA","Yes",,"NA",,,,,,,,,,,,,,"Compute Optimized",,"Yes","Yes","Yes","OnDemand","96",,"NA","Intel AVX; Intel AVX2; Intel AVX512; Intel Turbo; Intel AMX",,"eu-west-3",,"Amazon Elastic Compute Cloud",,,,"true"
"KZ6AYX5Q4RY6UK8H","Z2E3P23VKM","KZ6AYX5Q4RY6UK8H.Z2E3P23VKM.6YS6EN2CT7","Reserved","Windows (Amazon VPC), c7i.12xlarge reserved instance applied","2026-10-08","0","Inf","Hrs","3.6689600000","USD",,"3yr","No Upfront","convertible","Compute Instance","AmazonEC2","EU (Paris)","AWS Region","c7i.12xlarge","Yes","Compute optimized","48","Intel Xeon Scalable (Sapphire Rapids)","3.2 GHz","96 GiB","EBS only","18750 Megabit","64-bit",,,,,,,,"Dedicated","Windows","No License required",,,,"EUW3-DedicatedUsage:c7i.12xlarge","RunInstances:0002","NA","Used","false","15000 Mbps","15000 Mbps","NA","Yes",,"NA",,,,,,,,,,,,,,"Compute Optimized",,"Yes","Yes","Yes","OnDemand","96",,"NA","Intel AVX; Intel AVX2; Intel AVX512; Intel Turbo; Intel AMX",,"eu-west-3",,"Amazon Elastic Compute Cloud",,,,"true"
"KZTCQEZ6BUTAX7YS","JRTCKXETXF","KZTCQEZ6BUTAX7YS.JRTCKXETXF.6YS6EN2CT7","OnDemand","$4.26924 per Dedicated Unused Reservation RHEL with SQL Web c8i.12xlarge Instance Hour","2026-10-01","0","Inf","Hrs","4.2692400000","USD",,,,,"Compute Instance","AmazonEC2","EU (Paris)","AWS Region","c8i.12xlarge","Yes","Compute optimized","48","Intel Xeon Scalable (Granite Rapids)","3.9 GHz","96 GiB","EBS only","22500 Megabit","64-bit",,,,,,,,"Dedicated","RHEL","No License required",,,,"EUW3-UnusedDed:c8i.12xlarge","RunInstances:0210","NA","UnusedCapacityReservation","false","15000 Mbps","15000 Mbps","NA","Yes",,"NA",,,,,,,,,,,,,,"Compute Optimized","KQM2WV4R8C5RFZFP","Yes","Yes","Yes","OnDemand","96",,"SQL Web","Intel AVX; Intel AVX2; Intel AVX512; Intel Turbo; Intel AMX",,"eu-west-3",,"Amazon Elastic Compute Cloud",,,,"true"
"M3GCK7RPTNB2BF76","JRTCKXETXF","M3GCK7RPTNB2BF76.JRTCKXETXF.6YS6EN2CT7","OnDemand","$0.00 per Reservation Windows BYOL c7i.12xlarge Instance Hour","2026-10-01","0","Inf","Hrs","0.0000000000","USD",,,,,"Compute Instance","AmazonEC2","EU (Paris)","AWS Region","c7i.12xlarge","Yes","Compute optimized","48","Intel Xeon Scalable (Sapphire Rapids)","3.2 GHz","96 GiB","EBS only","18750 Megabit","64-bit",,,,,,,,"Shared","Windows","Bring your own license",,,,"EUW3-Reservation:c7i.12xlarge","RunInstances:0800","NA","AllocatedCapacityReservation","false","15000 Mbps","15000 Mbps","NA","Yes",,"NA",,,,,,,,,,,,,,"Compute Optimized","2Y3AQ2MRN5UFTGJ5","Yes","Yes","Yes","OnDemand","96",,"NA","Intel AVX; Intel AVX2; Intel AVX512; Intel Turbo; Intel AMX",,"eu-west-3",,"Amazon Elastic Compute Cloud",,,,"true"
"M5CT6SFE58QM8US8","JRTCKXETXF","M5CT6SFE58QM8US8.JRTCKXETXF.6YS6EN2CT7","OnDemand","$0.00 per Windows with SQL Web c7i.12xlarge Dedicated Host Instance hour","2026-10-01","0","Inf","Hrs","0.0000000000","USD",,,,,"Compute Instance","AmazonEC2","EU (Paris)","AWS Region","c7i.12xlarge","Yes","Compute optimized","48","Intel Xeon Scalable (Sapphire Rapids)","3.2 GHz","96 GiB","EBS only","18750 Megabit","64-bit",,,,,,,,"Host","Windows","No License required",,,,"EUW3-HostBoxUsage:c7i.12xlarge","RunInstances:0202","NA","Used","false","15000 Mbps","15000 Mbps","NA","Yes",,"NA",,,,,,,,,,,,,,"Compute Optimized",,"Yes","Yes","Yes","OnDemand","96",,"SQL Web","Intel AVX; Intel AVX2; Intel AVX512; Intel Turbo; Intel AMX",,"eu-west-3",,"Amazon Elastic Compute Cloud",,,,"true"
"M76XTQ5JD3X8Y929","JRTCKXETXF","M76XTQ5JD3X8Y929.JRTCKXETXF.6YS6EN2CT7","OnDemand","$5.14764 per Dedicated Windows c8i.12xlarge Instance Hour","2026-10-01","0","Inf","Hrs","5.1476400000","USD",,,,,"Compute Instance","AmazonEC2","EU (Paris)","AWS Region","c8i.12xlarge","Yes","Compute optimized","48","Intel Xeon Scalable (Granite Rapids)","3.9 GHz","96 GiB","EBS only","22500 Megabit","64-bit",,,,,,,,"Dedicated","Windows","No License required",,,,"EUW3-DedicatedUsage:c8i.12xlarge","RunInstances:0002","NA","Used","false","15000 Mbps","15000 Mbps","NA","Yes",,"NA",,,,,,,,,,,,,,"Compute Optimized",,"Yes","Yes","Yes","OnDemand","96",,"NA","Intel AVX; Intel AVX2; Intel AVX512; Intel Turbo; Intel AMX",,"eu-west-3",,"Amazon Elastic Compute Cloud",,,,"true"
"MAMGXW4NGBT6DSKM","JRTCKXETXF","MAMGXW4NGBT6DSKM.JRTCKXETXF.6YS6EN2CT7","OnDemand","$8.9508 per On Demand RHEL with SQL Standard c8i.12xlarge Instance Hour","2026-10-01","0","Inf","Hrs","8.9508000000","USD",,,,,"Compute Instance","AmazonEC2","EU (Paris)","AWS Region","c8i.12xlarge","Yes","Compute optimized","48","Intel Xeon Scalable (Granite Rapids)","3.9 GHz","96 GiB","EBS only","22500 Megabit","64-bit",,,,,,,,"Shared","RHEL","No License required",,,,"EUW3-BoxUsage:c8i.12xlarge","RunInstances:0014","NA","Used","false","15000 Mbps","15000 Mbps","NA","Yes",,"NA",,,,,,,,,,,,,,"Compute Optimized",,"Yes","Yes","Yes","OnDemand","96",,"SQL Std","Intel AVX; Intel AVX2; Intel AVX512; Intel Turbo; Intel AMX",,"eu-west-3",,"Amazon Elastic Compute Cloud",,,,"true"
"MBJRQ68Z2HHFTS8P","JRTCKXETXF","MBJRQ68Z2HHFTS8P.JRTCKXETXF.6YS6EN2CT7","OnDemand","$0.00 per Reservation RHEL c8i.12xlarge Instance Hour","2026-10-01","0","Inf","Hrs","0.0000000000","USD",,,,,"Compute Instance","AmazonEC2","EU (Paris)","AWS Region","c8i.12xlarge","Yes","Compute optimized","48","Intel Xeon Scalable (Granite Rapids)","3.9 GHz","96 GiB","EBS only","22500 Megabit","64-bit",,,,,,,,"Shared","RHEL","No License required",,,,"EUW3-Reservation:c8i.12xlarge","RunInstances:0010","NA","AllocatedCapacityReservation","false","15000 Mbps","15000 Mbps","NA","Yes",,"NA",,,,,,,,,,,,,,"Compute Optimized","B2F4Q9NHZU2SKWCR","Yes","Yes","Yes","OnDemand","96",,"NA","Intel AVX; Intel AVX2; Intel AVX512; Intel Turbo; Intel AMX",,"eu-west-3",,"Amazon Elastic Compute Cloud",,,,"true"
"MGTTS4EFYYMZDTBP","JRTCKXETXF","MGTTS4EFYYMZDTBP.JRTCKXETXF.6YS6EN2CT7","OnDemand","$9.07812 per Dedicated Unused Reservation RHEL with SQL Standard c7i.12xlarge Instance Hour","2026-10-01","0","Inf","Hrs","9.0781200000","USD",,,,,"Compute Instance","AmazonEC2","EU (Paris)","AWS Region","c7i.12xlarge","Yes","Compute optimized","48","Intel Xeon Scalable (Sapphire Rapids)","3.2 GHz","96 GiB","EBS only","18750 Megabit","64-bit",,,,,,,,"Dedicated","RHEL","No License required",,,,"EUW3-UnusedDed:c7i.12xlarge","RunInstances:0014","NA","UnusedCapacityReservation","false","15000 Mbps","15000 Mbps","NA","Yes",,"NA",,,,,,,,,,,,,,"Compute Optimized","75QMEHEP6YSMTDA2","Yes","Yes","Yes","OnDemand","96",,"SQL Std","Intel AVX; Intel AVX2; Intel AVX512; Intel Turbo; Intel AMX",,"eu-west-3",,"Amazon Elastic Compute Cloud",,,,"true"
"MKWY22QTCNC9NP9Q","38NPMPTW36","MKWY22QTCNC9NP9Q.38NPMPTW36.6YS6EN2CT7","Reserved","Linux/UNIX (Amazon VPC), c7i.8xlarge reserved instance applied","2026-10-08","0","Inf","Hrs","0.3927000000","USD",,"3yr","Partial Upfront","standard","Compute Instance","AmazonEC2","EU (Paris)","AWS Region","c7i.8xlarge","Yes","Compute optimized","32","Intel Xeon Scalable (Sapphire Rapids)","3.2 GHz","64 GiB","EBS only","12500 Megabit","64-bit",,,,,,,,"Dedicated","Linux","No License required",,,,"EUW3-DedicatedUsage:c7i.8xlarge","RunInstances","NA","Used","false","10000 Mbps","10000 Mbps","NA","Yes",,"NA",,,,,,,,,,,,,,"Compute Optimized",,"Yes","Yes","Yes","OnDemand","64",,"NA","Intel AVX; Intel AVX2; Intel AVX512; Intel Turbo; Intel AMX",,"eu-west-3",,"Amazon Elastic Compute Cloud",,,,"true"
"MKWY22QTCNC9NP9Q","38NPMPTW36","MKWY22QTCNC9NP9Q.38NPMPTW36.2TG2D8R56U","Reserved","Upfront Fee","2026-10-08",,,"Quantity","10320","USD",,"3yr","Partial Upfront","standard","Compute Instance","AmazonEC2","EU (Paris)","AWS Region","c7i.8xlarge","Yes","Compute optimized","32","Intel Xeon Scalable (Sapphire Rapids)","3.2 GHz","64 GiB","EBS only","12500 Megabit","64-bit",,,,,,,,"Dedicated","Linux","No License required",,,,"EUW3-DedicatedUsage:c7i.8xlarge","RunInstances","NA","Used","false","10000 Mbps","10000 Mbps","NA","Yes",,"NA",,,,,,,,,,,,,,"Compute Optimized",,"Yes","Yes","Yes","OnDemand","64",,"NA","Intel AVX; Intel AVX2; Intel AVX512; Intel Turbo; Intel AMX",,"eu-west-3",,"Amazon Elastic Compute Cloud",,,,"true"
"MKWY22QTCNC9NP9Q","4NA7Y494T4","MKWY22QTCNC9NP9Q.4NA7Y494T4.6YS6EN2CT7","Reserved","Linux/UNIX (Amazon VPC), c7i.8xlarge reserved instance applied","2026-10-08","0","Inf","Hrs","1.2321500000","USD",,"1yr","No Upfront","standard","Compute Instance","AmazonEC2","EU (Paris)","AWS Region","c7i.8xlarge","Yes","Compute optimized","32","Intel Xeon Scalable (Sapphire Rapids)","3.2 GHz","64 GiB","EBS only","12500 Megabit","64-bit",,,,,,,,"Dedicated","Linux","No License required",,,,"EUW3-DedicatedUsage:c7i.8xlarge","RunInstances","NA","Used","false","10000 Mbps","10000 Mbps","NA","Yes",,"NA",,,,,,,,,,,,,,"Compute Optimized",,"Yes","Yes","Yes","OnDemand","64",,"NA","Intel AVX; Intel AVX2; Intel AVX512; Intel Turbo; Intel AMX",,"eu-west-3",,"Amazon Elastic Compute Cloud",,,,"true"
"MKWY22QTCNC9NP9Q","6QCMYABX3D","MKWY22QTCNC9NP9Q.6QCMYABX3D.6YS6EN2CT7","Reserved","USD 0.0 per Linux/UNIX (Amazon VPC), c7i.8xlarge reserved instance applied","2026-10-08","0","Inf","Hrs","0.0000000000","USD",,"1yr","All Upfront","standard","Compute Instance","AmazonEC2","EU (Paris)","AWS Region","c7i.8xlarge","Yes","Compute optimized","32","Intel Xeon Scalable (Sapphire Rapids)","3.2 GHz","64 GiB","EBS only","12500 Megabit","64-bit",,,,,,,,"Dedicated","Linux","No License required",,,,"EUW3-DedicatedUsage:c7i.8xlarge","RunInstances","NA","Used","false","10000 Mbps","10000 Mbps","NA","Yes",,"NA",,,,,,,,,,,,,,"Compute Optimized",,"Yes","Yes","Yes","OnDemand","64",,"NA","Intel AVX; Intel AVX2; Intel AVX512; Intel Turbo; Intel AMX",,"eu-west-3",,"Amazon Elastic Compute Cloud",,,,"true"
"MKWY22QTCNC9NP9Q","6QCMYABX3D","MKWY22QTCNC9NP9Q.6QCMYABX3D.2TG2D8R56U","Reserved","Upfront Fee","2026-10-08",,,"Quantity","10074","USD",,"1yr","All Upfront","standard","Compute Instance","AmazonEC2","EU (Paris)","AWS Region","c7i.8xlarge","Yes","Compute optimized","32","Intel Xeon Scalable (Sapphire Rapids)","3.2 GHz","64 GiB","EBS only","12500 Megabit","64-bit",,,,,,,,"Dedicated","Linux","No License required",,,,"EUW3-DedicatedUsage:c7i.8xlarge","RunInstances","NA","Used","false","10000 Mbps","10000 Mbps","NA","Yes",,"NA",,,,,,,,,,,,,,"Compute Optimized",,"Yes","Yes","Yes","OnDemand","64",,"NA","Intel AVX; Intel AVX2; Intel AVX512; Intel Turbo; Intel AMX",,"eu-west-3",,"Amazon Elastic Compute Cloud",,,,"true"
"MKWY22QTCNC9NP9Q","7NE97W5U4E","MKWY22QTCNC9NP9Q.7NE97W5U4E.6YS6EN2CT7","Reserved","Linux/UNIX (Amazon VPC), c7i.8xlarge reserved instance applied","2026-10-08","0","Inf","Hrs","1.4223100000","USD",,"1yr","No Upfront","convertible","Compute Instance","AmazonEC2","EU (Paris)","AWS Region","c7i.8xlarge","Yes","Compute optimized","32","Intel Xeon Scalable (Sapphire Rapids)","3.2 GHz","64 GiB","EBS only","12500 Megabit","64-bit",,,,,,,,"Dedicated","Linux","No License required",,,,"EUW3-DedicatedUsage:c7i.8xlarge","RunInstances","NA","Used","false","10000 Mbps","10000 Mbps","NA","Yes",,"NA",,,,,,,,,,,,,,"Compute Optimized",,"Yes","Yes","Yes","OnDemand","64",,"NA","Intel AVX; Intel AVX2; Intel AVX512; Intel Turbo; Intel AMX",,"eu-west-3",,"Amazon Elastic Compute Cloud",,,,"true"
"MKWY22QTCNC9NP9Q","BPH4J8HBKS","MKWY22QTCNC9NP9Q.BPH4J8HBKS.6YS6EN2CT7","Reserved","Linux/UNIX (Amazon VPC), c7i.8xlarge reserved instance applied","2026-10-08","0","Inf","Hrs","0.8482300000","USD",,"3yr","No Upfront","standard","Compute Instance","AmazonEC2","EU (Paris)","AWS Region","c7i.8xlarge","Yes","Compute optimized","32","Intel Xeon Scalable (Sapphire Rapids)","3.2 GHz","64 GiB","EBS only","12500 Megabit","64-bit",,,,,,,,"Dedicated","Linux","No License required",,,,"EUW3-DedicatedUsage:c7i.8xlarge","RunInstances","NA","Used","false","10000 Mbps","10000 Mbps","NA","Yes",,"NA",,,,,,,,,,,,,,"Compute Optimized",,"Yes","Yes","Yes","OnDemand","64",,"NA","Intel AVX; Intel AVX2; Intel AVX512; Intel Turbo; Intel AMX",,"eu-west-3",,"Amazon Elastic Compute Cloud",,,,"true"
"MKWY22QTCNC9NP9Q","CUZHX8X6JH","MKWY22QTCNC9NP9Q.CUZHX8X6JH.6YS6EN2CT7","Reserved","Linux/UNIX (Amazon VPC), c7i.8xlarge reserved instance applied","2026-10-08","0","Inf","Hrs","0.6772900000","USD",,"1yr","Partial Upfront","convertible","Compute Instance","AmazonEC2","EU (Paris)","AWS Region","c7i.8xlarge","Yes","Compute optimized","32","Intel Xeon Scalable (Sapphire Rapids)","3.2 GHz","64 GiB","EBS only","12500 Megabit","64-bit",,,,,,,,"Dedicated","Linux","No License required",,,,"EUW3-DedicatedUsage:c7i.8xlarge","RunInstances","NA","Used","false","10000 Mbps","10000 Mbps","NA","Yes",,"NA",,,,,,,,,,,,,,"Compute Optimized",,"Yes","Yes","Yes","OnDemand","64",,"NA","Intel AVX; Intel AVX2; Intel AVX512; Intel Turbo; Intel AMX",,"eu-west-3",,"Amazon Elastic Compute Cloud",,,,"true"
"MKWY22QTCNC9NP9Q","CUZHX8X6JH","MKWY22QTCNC9NP9Q.CUZHX8X6JH.2TG2D8R56U","Reserved","Upfront Fee","2026-10-08",,,"Quantity","5933","USD",,"1yr","Partial Upfront","convertible","Compute Instance","AmazonEC2","EU (Paris)","AWS Region","c7i.8xlarge","Yes","Compute optimized","32","Intel Xeon Scalable (Sapphire Rapids)","3.2 GHz","64 GiB","EBS only","12500 Megabit","64-bit",,,,,,,,"Dedicated","Linux","No License required",,,,"EUW3-DedicatedUsage:c7i.8xlarge","RunInstances","NA","Used","false","10000 Mbps","10000 Mbps","NA","Yes",,"NA",,,,,,,,,,,,,,"Compute Optimized",,"Yes","Yes","Yes","OnDemand","64",,"NA","Intel AVX; Intel AVX2; Intel AVX512; Intel Turbo; Intel AMX",,"eu-west-3",,"Amazon Elastic Compute Cloud",,,,"true"
"MKWY22QTCNC9NP9Q","HU7G6KETJZ","MKWY22QTCNC9NP9Q.HU7G6KETJZ.6YS6EN2CT7","Reserved","Linux/UNIX (Amazon VPC), c7i.8xlarge reserved instance applied","2026-10-08","0","Inf","Hrs","0.5867400000","USD",,"1yr","Partial Upfront","standard","Compute Instance","AmazonEC2","EU (Paris)","AWS Region","c7i.8xlarge","Yes","Compute optimized","32","Intel Xeon Scalable (Sapphire Rapids)","3.2 GHz","64 GiB","EBS only","12500 Megabit","64-bit",,,,,,,,"Dedicated","Linux","No License required",,,,"EUW3-DedicatedUsage:c7i.8xlarge","RunInstances","NA","Used","false","10000 Mbps","10000 Mbps","NA","Yes",,"NA",,,,,,,,,,,,,,"Compute Optimized",,"Yes","Yes","Yes","OnDemand","64",,"NA","Intel AVX; Intel AVX2; Intel AVX512; Intel Turbo; Intel AMX",,"eu-west-3",,"Amazon Elastic Compute Cloud",,,,"true"
"MKWY22QTCNC9NP9Q","HU7G6KETJZ","MKWY22QTCNC9NP9Q.HU7G6KETJZ.2TG2D8R56U","Reserved","Upfront Fee","2026-10-08",,,"Quantity","5140","USD",,"1yr","Partial Upfront","standard","Compute Instance","AmazonEC2","EU (Paris)","AWS Region","c7i.8xlarge","Yes","Compute optimized","32","Intel Xeon Scalable (Sapphire Rapids)","3.2 GHz","64 GiB","EBS only","12500 Megabit","64-bit",,,,,,,,"Dedicated","Linux","No License required",,,,"EUW3-DedicatedUsage:c7i.8xlarge","RunInstances","NA","Used","false","10000 Mbps","10000 Mbps","NA","Yes",,"NA",,,,,,,,,,,,,,"Compute Optimized",,"Yes","Yes","Yes","OnDemand","64",,"NA","Intel AVX; Intel AVX2; Intel AVX512; Intel Turbo; Intel AMX",,"eu-west-3",,"Amazon Elastic Compute Cloud",,,,"true"
"MKWY22QTCNC9NP9Q","JRTCKXETXF","MKWY22QTCNC9NP9Q.JRTCKXETXF.6YS6EN2CT7","OnDemand","$1.86648 per Dedicated Linux c7i.8xlarge Instance Hour","2026-10-01","0","Inf","Hrs","1.8664800000","USD",,,,,"Compute Instance","AmazonEC2","EU (Paris)","AWS Region","c7i.8xlarge","Yes","Compute optimized","32","Intel Xeon Scalable (Sapphire Rapids)","3.2 GHz","64 GiB","EBS only","12500 Megabit","64-bit",,,,,,,,"Dedicated","Linux","No License required",,,,"EUW3-DedicatedUsage:c7i.8xlarge","RunInstances","NA","Used","false","10000 Mbps","10000 Mbps","NA","Yes",,"NA",,,,,,,,,,,,,,"Compute Optimized",,"Yes","Yes","Yes","OnDemand","64",,"NA","Intel AVX; Intel AVX2; Intel AVX512; Intel Turbo; Intel AMX",,"eu-west-3",,"Amazon Elastic Compute Cloud",,,,"true"
"MKWY22QTCNC9NP9Q","MZU6U2429S","MKWY22QTCNC9NP9Q.MZU6U2429S.6YS6EN2CT7","Reserved","USD 0.0 per Linux/UNIX (Amazon VPC), c7i.8xlarge reserved instance applied","2026-10-08","0","Inf","Hrs","0.0000000000","USD",,"3yr","All Upfront","convertible","Compute Instance","AmazonEC2","EU (Paris)","AWS Region","c7i.8xlarge","Yes","Compute optimized","32","Intel Xeon Scalable (Sapphire Rapids)","3.2 GHz","64 GiB","EBS only","12500 Megabit","64-bit",,,,,,,,"Dedicated","Linux","No License required",,,,"EUW3-DedicatedUsage:c7i.8xlarge","RunInstances","NA","Used","false","10000 Mbps","10000 Mbps","NA","Yes",,"NA",,,,,,,,,,,,,,"Compute Optimized",,"Yes","Yes","Yes","OnDemand","64",,"NA","Intel AVX; Intel AVX2; Intel AVX512; Intel Turbo; Intel AMX",,"eu-west-3",,"Amazon Elastic Compute Cloud",,,,"true"
"MKWY22QTCNC9NP9Q","MZU6U2429S","MKWY22QTCNC9NP9Q.MZU6U2429S.2TG2D8R56U","Reserved","Upfront Fee","2026-10-08",,,"Quantity","23226","USD",,"3yr","All Upfront","convertible","Compute Instance","AmazonEC2","EU (Paris)","AWS Region","c7i.8xlarge","Yes","Compute optimized","32","Intel Xeon Scalable (Sapphire Rapids)","3.2 GHz","64 GiB","EBS only","12500 Megabit","64-bit",,,,,,,,"Dedicated","Linux","No License required",,,,"EUW3-DedicatedUsage:c7i.8xlarge","RunInstances","NA","Used","false","10000 Mbps","10000 Mbps","NA","Yes",,"NA",,,,,,,,,,,,,,"Compute Optimized",,"Yes","Yes","Yes","OnDemand","64",,"NA","Intel AVX; Intel AVX2; Intel AVX512; Intel Turbo; Intel AMX",,"eu-west-3",,"Amazon Elastic Compute Cloud",,,,"true"
"MKWY22QTCNC9NP9Q","NQ3QZPMQV9","MKWY22QTCNC9NP9Q.NQ3QZPMQV9.6YS6EN2CT7","Reserved","USD 0.0 per Linux/UNIX (Amazon VPC), c7i.8xlarge reserved instance applied","2026-10-08","0","Inf","Hrs","0.0000000000","USD",,"3yr","All Upfront","standard","Compute Instance","AmazonEC2","EU (Paris)","AWS Region","c7i.8xlarge","Yes","Compute optimized","32","Intel Xeon Scalable (Sapphire Rapids)","3.2 GHz","64 GiB","EBS only","12500 Megabit","64-bit",,,,,,,,"Dedicated","Linux","No License required",,,,"EUW3-DedicatedUsage:c7i.8xlarge","RunInstances","NA","Used","false","10000 Mbps","10000 Mbps","NA","Yes",,"NA",,,,,,,,,,,,,,"Compute Optimized",,"Yes","Yes","Yes","OnDemand","64",,"NA","Intel AVX; Intel AVX2; Intel AVX512; Intel Turbo; Intel AMX",,"eu-west-3",,"Amazon Elastic Compute Cloud",,,,"true"
"MKWY22QTCNC9NP9Q","NQ3QZPMQV9","MKWY22QTCNC9NP9Q.NQ3QZPMQV9.2TG2D8R56U","Reserved","Upfront Fee","2026-10-08",,,"Quantity","19402","USD",,"3yr","All Upfront","standard","Compute Instance","AmazonEC2","EU (Paris)","AWS Region","c7i.8xlarge","Yes","Compute optimized","32","Intel Xeon Scalable (Sapphire Rapids)","3.2 GHz","64 GiB","EBS only","12500 Megabit","64-bit",,,,,,,,"Dedicated","Linux","No License required",,,,"EUW3-DedicatedUsage:c7i.8xlarge","RunInstances","NA","Used","false","10000 Mbps","10000 Mbps","NA","Yes",,"NA",,,,,,,,,,,,,,"Compute Optimized",,"Yes","Yes","Yes","OnDemand","64",,"NA","Intel AVX; Intel AVX2; Intel AVX512; Intel Turbo; Intel AMX",,"eu-west-3",,"Amazon Elastic Compute Cloud",,,,"true"
"MKWY22QTCNC9NP9Q","R5XV2EPZQZ","MKWY22QTCNC9NP9Q.R5XV2EPZQZ.6YS6EN2CT7","Reserved","Linux/UNIX (Amazon VPC), c7i.8xlarge reserved instance applied","2026-10-08","0","Inf","Hrs","0.4509100000","USD",,"3yr","Partial Upfront","convertible","Compute Instance","AmazonEC2","EU (Paris)","AWS Region","c7i.8xlarge","Yes","Compute optimized","32","Intel Xeon Scalable (Sapphire Rapids)","3.2 GHz","64 GiB","EBS only","12500 Megabit","64-bit",,,,,,,,"Dedicated","Linux","No License required",,,,"EUW3-DedicatedUsage:c7i.8xlarge","RunInstances","NA","Used","false","10000 Mbps","10000 Mbps","NA","Yes",,"NA",,,,,,,,,,,,,,"Compute Optimized",,"Yes","Yes","Yes","OnDemand","64",,"NA","Intel AVX; Intel AVX2; Intel AVX512; Intel Turbo; Intel AMX",,"eu-west-3",,"Amazon Elastic Compute Cloud",,,,"true"
"MKWY22QTCNC9NP9Q","R5XV2EPZQZ","MKWY22QTCNC9NP9Q.R5XV2EPZQZ.2TG2D8R56U","Reserved","Upfront Fee","2026-10-08",,,"Quantity","11850","USD",,"3yr","Partial Upfront","convertible","Compute Instance","AmazonEC2","EU (Paris)","AWS Region","c7i.8xlarge","Yes","Compute optimized","32","Intel Xeon Scalable (Sapphire Rapids)","3.2 GHz","64 GiB","EBS only","12500 Megabit","64-bit",,,,,,,,"Dedicated","Linux","No License required",,,,"EUW3-DedicatedUsage:c7i.8xlarge","RunInstances","NA","Used","false","10000 Mbps","10000 Mbps","NA","Yes",,"NA",,,,,,,,,,,,,,"Compute Optimized",,"Yes","Yes","Yes","OnDemand","64",,"NA","Intel AVX; Intel AVX2; Intel AVX512; Intel Turbo; Intel AMX",,"eu-west-3",,"Amazon Elastic Compute Cloud",,,,"true"
"MKWY22QTCNC9NP9Q","VJWZNREJX2","MKWY22QTCNC9NP9Q.VJWZNREJX2.6YS6EN2CT7","Reserved","USD 0.0 per Linux/UNIX (Amazon VPC), c7i.8xlarge reserved instance applied","2026-10-08","0","Inf","Hrs","0.0000000000","USD",,"1yr","All Upfront","convertible","Compute Instance","AmazonEC2","EU (Paris)","AWS Region","c7i.8xlarge","Yes","Compute optimized","32","Intel Xeon Scalable (Sapphire Rapids)","3.2 GHz","64 GiB","EBS only","12500 Megabit","64-bit",,,,,,,,"Dedicated","Linux","No License required",,,,"EUW3-DedicatedUsage:c7i.8xlarge","RunInstances","NA","Used","false","10000 Mbps","10000 Mbps","NA","Yes",,"NA",,,,,,,,,,,,,,"Compute Optimized",,"Yes","Yes","Yes","OnDemand","64",,"NA","Intel AVX; Intel AVX2; Intel AVX512; Intel Turbo; Intel AMX",,"eu-west-3",,"Amazon Elastic Compute Cloud",,,,"true"
"MKWY22QTCNC9NP9Q","VJWZNREJX2","MKWY22QTCNC9NP9Q.VJWZNREJX2.2TG2D8R56U","Reserved","Upfront Fee","2026-10-08",,,"Quantity","11629","USD",,"1yr","All Upfront","convertible","Compute Instance","AmazonEC2","EU (Paris)","AWS Region","c7i.8xlarge","Yes","Compute optimized","32","Intel Xeon Scalable (Sapphire Rapids)","3.2 GHz","64 GiB","EBS only","12500 Megabit","64-bit",,,,,,,,"Dedicated","Linux","No License required",,,,"EUW3-DedicatedUsage:c7i.8xlarge","RunInstances","NA","Used","false","10000 Mbps","10000 Mbps","NA","Yes",,"NA",,,,,,,,,,,,,,"Compute Optimized",,"Yes","Yes","Yes","OnDemand","64",,"NA","Intel AVX; Intel AVX2; Intel AVX512; Intel Turbo; Intel AMX",,"eu-west-3",,"Amazon Elastic Compute Cloud",,,,"true"
"MKWY22QTCNC9NP9Q","Z2E3P23VKM","MKWY22QTCNC9NP9Q.Z2E3P23VKM.6YS6EN2CT7","Reserved","Linux/UNIX (Amazon VPC), c7i.8xlarge reserved instance applied","2026-10-08","0","Inf","Hrs","0.9739700000","USD",,"3yr","No Upfront","convertible","Compute Instance","AmazonEC2","EU (Paris)","AWS Region","c7i.8xlarge","Yes","Compute optimized","32","Intel Xeon Scalable (Sapphire Rapids)","3.2 GHz","64 GiB","EBS only","12500 Megabit","64-bit",,,,,,,,"Dedicated","Linux","No License required",,,,"EUW3-DedicatedUsage:c7i.8xlarge","RunInstances","NA","Used","false","10000 Mbps","10000 Mbps","NA","Yes",,"NA",,,,,,,,,,,,,,"Compute Optimized",,"Yes","Yes","Yes","OnDemand","64",,"NA","Intel AVX; Intel AVX2; Intel AVX512; Intel Turbo; Intel AMX",,"eu-west-3",,"Amazon Elastic Compute Cloud",,,,"true"
"MQV6VPMBM5TWHKU5","JRTCKXETXF","MQV6VPMBM5TWHKU5.JRTCKXETXF.6YS6EN2CT7","OnDemand","$1.7528 per Unused Reservation Ubuntu Pro c7i.8xlarge Instance Hour","2026-10-01","0","Inf","Hrs","1.7528000000","USD",,,,,"Compute Instance","AmazonEC2","EU (Paris)","AWS Region","c7i.8xlarge","Yes","Compute optimized","32","Intel Xeon Scalable (Sapphire Rapids)","3.2 GHz","64 GiB","EBS only","12500 Megabit","64-bit",,,,,,,,"Shared","Ubuntu Pro","No License required",,,,"EUW3-UnusedBox:c7i.8xlarge","RunInstances:0g00","NA","UnusedCapacityReservation","false","10000 Mbps","10000 Mbps","NA","Yes",,"NA",,,,,,,,,,,,,,"Compute Optimized","5Y47XPF5Y7QSWU2W","Yes","Yes","Yes","OnDemand","64",,"NA","Intel AVX; Intel AVX2; Intel AVX512; Intel Turbo; Intel AMX",,"eu-west-3",,"Amazon Elastic Compute Cloud",,,,"true"
"MRDQ4FJPCTSQ7EBD","JRTCKXETXF","MRDQ4FJPCTSQ7EBD.JRTCKXETXF.6YS6EN2CT7","OnDemand","$1.8218 per Unused Reservation SUSE c7i.8xlarge Instance Hour","2026-10-01","0","Inf","Hrs","1.8218000000","USD",,,,,"Compute Instance","AmazonEC2","EU (Paris)","AWS Region","c7i.8xlarge","Yes","Compute optimized","32","Intel Xeon Scalable (Sapphire Rapids)","3.2 GHz","64 GiB","EBS only","12500 Megabit","64-bit",,,,,,,,"Shared","SUSE","No License required",,,,"EUW3-UnusedBox:c7i.8xlarge","RunInstances:000g","NA","UnusedCapacityReservation","false","10000 Mbps","10000 Mbps","NA","Yes",,"NA",,,,,,,,,,,,,,"Compute Optimized","KKC4DXGWSQR5DU45","Yes","Yes","Yes","OnDemand","64",,"NA","Intel AVX; Intel AVX2; Intel AVX512; Intel Turbo; Intel AMX",,"eu-west-3",,"Amazon Elastic Compute Cloud",,,,"true"
"MS3QHKT2PU5TT2CC","38NPMPTW36","MS3QHKT2PU5TT2CC.38NPMPTW36.6YS6EN2CT7","Reserved","Linux with SQL Server Web (Amazon VPC), c7i.8xlarge reserved instance applied","2026-10-08","0","Inf","Hrs","0.6631000000","USD",,"3yr","Partial Upfront","standard","Compute Instance","AmazonEC2","EU (Paris)","AWS Region","c7i.8xlarge","Yes","Compute optimized","32","Intel Xeon Scalable (Sapphire Rapids)","3.2 GHz","64 GiB","EBS only","12500 Megabit","64-bit",,,,,,,,"Dedicated","Linux","No License required",,,,"EUW3-DedicatedUsage:c7i.8xlarge","RunInstances:0200","NA","Used","false","10000 Mbps","10000 Mbps","NA","Yes",,"NA",,,,,,,,,,,,,,"Compute Optimized",,"Yes","Yes","Yes","OnDemand","64",,"SQL Web","Intel AVX; Intel AVX2; Intel AVX512; Intel Turbo; Intel AMX",,"eu-west-3",,"Amazon Elastic Compute Cloud",,,,"true"
"MS3QHKT2PU5TT2CC","38NPMPTW36","MS3QHKT2PU5TT2CC.38NPMPTW36.2TG2D8R56U","Reserved","Upfront Fee","2026-10-08",,,"Quantity","17426","USD",,"3yr","Partial Upfront","standard","Compute Instance","AmazonEC2","EU (Paris)","AWS Region","c7i.8xlarge","Yes","Compute optimized","32","Intel Xeon Scalable (Sapphire Rapids)","3.2 GHz","64 GiB","EBS only","12500 Megabit","64-bit",,,,,,,,"Dedicated","Linux","No License required",,,,"EUW3-DedicatedUsage:c7i.8xlarge","RunInstances:0200","NA","Used","false","10000 Mbps","10000 Mbps","NA","Yes",,"NA",,,,,,,,,,,,,,"Compute Optimized",,"Yes","Yes","Yes","OnDemand","64",,"SQL Web","Intel AVX; Intel AVX2; Intel AVX512; Intel Turbo; Intel AMX",,"eu-west-3",,"Amazon Elastic Compute Cloud",,,,"true"
"MS3QHKT2PU5TT2CC","4NA7Y494T4","MS3QHKT2PU5TT2CC.4NA7Y494T4.6YS6EN2CT7","Reserved","Linux with SQL Server Web (Amazon VPC), c7i.8xlarge reserved instance applied","2026-10-08","0","Inf","Hrs","1.7729500000","USD",,"1yr","No Upfront","standard","Compute Instance","AmazonEC2","EU (Paris)","AWS Region","c7i.8xlarge","Yes","Compute optimized","32","Intel Xeon Scalable (Sapphire Rapids)","3.2 GHz","64 GiB","EBS only","12500 Megabit","64-bit",,,,,,,,"Dedicated","Linux","No License required",,,,"EUW3-DedicatedUsage:c7i.8xlarge","RunInstances:0200","NA","Used","false","10000 Mbps","10000 Mbps","NA","Yes",,"NA",,,,,,,,,,,,,,"Compute Optimized",,"Yes","Yes","Yes","OnDemand","64",,"SQL Web","Intel AVX; Intel AVX2; Intel AVX512; Intel Turbo; Intel AMX",,"eu-west-3",,"Amazon Elastic Compute Cloud",,,,"true"
"MS3QHKT2PU5TT2CC","6QCMYABX3D","MS3QHKT2PU5TT2CC.6QCMYABX3D.6YS6EN2CT7","Reserved","USD 0.0 per Linux with SQL Server Web (Amazon VPC), c7i.8xlarge reserved instance applied","2026-10-08","0","Inf","Hrs","0.0000000000","USD",,"1yr","All Upfront","standard","Compute Instance","AmazonEC2","EU (Paris)","AWS Region","c7i.8xlarge","Yes","Compute optimized","32","Intel Xeon Scalable (Sapphire Rapids)","3.2 GHz","64 GiB","EBS only","12500 Megabit","64-bit",,,,,,,,"Dedicated","Linux","No License required",,,,"EUW3-DedicatedUsage:c7i.8xlarge","RunInstances:0200","NA","Used","false","10000 Mbps","10000 Mbps","NA","Yes",,"NA",,,,,,,,,,,,,,"Compute Optimized",,"Yes","Yes","Yes","OnDemand","64",,"SQL Web","Intel AVX; Intel AVX2; Intel AVX512; Intel Turbo; Intel AMX",,"eu-west-3",,"Amazon Elastic Compute Cloud",,,,"true"
"MS3QHKT2PU5TT2CC","6QCMYABX3D","MS3QHKT2PU5TT2CC.6QCMYABX3D.2TG2D8R56U","Reserved","Upfront Fee","2026-10-08",,,"Quantity","14811","USD",,"1yr","All Upfront","standard","Compute Instance","AmazonEC2","EU (Paris)","AWS Region","c7i.8xlarge","Yes","Compute optimized","32","Intel Xeon Scalable (Sapphire Rapids)","3.2 GHz","64 GiB","EBS only","12500 Megabit","64-bit",,,,,,,,"Dedicated","Linux","No License required",,,,"EUW3-DedicatedUsage:c7i.8xlarge","RunInstances:0200","NA","Used","false","10000 Mbps","10000 Mbps","NA","Yes",,"NA",,,,,,,,,,,,,,"Compute Optimized",,"Yes","Yes","Yes","OnDemand","64",,"SQL Web","Intel AVX; Intel AVX2; Intel AVX512; Intel Turbo; Intel AMX",,"eu-west-3",,"Amazon Elastic Compute Cloud",,,,"true"
"MS3QHKT2PU5TT2CC","7NE97W5U4E","MS3QHKT2PU5TT2CC.7NE97W5U4E.6YS6EN2CT7","Reserved","Linux with SQL Server Web (Amazon VPC), c7i.8xlarge reserved instance applied","2026-10-08","0","Inf","Hrs","1.9631100000","USD",,"1yr","No Upfront","convertible","Compute Instance","AmazonEC2","EU (Paris)","AWS Region","c7i.8xlarge","Yes","Compute optimized","32","Intel Xeon Scalable (Sapphire Rapids)","3.2 GHz","64 GiB","EBS only","12500 Megabit","64-bit",,,,,,,,"Dedicated","Linux","No License required",,,,"EUW3-DedicatedUsage:c7i.8xlarge","RunInstances:0200","NA","Used","false","10000 Mbps","10000 Mbps","NA","Yes",,"NA",,,,,,,,,,,,,,"Compute Optimized",,"Yes","Yes","Yes","OnDemand","64",,"SQL Web","Intel AVX; Intel AVX2; Intel AVX512; Intel Turbo; Intel AMX",,"eu-west-3",,"Amazon Elastic Compute Cloud",,,,"true"
"MS3QHKT2PU5TT2CC","BPH4J8HBKS","MS3QHKT2PU5TT2CC.BPH4J8HBKS.6YS6EN2CT7","Reserved","Linux with SQL Server Web (Amazon VPC), c7i.8xlarge reserved instance applied","2026-10-08","0","Inf","Hrs","1.3890300000","USD",,"3yr","No Upfront","standard","Compute Instance","AmazonEC2","EU (Paris)","AWS Region","c7i.8xlarge","Yes","Compute optimized","32","Intel Xeon Scalable (Sapphire Rapids)","3.2 GHz","64 GiB","EBS only","12500 Megabit","64-bit",,,,,,,,"Dedicated","Linux","No License required",,,,"EUW3-DedicatedUsage:c7i.8xlarge","RunInstances:0200","NA","Used","false","10000 Mbps","10000 Mbps","NA","Yes",,"NA",,,,,,,,,,,,,,"Compute Optimized",,"Yes","Yes","Yes","OnDemand","64",,"SQL Web","Intel AVX; Intel AVX2; Intel AVX512; Intel Turbo; Intel AMX",,"eu-west-3",,"Amazon Elastic Compute Cloud",,,,"true"
"MS3QHKT2PU5TT2CC","CUZHX8X6JH","MS3QHKT2PU5TT2CC.CUZHX8X6JH.6YS6EN2CT7","Reserved","Linux with SQL Server Web (Amazon VPC), c7i.8xlarge reserved instance applied","2026-10-08","0","Inf","Hrs","0.9476900000","USD",,"1yr","Partial Upfront","convertible","Compute Instance","AmazonEC2","EU (Paris)","AWS Region","c7i.8xlarge","Yes","Compute optimized","32","Intel Xeon Scalable (Sapphire Rapids)","3.2 GHz","64 GiB","EBS only","12500 Megabit","64-bit",,,,,,,,"Dedicated","Linux","No License required",,,,"EUW3-DedicatedUsage:c7i.8xlarge","RunInstances:0200","NA","Used","false","10000 Mbps","10000 Mbps","NA","Yes",,"NA",,,,,,,,,,,,,,"Compute Optimized",,"Yes","Yes","Yes","OnDemand","64",,"SQL Web","Intel AVX; Intel AVX2; Intel AVX512; Intel Turbo; Intel AMX",,"eu-west-3",,"Amazon Elastic Compute Cloud",,,,"true"
"MS3QHKT2PU5TT2CC","CUZHX8X6JH","MS3QHKT2PU5TT2CC.CUZHX8X6JH.2TG2D8R56U","Reserved","Upfront Fee","2026-10-08",,,"Quantity","8302","USD",,"1yr","Partial Upfront","convertible","Compute Instance","AmazonEC2","EU (Paris)","AWS Region","c7i.8xlarge","Yes","Compute optimized","32","Intel Xeon Scalable (Sapphire Rapids)","3.2 GHz","64 GiB","EBS only","12500 Megabit","64-bit",,,,,,,,"Dedicated","Linux","No License required",,,,"EUW3-DedicatedUsage:c7i.8xlarge","RunInstances:0200","NA","Used","false","10000 Mbps","10000 Mbps","NA","Yes",,"NA",,,,,,,,,,,,,,"Compute Optimized",,"Yes","Yes","Yes","OnDemand","64",,"SQL Web","Intel AVX; Intel AVX2; Intel AVX512; Intel Turbo; Intel AMX",,"eu-west-3",,"Amazon Elastic Compute Cloud",,,,"true"
"MS3QHKT2PU5TT2CC","HU7G6KETJZ","MS3QHKT2PU5TT2CC.HU7G6KETJZ.6YS6EN2CT7","Reserved","Linux with SQL Server Web (Amazon VPC), c7i.8xlarge reserved instance applied","2026-10-08","0","Inf","Hrs","0.8571400000","USD",,"1yr","Partial Upfront","standard","Compute Instance","AmazonEC2","EU (Paris)","AWS Region","c7i.8xlarge","Yes","Compute optimized","32","Intel Xeon Scalable (Sapphire Rapids)","3.2 GHz","64 GiB","EBS only","12500 Megabit","64-bit",,,,,,,,"Dedicated","Linux","No License required",,,,"EUW3-DedicatedUsage:c7i.8xlarge","RunInstances:0200","NA","Used","false","10000 Mbps","10000 Mbps","NA","Yes",,"NA",,,,,,,,,,,,,,"Compute Optimized",,"Yes","Yes","Yes","OnDemand","64",,"SQL Web","Intel AVX; Intel AVX2; Intel AVX512; Intel Turbo; Intel AMX",,"eu-west-3",,"Amazon Elastic Compute Cloud",,,,"true"
"MS3QHKT2PU5TT2CC","HU7G6KETJZ","MS3QHKT2PU5TT2CC.HU7G6KETJZ.2TG2D8R56U","Reserved","Upfront Fee","2026-10-08",,,"Quantity","7509","USD",,"1yr","Partial Upfront","standard","Compute Instance","AmazonEC2","EU (Paris)","AWS Region","c7i.8xlarge","Yes","Compute optimized","32","Intel Xeon Scalable (Sapphire Rapids)","3.2 GHz","64 GiB","EBS only","12500 Megabit","64-bit",,,,,,,,"Dedicated","Linux","No License required",,,,"EUW3-DedicatedUsage:c7i.8xlarge","RunInstances:0200","NA","Used","false","10000 Mbps","10000 Mbps","NA","Yes",,"NA",,,,,,,,,,,,,,"Compute Optimized",,"Yes","Yes","Yes","OnDemand","64",,"SQL Web","Intel AVX; Intel AVX2; Intel AVX512; Intel Turbo; Intel AMX",,"eu-west-3",,"Amazon Elastic Compute Cloud",,,,"true"
"MS3QHKT2PU5TT2CC","JRTCKXETXF","MS3QHKT2PU5TT2CC.JRTCKXETXF.6YS6EN2CT7","OnDemand","$2.40728 per Dedicated Linux with SQL Web c7i.8xlarge Instance Hour","2026-10-01","0","Inf","Hrs","2.4072800000","USD",,,,,"Compute Instance","AmazonEC2","EU (Paris)","AWS Region","c7i.8xlarge","Yes","Compute optimized","32","Intel Xeon Scalable (Sapphire Rapids)","3.2 GHz","64 GiB","EBS only","12500 Megabit","64-bit",,,,,,,,"Dedicated","Linux","No License required",,,,"EUW3-DedicatedUsage:c7i.8xlarge","RunInstances:0200","NA","Used","false","10000 Mbps","10000 Mbps","NA","Yes",,"NA",,,,,,,,,,,,,,"Compute Optimized",,"Yes","Yes","Yes","OnDemand","64",,"SQL Web","Intel AVX; Intel AVX2; Intel AVX512; Intel Turbo; Intel AMX",,"eu-west-3",,"Amazon Elastic Compute Cloud",,,,"true"
"MS3QHKT2PU5TT2CC","MZU6U2429S","MS3QHKT2PU5TT2CC.MZU6U2429S.6YS6EN2CT7","Reserved","USD 0.0 per Linux with SQL Server Web (Amazon VPC), c7i.8xlarge reserved instance applied","2026-10-08","0","Inf","Hrs","0.0000000000","USD",,"3yr","All Upfront","convertible","Compute Instance","AmazonEC2","EU (Paris)","AWS Region","c7i.8xlarge","Yes","Compute optimized","32","Intel Xeon Scalable (Sapphire Rapids)","3.2 GHz","64 GiB","EBS only","12500 Megabit","64-bit",,,,,,,,"Dedicated","Linux","No License required",,,,"EUW3-DedicatedUsage:c7i.8xlarge","RunInstances:0200","NA","Used","false","10000 Mbps","10000 Mbps","NA","Yes",,"NA",,,,,,,,,,,,,,"Compute Optimized",,"Yes","Yes","Yes","OnDemand","64",,"SQL Web","Intel AVX; Intel AVX2; Intel AVX512; Intel Turbo; Intel AMX",,"eu-west-3",,"Amazon Elastic Compute Cloud",,,,"true"
"MS3QHKT2PU5TT2CC","MZU6U2429S","MS3QHKT2PU5TT2CC.MZU6U2429S.2TG2D8R56U","Reserved","Upfront Fee","2026-10-08",,,"Quantity","37438","USD",,"3yr","All Upfront","convertible","Compute Instance","AmazonEC2","EU (Paris)","AWS Region","c7i.8xlarge","Yes","Compute optimized","32","Intel Xeon Scalable (Sapphire Rapids)","3.2 GHz","64 GiB","EBS only","12500 Megabit","64-bit",,,,,,,,"Dedicated","Linux","No License required",,,,"EUW3-DedicatedUsage:c7i.8xlarge","RunInstances:0200","NA","Used","false","10000 Mbps","10000 Mbps","NA","Yes",,"NA",,,,,,,,,,,,,,"Compute Optimized",,"Yes","Yes","Yes","OnDemand","64",,"SQL Web","Intel AVX; Intel AVX2; Intel AVX512; Intel Turbo; Intel AMX",,"eu-west-3",,"Amazon Elastic Compute Cloud",,,,"true"
"MS3QHKT2PU5TT2CC","NQ3QZPMQV9","MS3QHKT2PU5TT2CC.NQ3QZPMQV9.6YS6EN2CT7","Reserved","USD 0.0 per Linux with SQL Server Web (Amazon VPC), c7i.8xlarge reserved instance applied","2026-10-08","0","Inf","Hrs","0.0000000000","USD",,"3yr","All Upfront","standard","Compute Instance","AmazonEC2","EU (Paris)","AWS Region","c7i.8xlarge","Yes","Compute optimized","32","Intel Xeon Scalable (Sapphire Rapids)","3.2 GHz","64 GiB","EBS only","12500 Megabit","64-bit",,,,,,,,"Dedicated","Linux","No License required",,,,"EUW3-DedicatedUsage:c7i.8xlarge","RunInstances:0200","NA","Used","false","10000 Mbps","10000 Mbps","NA","Yes",,"NA",,,,,,,,,,,,,,"Compute Optimized",,"Yes","Yes","Yes","OnDemand","64",,"SQL Web","Intel AVX; Intel AVX2; Intel AVX512; Intel Turbo; Intel AMX",,"eu-west-3",,"Amazon Elastic Compute Cloud",,,,"true"
"MS3QHKT2PU5TT2CC","NQ3QZPMQV9","MS3QHKT2PU5TT2CC.NQ3QZPMQV9.2TG2D8R56U","Reserved","Upfront Fee","2026-10-08",,,"Quantity","33614","USD",,"3yr","All Upfront","standard","Compute Instance","AmazonEC2","EU (Paris)","AWS Region","c7i.8xlarge","Yes","Compute optimized","32","Intel Xeon Scalable (Sapphire Rapids)","3.2 GHz","64 GiB","EBS only","12500 Megabit","64-bit",,,,,,,,"Dedicated","Linux","No License required",,,,"EUW3-DedicatedUsage:c7i.8xlarge","RunInstances:0200","NA","Used","false","10000 Mbps","10000 Mbps","NA","Yes",,"NA",,,,,,,,,,,,,,"Compute Optimized",,"Yes","Yes","Yes","OnDemand","64",,"SQL Web","Intel AVX; Intel AVX2; Intel AVX512; Intel Turbo; Intel AMX",,"eu-west-3",,"Amazon Elastic Compute Cloud",,,,"true"
"MS3QHKT2PU5TT2CC","R5XV2EPZQZ","MS3QHKT2PU5TT2CC.R5XV2EPZQZ.6YS6EN2CT7","Reserved","Linux with SQL Server Web (Amazon VPC), c7i.8xlarge reserved instance applied","2026-10-08","0","Inf","Hrs","0.7213100000","USD",,"3yr","Partial Upfront","convertible","Compute Instance","AmazonEC2","EU (Paris)","AWS Region","c7i.8xlarge","Yes","Compute optimized","32","Intel Xeon Scalable (Sapphire Rapids)","3.2 GHz","64 GiB","EBS only","12500 Megabit","64-bit",,,,,,,,"Dedicated","Linux","No License required",,,,"EUW3-DedicatedUsage:c7i.8xlarge","RunInstances:0200","NA","Used","false","10000 Mbps","10000 Mbps","NA","Yes",,"NA",,,,,,,,,,,,,,"Compute Optimized",,"Yes","Yes","Yes","OnDemand","64",,"SQL Web","Intel AVX; Intel AVX2; Intel AVX512; Intel Turbo; Intel AMX",,"eu-west-3",,"Amazon Elastic Compute Cloud",,,,"true"
"MS3QHKT2PU5TT2CC","R5XV2EPZQZ","MS3QHKT2PU5TT2CC.R5XV2EPZQZ.2TG2D8R56U","Reserved","Upfront Fee","2026-10-08",,,"Quantity","18956","USD",,"3yr","Partial Upfront","convertible","Compute Instance","AmazonEC2","EU (Paris)","AWS Region","c7i.8xlarge","Yes","Compute optimized","32","Intel Xeon Scalable (Sapphire Rapids)","3.2 GHz","64 GiB","EBS only","12500 Megabit","64-bit",,,,,,,,"Dedicated","Linux","No License required",,,,"EUW3-DedicatedUsage:c7i.8xlarge","RunInstances:0200","NA","Used","false","10000 Mbps","10000 Mbps","NA","Yes",,"NA",,,,,,,,,,,,,,"Compute Optimized",,"Yes","Yes","Yes","OnDemand","64",,"SQL Web","Intel AVX; Intel AVX2; Intel AVX512; Intel Turbo; Intel AMX",,"eu-west-3",,"Amazon Elastic Compute Cloud",,,,"true"
"MS3QHKT2PU5TT2CC","VJWZNREJX2","MS3QHKT2PU5TT2CC.VJWZNREJX2.6YS6EN2CT7","Reserved","USD 0.0 per Linux with SQL Server Web (Amazon VPC), c7i.8xlarge reserved instance applied","2026-10-08","0","Inf","Hrs","0.0000000000","USD",,"1yr","All Upfront","convertible","Compute Instance","AmazonEC2","EU (Paris)","AWS Region","c7i.8xlarge","Yes","Compute optimized","32","Intel Xeon Scalable (Sapphire Rapids)","3.2 GHz","64 GiB","EBS only","12500 Megabit","64-bit",,,,,,,,"Dedicated","Linux","No License required",,,,"EUW3-DedicatedUsage:c7i.8xlarge","RunInstances:0200","NA","Used","false","10000 Mbps","10000 Mbps","NA","Yes",,"NA",,,,,,,,,,,,,,"Compute Optimized",,"Yes","Yes","Yes","OnDemand","64",,"SQL Web","Intel AVX; Intel AVX2; Intel AVX512; Intel Turbo; Intel AMX",,"eu-west-3",,"Amazon Elastic Compute Cloud",,,,"true"
"MS3QHKT2PU5TT2CC","VJWZNREJX2","MS3QHKT2PU5TT2CC.VJWZNREJX2.2TG2D8R56U","Reserved","Upfront Fee","2026-10-08",,,"Quantity","16366","USD",,"1yr","All Upfront","convertible","Compute Instance","AmazonEC2","EU (Paris)","AWS Region","c7i.8xlarge","Yes","Compute optimized","32","Intel Xeon Scalable (Sapphire Rapids)","3.2 GHz","64 GiB","EBS only","12500 Megabit","64-bit",,,,,,,,"Dedicated","Linux","No License required",,,,"EUW3-DedicatedUsage:c7i.8xlarge","RunInstances:0200","NA","Used","false","10000 Mbps","10000 Mbps","NA","Yes",,"NA",,,,,,,,,,,,,,"Compute Optimized",,"Yes","Yes","Yes","OnDemand","64",,"SQL Web","Intel AVX; Intel AVX2; Intel AVX512; Intel Turbo; Intel AMX",,"eu-west-3",,"Amazon Elastic Compute Cloud",,,,"true"
"MS3QHKT2PU5TT2CC","Z2E3P23VKM","MS3QHKT2PU5TT2CC.Z2E3P23VKM.6YS6EN2CT7","Reserved","Linux with SQL Server Web (Amazon VPC), c7i.8xlarge reserved instance applied","2026-10-08","0","Inf","Hrs","1.5147700000","USD",,"3yr","No Upfront","convertible","Compute Instance","AmazonEC2","EU (Paris)","AWS Region","c7i.8xlarge","Yes","Compute optimized","32","Intel Xeon Scalable (Sapphire Rapids)","3.2 GHz","64 GiB","EBS only","12500 Megabit","64-bit",,,,,,,,"Dedicated","Linux","No License required",,,,"EUW3-DedicatedUsage:c7i.8xlarge","RunInstances:0200","NA","Used","false","10000 Mbps","10000 Mbps","NA","Yes",,"NA",,,,,,,,,,,,,,"Compute Optimized",,"Yes","Yes","Yes","OnDemand","64",,"SQL Web","Intel AVX; Intel AVX2; Intel AVX512; Intel Turbo; Intel AMX",,"eu-west-3",,"Amazon Elastic Compute Cloud",,,,"true"
"MYYZYKWZ8MEJZU4U","JRTCKXETXF","MYYZYKWZ8MEJZU4U.JRTCKXETXF.6YS6EN2CT7","OnDemand","$20.5452 per Unused Reservation Linux with SQL Server Enterprise c7i.12xlarge Instance Hour","2026-10-01","0","Inf","Hrs","20.5452000000","USD",,,,,"Compute Instance","AmazonEC2","EU (Paris)","AWS Region","c7i.12xlarge","Yes","Compute optimized","48","Intel Xeon Scalable (Sapphire Rapids)","3.2 GHz","96 GiB","EBS only","18750 Megabit","64-bit",,,,,,,,"Shared","Linux","No License required",,,,"EUW3-UnusedBox:c7i.12xlarge","RunInstances:0100","NA","UnusedCapacityReservation","false","15000 Mbps","15000 Mbps","NA","Yes",,"NA",,,,,,,,,,,,,,"Compute Optimized","V5DRQD4UGBJJ4FYE","Yes","Yes","Yes","OnDemand","96",,"SQL Ent","Intel AVX; Intel AVX2; Intel AVX512; Intel Turbo; Intel AMX",,"eu-west-3",,"Amazon Elastic Compute Cloud",,,,"true"
"NAB3GY44PGXF4PSD","JRTCKXETXF","NAB3GY44PGXF4PSD.JRTCKXETXF.6YS6EN2CT7","OnDemand","$8.69964 per Dedicated Linux with SQL Std c8i.12xlarge Instance Hour","2026-10-01","0","Inf","Hrs","8.6996400000","USD",,,,,"Compute Instance","AmazonEC2","EU (Paris)","AWS Region","c8i.12xlarge","Yes","Compute optimized","48","Intel Xeon Scalable (Granite Rapids)","3.9 GHz","96 GiB","EBS only","22500 Megabit","64-bit",,,,,,,,"Dedicated","Linux","No License required",,,,"EUW3-DedicatedUsage:c8i.12xlarge","RunInstances:0004","NA","Used","false","15000 Mbps","15000 Mbps","NA","Yes",,"NA",,,,,,,,,,,,,,"Compute Optimized",,"Yes","Yes","Yes","OnDemand","96",,"SQL Std","Intel AVX; Intel AVX2; Intel AVX512; Intel Turbo; Intel AMX",,"eu-west-3",,"Amazon Elastic Compute Cloud",,,,"true"
"NEQY74NQBXVX4RT5","JRTCKXETXF","NEQY74NQBXVX4RT5.JRTCKXETXF.6YS6EN2CT7","OnDemand","$0.00 per Dedicated Reservation Red Hat Enterprise Linux with HA c7i.8xlarge Instance Hour","2026-10-01","0","Inf","Hrs","0.0000000000","USD",,,,,"Compute Instance","AmazonEC2","EU (Paris)","AWS Region","c7i.8xlarge","Yes","Compute optimized","32","Intel Xeon Scalable (Sapphire Rapids)","3.2 GHz","64 GiB","EBS only","12500 Megabit","64-bit",,,,,,,,"Dedicated","Red Hat Enterprise Linux with HA","No License required",,,,"EUW3-DedicatedRes:c7i.8xlarge","RunInstances:1010","NA","AllocatedCapacityReservation","false","10000 Mbps","10000 Mbps","NA","Yes",,"NA",,,,,,,,,,,,,,"Compute Optimized","EMM3DEA97Q66BBQW","Yes","Yes","Yes","OnDemand","64",,"NA","Intel AVX; Intel AVX2; Intel AVX512; Intel Turbo; Intel AMX",,"eu-west-3",,"Amazon Elastic Compute Cloud",,,,"true"
"NGF9VSK4GFGWXJMF","JRTCKXETXF","NGF9VSK4GFGWXJMF.JRTCKXETXF.6YS6EN2CT7","OnDemand","$21.0636 per On Demand RHEL with SQL Server Enterprise c7i.12xlarge Instance Hour","2026-10-01","0","Inf","Hrs","21.0636000000","USD",,,,,"Compute Instance","AmazonEC2","EU (Paris)","AWS Region","c7i.12xlarge","Yes","Compute optimized","48","Intel Xeon Scalable (Sapphire Rapids)","3.2 GHz","96 GiB","EBS only","18750 Megabit","64-bit",,,,,,,,"Shared","RHEL","No License required",,,,"EUW3-BoxUsage:c7i.12xlarge","RunInstances:0110","NA","Used","false","15000 Mbps","15000 Mbps","NA","Yes",,"NA",,,,,,,,,,,,,,"Compute Optimized",,"Yes","Yes","Yes","OnDemand","96",,"SQL Ent","Intel AVX; Intel AVX2; Intel AVX512; Intel Turbo; Intel AMX",,"eu-west-3",,"Amazon Elastic Compute Cloud",,,,"true"
"NNGURYHHP8H83NHN","JRTCKXETXF","NNGURYHHP8H83NHN.JRTCKXETXF.6YS6EN2CT7","OnDemand","$3.1908 per Unused Reservation RHEL c8i.12xlarge Instance Hour","2026-10-01","0","Inf","Hrs","3.1908000000","USD",,,,,"Compute Instance","AmazonEC2","EU (Paris)","AWS Region","c8i.12xlarge","Yes","Compute optimized","48","Intel Xeon Scalable (Granite Rapids)","3.9 GHz","96 GiB","EBS only","22500 Megabit","64-bit",,,,,,,,"Shared","RHEL","No License required",,,,"EUW3-UnusedBox:c8i.12xlarge","RunInstances:0010","NA","UnusedCapacityReservation","false","15000 Mbps","15000 Mbps","NA","Yes",,"NA",,,,,,,,,,,,,,"Compute Optimized","B2F4Q9NHZU2SKWCR","Yes","Yes","Yes","OnDemand","96",,"NA","Intel AVX; Intel AVX2; Intel AVX512; Intel Turbo; Intel AMX",,"eu-west-3",,"Amazon Elastic Compute Cloud",,,,"true"
"NNUPAN33N67543AC","JRTCKXETXF","NNUPAN33N67543AC.JRTCKXETXF.6YS6EN2CT7","OnDemand","$2.7564 per Unused Reservation Ubuntu Pro c8i.12xlarge Instance Hour","2026-10-01","0","Inf","Hrs","2.7564000000","USD",,,,,"Compute Instance","AmazonEC2","EU (Paris)","AWS Region","c8i.12xlarge","Yes","Compute optimized","48","Intel Xeon Scalable (Granite Rapids)","3.9 GHz","96 GiB","EBS only","22500 Megabit","64-bit",,,,,,,,"Shared","Ubuntu Pro","No License required",,,,"EUW3-UnusedBox:c8i.12xlarge","RunInstances:0g00","NA","UnusedCapacityReservation","false","15000 Mbps","15000 Mbps","NA","Yes",,"NA",,,,,,,,,,,,,,"Compute Optimized","G6NPTP33JBHHYEG6","Yes","Yes","Yes","OnDemand","96",,"NA","Intel AVX; Intel AVX2; Intel AVX512; Intel Turbo; Intel AMX",,"eu-west-3",,"Amazon Elastic Compute Cloud",,,,"true"
"NP5YNXKYS336GBGA","JRTCKXETXF","NP5YNXKYS336GBGA.JRTCKXETXF.6YS6EN2CT7","OnDemand","$4.8804 per Unused Reservation Windows c8i.12xlarge Instance Hour","2026-10-01","0","Inf","Hrs","4.8804000000","USD",,,,,"Compute Instance","AmazonEC2","EU (Paris)","AWS Region","c8i.12xlarge","Yes","Compute optimized","48","Intel Xeon Scalable (Granite Rapids)","3.9 GHz","96 GiB","EBS only","22500 Megabit","64-bit",,,,,,,,"Shared","Windows","No License required",,,,"EUW3-UnusedBox:c8i.12xlarge","RunInstances:0002","NA","UnusedCapacityReservation","false","15000 Mbps","15000 Mbps","NA","Yes",,"NA",,,,,,,,,,,,,,"Compute Optimized","324Q9UGT6WKN57Q5","Yes","Yes","Yes","OnDemand","96",,"NA","Intel AVX; Intel AVX2; Intel AVX512; Intel Turbo; Intel AMX",,"eu-west-3",,"Amazon Elastic Compute Cloud",,,,"true"
"NTTZY8CRP7S4MF3Z","JRTCKXETXF","NTTZY8CRP7S4MF3Z.JRTCKXETXF.6YS6EN2CT7","OnDemand","$0.00 per Reservation Windows with SQL Server Enterprise c8i.12xlarge Instance Hour","2026-10-01","0","Inf","Hrs","0.0000000000","USD",,,,,"Compute Instance","AmazonEC2","EU (Paris)","AWS Region","c8i.12xlarge","Yes","Compute optimized","48","Intel Xeon Scalable (Granite Rapids)","3.9 GHz","96 GiB","EBS only","22500 Megabit","64-bit",,,,,,,,"Shared","Windows","No License required",,,,"EUW3-Reservation:c8i.12xlarge","RunInstances:0102","NA","AllocatedCapacityReservation","false","15000 Mbps","15000 Mbps","NA","Yes",,"NA",,,,,,,,,,,,,,"Compute Optimized","8VZWJGXJCHF3B8TQ","Yes","Yes","Yes","OnDemand","96",,"SQL Ent","Intel AVX; Intel AVX2; Intel AVX512; Intel Turbo; Intel AMX",,"eu-west-3",,"Amazon Elastic Compute Cloud",,,,"true"
"NX2TD79ZBWMEP9MM","38NPMPTW36","NX2TD79ZBWMEP9MM.38NPMPTW36.6YS6EN2CT7","Reserved","Linux with SQL Server Enterprise (Amazon VPC), c7i.8xlarge reserved instance applied","2026-10-08","0","Inf","Hrs","6.3570000000","USD",,"3yr","Partial Upfront","standard","Compute Instance","AmazonEC2","EU (Paris)","AWS Region","c7i.8xlarge","Yes","Compute optimized","32","Intel Xeon Scalable (Sapphire Rapids)","3.2 GHz","64 GiB","EBS only","12500 Megabit","64-bit",,,,,,,,"Shared","Linux","No License required",,,,"EUW3-BoxUsage:c7i.8xlarge","RunInstances:0100","NA","Used","false","10000 Mbps","10000 Mbps","NA","Yes",,"NA",,,,,,,,,,,,,,"Compute Optimized",,"Yes","Yes","Yes","OnDemand","64",,"SQL Ent","Intel AVX; Intel AVX2; Intel AVX512; Intel Turbo; Intel AMX",,"eu-west-3",,"Amazon Elastic Compute Cloud",,,,"true"
"NX2TD79ZBWMEP9MM","38NPMPTW36","NX2TD79ZBWMEP9MM.38NPMPTW36.2TG2D8R56U","Reserved","Upfront Fee","2026-10-08",,,"Quantity","167062","USD",,"3yr","Partial Upfront","standard","Compute Instance","AmazonEC2","EU (Paris)","AWS Region","c7i.8xlarge","Yes","Compute optimized","32","Intel Xeon Scalable (Sapphire Rapids)","3.2 GHz","64 GiB","EBS only","12500 Megabit","64-bit",,,,,,,,"Shared","Linux","No License required",,,,"EUW3-BoxUsage:c7i.8xlarge","RunInstances:0100","NA","Used","false","10000 Mbps","10000 Mbps","NA","Yes",,"NA",,,,,,,,,,,,,,"Compute Optimized",,"Yes","Yes","Yes","OnDemand","64",,"SQL Ent","Intel AVX; Intel AVX2; Intel AVX512; Intel Turbo; Intel AMX",,"eu-west-3",,"Amazon Elastic Compute Cloud",,,,"true"
"NX2TD79ZBWMEP9MM","4NA7Y494T4","NX2TD79ZBWMEP9MM.4NA7Y494T4.6YS6EN2CT7","Reserved","Linux with SQL Server Enterprise (Amazon VPC), c7i.8xlarge reserved instance applied","2026-10-08","0","Inf","Hrs","13.1201300000","USD",,"1yr","No Upfront","standard","Compute Instance","AmazonEC2","EU (Paris)","AWS Region","c7i.8xlarge","Yes","Compute optimized","32","Intel Xeon Scalable (Sapphire Rapids)","3.2 GHz","64 GiB","EBS only","12500 Megabit","64-bit",,,,,,,,"Shared","Linux","No License required",,,,"EUW3-BoxUsage:c7i.8xlarge","RunInstances:0100","NA","Used","false","10000 Mbps","10000 Mbps","NA","Yes",,"NA",,,,,,,,,,,,,,"Compute Optimized",,"Yes","Yes","Yes","OnDemand","64",,"SQL Ent","Intel AVX; Intel AVX2; Intel AVX512; Intel Turbo; Intel AMX",,"eu-west-3",,"Amazon Elastic Compute Cloud",,,,"true"
"NX2TD79ZBWMEP9MM","6QCMYABX3D","NX2TD79ZBWMEP9MM.6QCMYABX3D.6YS6EN2CT7","Reserved","USD 0.0 per Linux with SQL Server Enterprise (Amazon VPC), c7i.8xlarge reserved instance applied","2026-10-08","0","Inf","Hrs","0.0000000000","USD",,"1yr","All Upfront","standard","Compute Instance","AmazonEC2","EU (Paris)","AWS Region","c7i.8xlarge","Yes","Compute optimized","32","Intel Xeon Scalable (Sapphire Rapids)","3.2 GHz","64 GiB","EBS only","12500 Megabit","64-bit",,,,,,,,"Shared","Linux","No License required",,,,"EUW3-BoxUsage:c7i.8xlarge","RunInstances:0100","NA","Used","false","10000 Mbps","10000 Mbps","NA","Yes",,"NA",,,,,,,,,,,,,,"Compute Optimized",,"Yes","Yes","Yes","OnDemand","64",,"SQL Ent","Intel AVX; Intel AVX2; Intel AVX512; Intel Turbo; Intel AMX",,"eu-west-3",,"Amazon Elastic Compute Cloud",,,,"true"
"NX2TD79ZBWMEP9MM","6QCMYABX3D","NX2TD79ZBWMEP9MM.6QCMYABX3D.2TG2D8R56U","Reserved","Upfront Fee","2026-10-08",,,"Quantity","114278","USD",,"1yr","All Upfront","standard","Compute Instance","AmazonEC2","EU (Paris)","AWS Region","c7i.8xlarge","Yes","Compute optimized","32","Intel Xeon Scalable (Sapphire Rapids)","3.2 GHz","64 GiB","EBS only","12500 Megabit","64-bit",,,,,,,,"Shared","Linux","No License required",,,,"EUW3-BoxUsage:c7i.8xlarge","RunInstances:0100","NA","Used","false","10000 Mbps","10000 Mbps","NA","Yes",,"NA",,,,,,,,,,,,,,"Compute Optimized",,"Yes","Yes","Yes","OnDemand","64",,"SQL Ent","Intel AVX; Intel AVX2; Intel AVX512; Intel Turbo; Intel AMX",,"eu-west-3",,"Amazon Elastic Compute Cloud",,,,"true"
"NX2TD79ZBWMEP9MM","7NE97W5U4E","NX2TD79ZBWMEP9MM.7NE97W5U4E.6YS6EN2CT7","Reserved","Linux with SQL Server Enterprise (Amazon VPC), c7i.8xlarge reserved instance applied","2026-10-08","0","Inf","Hrs","13.2930100000","USD",,"1yr","No Upfront","convertible","Compute Instance","AmazonEC2","EU (Paris)","AWS Region","c7i.8xlarge","Yes","Compute optimized","32","Intel Xeon Scalable (Sapphire Rapids)","3.2 GHz","64 GiB","EBS only","12500 Megabit","64-bit",,,,,,,,"Shared","Linux","No License required",,,,"EUW3-BoxUsage:c7i.8xlarge","RunInstances:0100","NA","Used","false","10000 Mbps","10000 Mbps","NA","Yes",,"NA",,,,,,,,,,,,,,"Compute Optimized",,"Yes","Yes","Yes","OnDemand","64",,"SQL Ent","Intel AVX; Intel AVX2; Intel AVX512; Intel Turbo; Intel AMX",,"eu-west-3",,"Amazon Elastic Compute Cloud",,,,"true"
"NX2TD79ZBWMEP9MM","BPH4J8HBKS","NX2TD79ZBWMEP9MM.BPH4J8HBKS.6YS6EN2CT7","Reserved","Linux with SQL Server Enterprise (Amazon VPC), c7i.8xlarge reserved instance applied","2026-10-08","0","Inf","Hrs","12.7711200000","USD",,"3yr","No Upfront","standard","Compute Instance","AmazonEC2","EU (Paris)","AWS Region","c7i.8xlarge","Yes","Compute optimized","32","Intel Xeon Scalable (Sapphire Rapids)","3.2 GHz","64 GiB","EBS only","12500 Megabit","64-bit",,,,,,,,"Shared","Linux","No License required",,,,"EUW3-BoxUsage:c7i.8xlarge","RunInstances:0100","NA","Used","false","10000 Mbps","10000 Mbps","NA","Yes",,"NA",,,,,,,,,,,,,,"Compute Optimized",,"Yes","Yes","Yes","OnDemand","64",,"SQL Ent","Intel AVX; Intel AVX2; Intel AVX512; Intel Turbo; Intel AMX",,"eu-west-3",,"Amazon Elastic Compute Cloud",,,,"true"
"NX2TD79ZBWMEP9MM","CUZHX8X6JH","NX2TD79ZBWMEP9MM.CUZHX8X6JH.6YS6EN2CT7","Reserved","Linux with SQL Server Enterprise (Amazon VPC), c7i.8xlarge reserved instance applied","2026-10-08","0","Inf","Hrs","6.6157200000","USD",,"1yr","Partial Upfront","convertible","Compute Instance","AmazonEC2","EU (Paris)","AWS Region","c7i.8xlarge","Yes","Compute optimized","32","Intel Xeon Scalable (Sapphire Rapids)","3.2 GHz","64 GiB","EBS only","12500 Megabit","64-bit",,,,,,,,"Shared","Linux","No License required",,,,"EUW3-BoxUsage:c7i.8xlarge","RunInstances:0100","NA","Used","false","10000 Mbps","10000 Mbps","NA","Yes",,"NA",,,,,,,,,,,,,,"Compute Optimized",,"Yes","Yes","Yes","OnDemand","64",,"SQL Ent","Intel AVX; Intel AVX2; Intel AVX512; Intel Turbo; Intel AMX",,"eu-west-3",,"Amazon Elastic Compute Cloud",,,,"true"
"NX2TD79ZBWMEP9MM","CUZHX8X6JH","NX2TD79ZBWMEP9MM.CUZHX8X6JH.2TG2D8R56U","Reserved","Upfront Fee","2026-10-08",,,"Quantity","57954","USD",,"1yr","Partial Upfront","convertible","Compute Instance","AmazonEC2","EU (Paris)","AWS Region","c7i.8xlarge","Yes","Compute optimized","32","Intel Xeon Scalable (Sapphire Rapids)","3.2 GHz","64 GiB","EBS only","12500 Megabit","64-bit",,,,,,,,"Shared","Linux","No License required",,,,"EUW3-BoxUsage:c7i.8xlarge","RunInstances:0100","NA","Used","false","10000 Mbps","10000 Mbps","NA","Yes",,"NA",,,,,,,,,,,,,,"Compute Optimized",,"Yes","Yes","Yes","OnDemand","64",,"SQL Ent","Intel AVX; Intel AVX2; Intel AVX512; Intel Turbo; Intel AMX",,"eu-west-3",,"Amazon Elastic Compute Cloud",,,,"true"
"NX2TD79ZBWMEP9MM","HU7G6KETJZ","NX2TD79ZBWMEP9MM.HU7G6KETJZ.6YS6EN2CT7","Reserved","Linux with SQL Server Enterprise (Amazon VPC), c7i.8xlarge reserved instance applied","2026-10-08","0","Inf","Hrs","6.5334000000","USD",,"1yr","Partial Upfront","standard","Compute Instance","AmazonEC2","EU (Paris)","AWS Region","c7i.8xlarge","Yes","Compute optimized","32","Intel Xeon Scalable (Sapphire Rapids)","3.2 GHz","64 GiB","EBS only","12500 Megabit","64-bit",,,,,,,,"Shared","Linux","No License required",,,,"EUW3-BoxUsage:c7i.8xlarge","RunInstances:0100","NA","Used","false","10000 Mbps","10000 Mbps","NA","Yes",,"NA",,,,,,,,,,,,,,"Compute Optimized",,"Yes","Yes","Yes","OnDemand","64",,"SQL Ent","Intel AVX; Intel AVX2; Intel AVX512; Intel Turbo; Intel AMX",,"eu-west-3",,"Amazon Elastic Compute Cloud",,,,"true"
"NX2TD79ZBWMEP9MM","HU7G6KETJZ","NX2TD79ZBWMEP9MM.HU7G6KETJZ.2TG2D8R56U","Reserved","Upfront Fee","2026-10-08",,,"Quantity","57233","USD",,"1yr","Partial Upfront","standard","Compute Instance","AmazonEC2","EU (Paris)","AWS Region","c7i.8xlarge","Yes","Compute optimized","32","Intel Xeon Scalable (Sapphire Rapids)","3.2 GHz","64 GiB","EBS only","12500 Megabit","64-bit",,,,,,,,"Shared","Linux","No License required",,,,"EUW3-BoxUsage:c7i.8xlarge","RunInstances:0100","NA","Used","false","10000 Mbps","10000 Mbps","NA","Yes",,"NA",,,,,,,,,,,,,,"Compute Optimized",,"Yes","Yes","Yes","OnDemand","64",,"SQL Ent","Intel AVX; Intel AVX2; Intel AVX512; Intel Turbo; Intel AMX",,"eu-west-3",,"Amazon Elastic Compute Cloud",,,,"true"
"NX2TD79ZBWMEP9MM","JRTCKXETXF","NX2TD79ZBWMEP9MM.JRTCKXETXF.6YS6EN2CT7","OnDemand","$13.6968 per On Demand Linux with SQL Server Enterprise c7i.8xlarge Instance Hour","2026-10-01","0","Inf","Hrs","13.6968000000","USD",,,,,"Compute Instance","AmazonEC2","EU (Paris)","AWS Region","c7i.8xlarge","Yes","Compute optimized","32","Intel Xeon Scalable (Sapphire Rapids)","3.2 GHz","64 GiB","EBS only","12500 Megabit","64-bit",,,,,,,,"Shared","Linux","No License required",,,,"EUW3-BoxUsage:c7i.8xlarge","RunInstances:0100","NA","Used","false","10000 Mbps","10000 Mbps","NA","Yes",,"NA",,,,,,,,,,,,,,"Compute Optimized",,"Yes","Yes","Yes","OnDemand","64",,"SQL Ent","Intel AVX; Intel AVX2; Intel AVX512; Intel Turbo; Intel AMX",,"eu-west-3",,"Amazon Elastic Compute Cloud",,,,"true"
"NX2TD79ZBWMEP9MM","MZU6U2429S","NX2TD79ZBWMEP9MM.MZU6U2429S.6YS6EN2CT7","Reserved","USD 0.0 per Linux with SQL Server Enterprise (Amazon VPC), c7i.8xlarge reserved instance applied","2026-10-08","0","Inf","Hrs","0.0000000000","USD",,"3yr","All Upfront","convertible","Compute Instance","AmazonEC2","EU (Paris)","AWS Region","c7i.8xlarge","Yes","Compute optimized","32","Intel Xeon Scalable (Sapphire Rapids)","3.2 GHz","64 GiB","EBS only","12500 Megabit","64-bit",,,,,,,,"Shared","Linux","No License required",,,,"EUW3-BoxUsage:c7i.8xlarge","RunInstances:0100","NA","Used","false","10000 Mbps","10000 Mbps","NA","Yes",,"NA",,,,,,,,,,,,,,"Compute Optimized",,"Yes","Yes","Yes","OnDemand","64",,"SQL Ent","Intel AVX; Intel AVX2; Intel AVX512; Intel Turbo; Intel AMX",,"eu-west-3",,"Amazon Elastic Compute Cloud",,,,"true"
"NX2TD79ZBWMEP9MM","MZU6U2429S","NX2TD79ZBWMEP9MM.MZU6U2429S.2TG2D8R56U","Reserved","Upfront Fee","2026-10-08",,,"Quantity","336475","USD",,"3yr","All Upfront","convertible","Compute Instance","AmazonEC2","EU (Paris)","AWS Region","c7i.8xlarge","Yes","Compute optimized","32","Intel Xeon Scalable (Sapphire Rapids)","3.2 GHz","64 GiB","EBS only","12500 Megabit","64-bit",,,,,,,,"Shared","Linux","No License required",,,,"EUW3-BoxUsage:c7i.8xlarge","RunInstances:0100","NA","Used","false","10000 Mbps","10000 Mbps","NA","Yes",,"NA",,,,,,,,,,,,,,"Compute Optimized",,"Yes","Yes","Yes","OnDemand","64",,"SQL Ent","Intel AVX; Intel AVX2; Intel AVX512; Intel Turbo; Intel AMX",,"eu-west-3",,"Amazon Elastic Compute Cloud",,,,"true"
"NX2TD79ZBWMEP9MM","NQ3QZPMQV9","NX2TD79ZBWMEP9MM.NQ3QZPMQV9.6YS6EN2CT7","Reserved","USD 0.0 per Linux with SQL Server Enterprise (Amazon VPC), c7i.8xlarge reserved instance applied","2026-10-08","0","Inf","Hrs","0.0000000000","USD",,"3yr","All Upfront","standard","Compute Instance","AmazonEC2","EU (Paris)","AWS Region","c7i.8xlarge","Yes","Compute optimized","32","Intel Xeon Scalable (Sapphire Rapids)","3.2 GHz","64 GiB","EBS only","12500 Megabit","64-bit",,,,,,,,"Shared","Linux","No License required",,,,"EUW3-BoxUsage:c7i.8xlarge","RunInstances:0100","NA","Used","false","10000 Mbps","10000 Mbps","NA","Yes",,"NA",,,,,,,,,,,,,,"Compute Optimized",,"Yes","Yes","Yes","OnDemand","64",,"SQL Ent","Intel AVX; Intel AVX2; Intel AVX512; Intel Turbo; Intel AMX",,"eu-west-3",,"Amazon Elastic Compute Cloud",,,,"true"
"NX2TD79ZBWMEP9MM","NQ3QZPMQV9","NX2TD79ZBWMEP9MM.NQ3QZPMQV9.2TG2D8R56U","Reserved","Upfront Fee","2026-10-08",,,"Quantity","332998","USD",,"3yr","All Upfront","standard","Compute Instance","AmazonEC2","EU (Paris)","AWS Region","c7i.8xlarge","Yes","Compute optimized","32","Intel Xeon Scalable (Sapphire Rapids)","3.2 GHz","64 GiB","EBS only","12500 Megabit","64-bit",,,,,,,,"Shared","Linux","No License required",,,,"EUW3-BoxUsage:c7i.8xlarge","RunInstances:0100","NA","Used","false","10000 Mbps","10000 Mbps","NA","Yes",,"NA",,,,,,,,,,,,,,"Compute Optimized",,"Yes","Yes","Yes","OnDemand","64",,"SQL Ent","Intel AVX; Intel AVX2; Intel AVX512; Intel Turbo; Intel AMX",,"eu-west-3",,"Amazon Elastic Compute Cloud",,,,"true"
"NX2TD79ZBWMEP9MM","R5XV2EPZQZ","NX2TD79ZBWMEP9MM.R5XV2EPZQZ.6YS6EN2CT7","Reserved","Linux with SQL Server Enterprise (Amazon VPC), c7i.8xlarge reserved instance applied","2026-10-08","0","Inf","Hrs","6.4099200000","USD",,"3yr","Partial Upfront","convertible","Compute Instance","AmazonEC2","EU (Paris)","AWS Region","c7i.8xlarge","Yes","Compute optimized","32","Intel Xeon Scalable (Sapphire Rapids)","3.2 GHz","64 GiB","EBS only","12500 Megabit","64-bit",,,,,,,,"Shared","Linux","No License required",,,,"EUW3-BoxUsage:c7i.8xlarge","RunInstances:0100","NA","Used","false","10000 Mbps","10000 Mbps","NA","Yes",,"NA",,,,,,,,,,,,,,"Compute Optimized",,"Yes","Yes","Yes","OnDemand","64",,"SQL Ent","Intel AVX; Intel AVX2; Intel AVX512; Intel Turbo; Intel AMX",,"eu-west-3",,"Amazon Elastic Compute Cloud",,,,"true"
"NX2TD79ZBWMEP9MM","R5XV2EPZQZ","NX2TD79ZBWMEP9MM.R5XV2EPZQZ.2TG2D8R56U","Reserved","Upfront Fee","2026-10-08",,,"Quantity","168453","USD",,"3yr","Partial Upfront","convertible","Compute Instance","AmazonEC2","EU (Paris)","AWS Region","c7i.8xlarge","Yes","Compute optimized","32","Intel Xeon Scalable (Sapphire Rapids)","3.2 GHz","64 GiB","EBS only","12500 Megabit","64-bit",,,,,,,,"Shared","Linux","No License required",,,,"EUW3-BoxUsage:c7i.8xlarge","RunInstances:0100","NA","Used","false","10000 Mbps","10000 Mbps","NA","Yes",,"NA",,,,,,,,,,,,,,"Compute Optimized",,"Yes","Yes","Yes","OnDemand","64",,"SQL Ent","Intel AVX; Intel AVX2; Intel AVX512; Intel Turbo; Intel AMX",,"eu-west-3",,"Amazon Elastic Compute Cloud",,,,"true"
"NX2TD79ZBWMEP9MM","VJWZNREJX2","NX2TD79ZBWMEP9MM.VJWZNREJX2.6YS6EN2CT7","Reserved","USD 0.0 per Linux with SQL Server Enterprise (Amazon VPC), c7i.8xlarge reserved instance applied","2026-10-08","0","Inf","Hrs","0.0000000000","USD",,"1yr","All Upfront","convertible","Compute Instance","AmazonEC2","EU (Paris)","AWS Region","c7i.8xlarge","Yes","Compute optimized","32","Intel Xeon Scalable (Sapphire Rapids)","3.2 GHz","64 GiB","EBS only","12500 Megabit","64-bit",,,,,,,,"Shared","Linux","No License required",,,,"EUW3-BoxUsage:c7i.8xlarge","RunInstances:0100","NA","Used","false","10000 Mbps","10000 Mbps","NA","Yes",,"NA",,,,,,,,,,,,,,"Compute Optimized",,"Yes","Yes","Yes","OnDemand","64",,"SQL Ent","Intel AVX; Intel AVX2; Intel AVX512; Intel Turbo; Intel AMX",,"eu-west-3",,"Amazon Elastic Compute Cloud",,,,"true"
"NX2TD79ZBWMEP9MM","VJWZNREJX2","NX2TD79ZBWMEP9MM.VJWZNREJX2.2TG2D8R56U","Reserved","Upfront Fee","2026-10-08",,,"Quantity","115692","USD",,"1yr","All Upfront","convertible","Compute Instance","AmazonEC2","EU (Paris)","AWS Region","c7i.8xlarge","Yes","Compute optimized","32","Intel Xeon Scalable (Sapphire Rapids)","3.2 GHz","64 GiB","EBS only","12500 Megabit","64-bit",,,,,,,,"Shared","Linux","No License required",,,,"EUW3-BoxUsage:c7i.8xlarge","RunInstances:0100","NA","Used","false","10000 Mbps","10000 Mbps","NA","Yes",,"NA",,,,,,,,,,,,,,"Compute Optimized",,"Yes","Yes","Yes","OnDemand","64",,"SQL Ent","Intel AVX; Intel AVX2; Intel AVX512; Intel Turbo; Intel AMX",,"eu-west-3",,"Amazon Elastic Compute Cloud",,,,"true"
"NX2TD79ZBWMEP9MM","Z2E3P23VKM","NX2TD79ZBWMEP9MM.Z2E3P23VKM.6YS6EN2CT7","Reserved","Linux with SQL Server Enterprise (Amazon VPC), c7i.8xlarge reserved instance applied","2026-10-08","0","Inf","Hrs","12.8854300000","USD",,"3yr","No Upfront","convertible","Compute Instance","AmazonEC2","EU (Paris)","AWS Region","c7i.8xlarge","Yes","Compute optimized","32","Intel Xeon Scalable (Sapphire Rapids)","3.2 GHz","64 GiB","EBS only","12500 Megabit","64-bit",,,,,,,,"Shared","Linux","No License required",,,,"EUW3-BoxUsage:c7i.8xlarge","RunInstances:0100","NA","Used","false","10000 Mbps","10000 Mbps","NA","Yes",,"NA",,,,,,,,,,,,,,"Compute Optimized",,"Yes","Yes","Yes","OnDemand","64",,"SQL Ent","Intel AVX; Intel AVX2; Intel AVX512; Intel Turbo; Intel AMX",,"eu-west-3",,"Amazon Elastic Compute Cloud",,,,"true"
"P3DETVBKPDK3WDXD","JRTCKXETXF","P3DETVBKPDK3WDXD.JRTCKXETXF.6YS6EN2CT7","OnDemand","$0.00 per Reservation Linux with SQL Web c8i.12xlarge Instance Hour","2026-10-01","0","Inf","Hrs","0.0000000000","USD",,,,,"Compute Instance","AmazonEC2","EU (Paris)","AWS Region","c8i.12xlarge","Yes","Compute optimized","48","Intel Xeon Scalable (Granite Rapids)","3.9 GHz","96 GiB","EBS only","22500 Megabit","64-bit",,,,,,,,"Shared","Linux","No License required",,,,"EUW3-Reservation:c8i.12xlarge","RunInstances:0200","NA","AllocatedCapacityReservation","false","15000 Mbps","15000 Mbps","NA","Yes",,"NA",,,,,,,,,,,,,,"Compute Optimized","HK4DA7X5DJRFZMM7","Yes","Yes","Yes","OnDemand","96",,"SQL Web","Intel AVX; Intel AVX2; Intel AVX512; Intel Turbo; Intel AMX",,"eu-west-3",,"Amazon Elastic Compute Cloud",,,,"true"
"P99466WXKKYGSPFU","JRTCKXETXF","P99466WXKKYGSPFU.JRTCKXETXF.6YS6EN2CT7","OnDemand","$21.8628 per On Demand RHEL with HA and SQL Enterprise c8i.12xlarge Instance Hour","2026-10-01","0","Inf","Hrs","21.8628000000","USD",,,,,"Compute Instance","AmazonEC2","EU (Paris)","AWS Region","c8i.12xlarge","Yes","Compute optimized","48","Intel Xeon Scalable (Granite Rapids)","3.9 GHz","96 GiB","EBS only","22500 Megabit","64-bit",,,,,,,,"Shared","Red Hat Enterprise Linux with HA","No License required",,,,"EUW3-BoxUsage:c8i.12xlarge","RunInstances:1110","NA","Used","false","15000 Mbps","15000 Mbps","NA","Yes",,"NA",,,,,,,,,,,,,,"Compute Optimized",,"Yes","Yes","Yes","OnDemand","96",,"SQL Ent","Intel AVX; Intel AVX2; Intel AVX512; Intel Turbo; Intel AMX",,"eu-west-3",,"Amazon Elastic Compute Cloud",,,,"true"
"PAZPN7FU7GXPVHBH","JRTCKXETXF","PAZPN7FU7GXPVHBH.JRTCKXETXF.6YS6EN2CT7","OnDemand","$2.2376 per Unused Reservation Linux with SQL Web c7i.8xlarge Instance Hour","2026-10-01","0","Inf","Hrs","2.2376000000","USD",,,,,"Compute Instance","AmazonEC2","EU (Paris)","AWS Region","c7i.8xlarge","Yes","Compute optimized","32","Intel Xeon Scalable (Sapphire Rapids)","3.2 GHz","64 GiB","EBS only","12500 Megabit","64-bit",,,,,,,,"Shared","Linux","No License required",,,,"EUW3-UnusedBox:c7i.8xlarge","RunInstances:0200","NA","UnusedCapacityReservation","false","10000 Mbps","10000 Mbps","NA","Yes",,"NA",,,,,,,,,,,,,,"Compute Optimized","VARQPEWR6UZ62KJV","Yes","Yes","Yes","OnDemand","64",,"SQL Web","Intel AVX; Intel AVX2; Intel AVX512; Intel Turbo; Intel AMX",,"eu-west-3",,"Amazon Elastic Compute Cloud",,,,"true"
"PCSHMAPDPKG8VSMN","JRTCKXETXF","PCSHMAPDPKG8VSMN.JRTCKXETXF.6YS6EN2CT7","OnDemand","$0.00 per Dedicated Reservation Windows with SQL Web c8i.12xlarge Instance Hour","2026-10-01","0","Inf","Hrs","0.0000000000","USD",,,,,"Compute Instance","AmazonEC2","EU (Paris)","AWS Region","c8i.12xlarge","Yes","Compute optimized","48","Intel Xeon Scalable (Granite Rapids)","3.9 GHz","96 GiB","EBS only","22500 Megabit","64-bit",,,,,,,,"Dedicated","Windows","No License required",,,,"EUW3-DedicatedRes:c8i.12xlarge","RunInstances:0202","NA","AllocatedCapacityReservation","false","15000 Mbps","15000 Mbps","NA","Yes",,"NA",,,,,,,,,,,,,,"Compute Optimized","BRCPSNTRRYDWTVWB","Yes","Yes","Yes","OnDemand","96",,"SQL Web","Intel AVX; Intel AVX2; Intel AVX512; Intel Turbo; Intel AMX",,"eu-west-3",,"Amazon Elastic Compute Cloud",,,,"true"
"PGMHZQ4K3WK3767F","JRTCKXETXF","PGMHZQ4K3WK3767F.JRTCKXETXF.6YS6EN2CT7","OnDemand","$5.5368 per Unused Reservation Linux with SQL Std c7i.8xlarge Instance Hour","2026-10-01","0","Inf","Hrs","5.5368000000","USD",,,,,"Compute Instance","AmazonEC2","EU (Paris)","AWS Region","c7i.8xlarge","Yes","Compute optimized","32","Intel Xeon Scalable (Sapphire Rapids)","3.2 GHz","64 GiB","EBS only","12500 Megabit","64-bit",,,,,,,,"Shared","Linux","No License required",,,,"EUW3-UnusedBox:c7i.8xlarge","RunInstances:0004","NA","UnusedCapacityReservation","false","10000 Mbps","10000 Mbps","NA","Yes",,"NA",,,,,,,,,,,,,,"Compute Optimized","7E86HYXW6YW7785F","Yes","Yes","Yes","OnDemand","64",,"SQL Std","Intel AVX; Intel AVX2; Intel AVX512; Intel Turbo; Intel AMX",,"eu-west-3",,"Amazon Elastic Compute Cloud",,,,"true"
"PJS7RF99D2E5CSGF","JRTCKXETXF","PJS7RF99D2E5CSGF.JRTCKXETXF.6YS6EN2CT7","OnDemand","$0.00 per Reservation Ubuntu Pro c8i.12xlarge Instance Hour","2026-10-01","0","Inf","Hrs","0.0000000000","USD",,,,,"Compute Instance","AmazonEC2","EU (Paris)","AWS Region","c8i.12xlarge","Yes","Compute optimized","48","Intel Xeon Scalable (Granite Rapids)","3.9 GHz","96 GiB","EBS only","22500 Megabit","64-bit",,,,,,,,"Shared","Ubuntu Pro","No License required",,,,"EUW3-Reservation:c8i.12xlarge","RunInstances:0g00","NA","AllocatedCapacityReservation","false","15000 Mbps","15000 Mbps","NA","Yes",,"NA",,,,,,,,,,,,,,"Compute Optimized","G6NPTP33JBHHYEG6","Yes","Yes","Yes","OnDemand","96",,"NA","Intel AVX; Intel AVX2; Intel AVX512; Intel Turbo; Intel AMX",,"eu-west-3",,"Amazon Elastic Compute Cloud",,,,"true"
"PMWS2SDJMFT3WYKF","JRTCKXETXF","PMWS2SDJMFT3WYKF.JRTCKXETXF.6YS6EN2CT7","OnDemand","$4.7532 per Unused Reservation Windows c7i.12xlarge Instance Hour","2026-10-01","0","Inf","Hrs","4.7532000000","USD",,,,,"Compute Instance","AmazonEC2","EU (Paris)","AWS Region","c7i.12xlarge","Yes","Compute optimized","48","Intel Xeon Scalable (Sapphire Rapids)","3.2 GHz","96 GiB","EBS only","18750 Megabit","64-bit",,,,,,,,"Shared","Windows","No License required",,,,"EUW3-UnusedBox:c7i.12xlarge","RunInstances:0002","NA","UnusedCapacityReservation","false","15000 Mbps","15000 Mbps","NA","Yes",,"NA",,,,,,,,,,,,,,"Compute Optimized","CCN8FQS4SJ7DJ242","Yes","Yes","Yes","OnDemand","96",,"NA","Intel AVX; Intel AVX2; Intel AVX512; Intel Turbo; Intel AMX",,"eu-west-3",,"Amazon Elastic Compute Cloud",,,,"true"
"PNZVX9TPWBC999CX","JRTCKXETXF","PNZVX9TPWBC999CX.JRTCKXETXF.6YS6EN2CT7","OnDemand","$0.00 per Linux with SQL Server Enterprise c7i.8xlarge Dedicated Host Instance hour","2026-10-01","0","Inf","Hrs","0.0000000000","USD",,,,,"Compute Instance","AmazonEC2","EU (Paris)","AWS Region","c7i.8xlarge","Yes","Compute optimized","32","Intel Xeon Scalable (Sapphire Rapids)","3.2 GHz","64 GiB","EBS only","12500 Megabit","64-bit",,,,,,,,"Host","Linux","No License required",,,,"EUW3-HostBoxUsage:c7i.8xlarge","RunInstances:0100","NA","Used","false","10000 Mbps","10000 Mbps","NA","Yes",,"NA",,,,,,,,,,,,,,"Compute Optimized",,"Yes","Yes","Yes","OnDemand","64",,"SQL Ent","Intel AVX; Intel AVX2; Intel AVX512; Intel Turbo; Intel AMX",,"eu-west-3",,"Amazon Elastic Compute Cloud",,,,"true"
"PPKQ2EBYQDRG85YW","JRTCKXETXF","PPKQ2EBYQDRG85YW.JRTCKXETXF.6YS6EN2CT7","OnDemand","$0.00 per Reservation Linux with SQL Web c7i.8xlarge Instance Hour","2026-10-01","0","Inf","Hrs","0.0000000000","USD",,,,,"Compute Instance","AmazonEC2","EU (Paris)","AWS Region","c7i.8xlarge","Yes","Compute optimized","32","Intel Xeon Scalable (Sapphire Rapids)","3.2 GHz","64 GiB","EBS only","12500 Megabit","64-bit",,,,,,,,"Shared","Linux","No License required",,,,"EUW3-Reservation:c7i.8xlarge","RunInstances:0200","NA","AllocatedCapacityReservation","false","10000 Mbps","10000 Mbps","NA","Yes",,"NA",,,,,,,,,,,,,,"Compute Optimized","VARQPEWR6UZ62KJV","Yes","Yes","Yes","OnDemand","64",,"SQL Web","Intel AVX; Intel AVX2; Intel AVX512; Intel Turbo; Intel AMX",,"eu-west-3",,"Amazon Elastic Compute Cloud",,,,"true"
"PSGQ85BDCBBX5DWT","38NPMPTW36","PSGQ85BDCBBX5DWT.38NPMPTW36.6YS6EN2CT7","Reserved","Windows with SQL Server Enterprise (Amazon VPC), c7i.8xlarge reserved instance applied","2026-10-08","0","Inf","Hrs","7.0930000000","USD",,"3yr","Partial Upfront","standard","Compute Instance","AmazonEC2","EU (Paris)","AWS Region","c7i.8xlarge","Yes","Compute optimized","32","Intel Xeon Scalable (Sapphire Rapids)","3.2 GHz","64 GiB","EBS only","12500 Megabit","64-bit",,,,,,,,"Shared","Windows","No License required",,,,"EUW3-BoxUsage:c7i.8xlarge","RunInstances:0102","NA","Used","false","10000 Mbps","10000 Mbps","NA","Yes",,"NA",,,,,,,,,,,,,,"Compute Optimized",,"Yes","Yes","Yes","OnDemand","64",,"SQL Ent","Intel AVX; Intel AVX2; Intel AVX512; Intel Turbo; Intel AMX",,"eu-west-3",,"Amazon Elastic Compute Cloud",,,,"true"
"PSGQ85BDCBBX5DWT","38NPMPTW36","PSGQ85BDCBBX5DWT.38NPMPTW36.2TG2D8R56U","Reserved","Upfront Fee","2026-10-08",,,"Quantity","186404","USD",,"3yr","Partial Upfront","standard","Compute Instance","AmazonEC2","EU (Paris)","AWS Region","c7i.8xlarge","Yes","Compute optimized","32","Intel Xeon Scalable (Sapphire Rapids)","3.2 GHz","64 GiB","EBS only","12500 Megabit","64-bit",,,,,,,,"Shared","Windows","No License required",,,,"EUW3-BoxUsage:c7i.8xlarge","RunInstances:0102","NA","Used","false","10000 Mbps","10000 Mbps","NA","Yes",,"NA",,,,,,,,,,,,,,"Compute Optimized",,"Yes","Yes","Yes","OnDemand","64",,"SQL Ent","Intel AVX; Intel AVX2; Intel AVX512; Intel Turbo; Intel AMX",,"eu-west-3",,"Amazon Elastic Compute Cloud",,,,"true"
"PSGQ85BDCBBX5DWT","4NA7Y494T4","PSGQ85BDCBBX5DWT.4NA7Y494T4.6YS6EN2CT7","Reserved","Windows with SQL Server Enterprise (Amazon VPC), c7i.8xlarge reserved instance applied","2026-10-08","0","Inf","Hrs","14.5921300000","USD",,"1yr","No Upfront","standard","Compute Instance","AmazonEC2","EU (Paris)","AWS Region","c7i.8xlarge","Yes","Compute optimized","32","Intel Xeon Scalable (Sapphire Rapids)","3.2 GHz","64 GiB","EBS only","12500 Megabit","64-bit",,,,,,,,"Shared","Windows","No License required",,,,"EUW3-BoxUsage:c7i.8xlarge","RunInstances:0102","NA","Used","false","10000 Mbps","10000 Mbps","NA","Yes",,"NA",,,,,,,,,,,,,,"Compute Optimized",,"Yes","Yes","Yes","OnDemand","64",,"SQL Ent","Intel AVX; Intel AVX2; Intel AVX512; Intel Turbo; Intel AMX",,"eu-west-3",,"Amazon Elastic Compute Cloud",,,,"true"
"PSGQ85BDCBBX5DWT","6QCMYABX3D","PSGQ85BDCBBX5DWT.6QCMYABX3D.6YS6EN2CT7","Reserved","USD 0.0 per Windows with SQL Server Enterprise (Amazon VPC), c7i.8xlarge reserved instance applied","2026-10-08","0","Inf","Hrs","0.0000000000","USD",,"1yr","All Upfront","standard","Compute Instance","AmazonEC2","EU (Paris)","AWS Region","c7i.8xlarge","Yes","Compute optimized","32","Intel Xeon Scalable (Sapphire Rapids)","3.2 GHz","64 GiB","EBS only","12500 Megabit","64-bit",,,,,,,,"Shared","Windows","No License required",,,,"EUW3-BoxUsage:c7i.8xlarge","RunInstances:0102","NA","Used","false","10000 Mbps","10000 Mbps","NA","Yes",,"NA",,,,,,,,,,,,,,"Compute Optimized",,"Yes","Yes","Yes","OnDemand","64",,"SQL Ent","Intel AVX; Intel AVX2; Intel AVX512; Intel Turbo; Intel AMX",,"eu-west-3",,"Amazon Elastic Compute Cloud",,,,"true"
"PSGQ85BDCBBX5DWT","6QCMYABX3D","PSGQ85BDCBBX5DWT.6QCMYABX3D.2TG2D8R56U","Reserved","Upfront Fee","2026-10-08",,,"Quantity","127173","USD",,"1yr","All Upfront","standard","Compute Instance","AmazonEC2","EU (Paris)","AWS Region","c7i.8xlarge","Yes","Compute optimized","32","Intel Xeon Scalable (Sapphire Rapids)","3.2 GHz","64 GiB","EBS only","12500 Megabit","64-bit",,,,,,,,"Shared","Windows","No License required",,,,"EUW3-BoxUsage:c7i.8xlarge","RunInstances:0102","NA","Used","false","10000 Mbps","10000 Mbps","NA","Yes",,"NA",,,,,,,,,,,,,,"Compute Optimized",,"Yes","Yes","Yes","OnDemand","64",,"SQL Ent","Intel AVX; Intel AVX2; Intel AVX512; Intel Turbo; Intel AMX",,"eu-west-3",,"Amazon Elastic Compute Cloud",,,,"true"
"PSGQ85BDCBBX5DWT","7NE97W5U4E","PSGQ85BDCBBX5DWT.7NE97W5U4E.6YS6EN2CT7","Reserved","Windows with SQL Server Enterprise (Amazon VPC), c7i.8xlarge reserved instance applied","2026-10-08","0","Inf","Hrs","14.7650100000","USD",,"1yr","No Upfront","convertible","Compute Instance","AmazonEC2","EU (Paris)","AWS Region","c7i.8xlarge","Yes","Compute optimized","32","Intel Xeon Scalable (Sapphire Rapids)","3.2 GHz","64 GiB","EBS only","12500 Megabit","64-bit",,,,,,,,"Shared","Windows","No License required",,,,"EUW3-BoxUsage:c7i.8xlarge","RunInstances:0102","NA","Used","false","10000 Mbps","10000 Mbps","NA","Yes",,"NA",,,,,,,,,,,,,,"Compute Optimized",,"Yes","Yes","Yes","OnDemand","64",,"SQL Ent","Intel AVX; Intel AVX2; Intel AVX512; Intel Turbo; Intel AMX",,"eu-west-3",,"Amazon Elastic Compute Cloud",,,,"true"
"PSGQ85BDCBBX5DWT","BPH4J8HBKS","PSGQ85BDCBBX5DWT.BPH4J8HBKS.6YS6EN2CT7","Reserved","Windows with SQL Server Enterprise (Amazon VPC), c7i.8xlarge reserved instance applied","2026-10-08","0","Inf","Hrs","14.2431200000","USD",,"3yr","No Upfront","standard","Compute Instance","AmazonEC2","EU (Paris)","AWS Region","c7i.8xlarge","Yes","Compute optimized","32","Intel Xeon Scalable (Sapphire Rapids)","3.2 GHz","64 GiB","EBS only","12500 Megabit","64-bit",,,,,,,,"Shared","Windows","No License required",,,,"EUW3-BoxUsage:c7i.8xlarge","RunInstances:0102","NA","Used","false","10000 Mbps","10000 Mbps","NA","Yes",,"NA",,,,,,,,,,,,,,"Compute Optimized",,"Yes","Yes","Yes","OnDemand","64",,"SQL Ent","Intel AVX; Intel AVX2; Intel AVX512; Intel Turbo; Intel AMX",,"eu-west-3",,"Amazon Elastic Compute Cloud",,,,"true"
"PSGQ85BDCBBX5DWT","CUZHX8X6JH","PSGQ85BDCBBX5DWT.CUZHX8X6JH.6YS6EN2CT7","Reserved","Windows with SQL Server Enterprise (Amazon VPC), c7i.8xlarge reserved instance applied","2026-10-08","0","Inf","Hrs","7.3517200000","USD",,"1yr","Partial Upfront","convertible","Compute Instance","AmazonEC2","EU (Paris)","AWS Region","c7i.8xlarge","Yes","Compute optimized","32","Intel Xeon Scalable (Sapphire Rapids)","3.2 GHz","64 GiB","EBS only","12500 Megabit","64-bit",,,,,,,,"Shared","Windows","No License required",,,,"EUW3-BoxUsage:c7i.8xlarge","RunInstances:0102","NA","Used","false","10000 Mbps","10000 Mbps","NA","Yes",,"NA",,,,,,,,,,,,,,"Compute Optimized",,"Yes","Yes","Yes","OnDemand","64",,"SQL Ent","Intel AVX; Intel AVX2; Intel AVX512; Intel Turbo; Intel AMX",,"eu-west-3",,"Amazon Elastic Compute Cloud",,,,"true"
"PSGQ85BDCBBX5DWT","CUZHX8X6JH","PSGQ85BDCBBX5DWT.CUZHX8X6JH.2TG2D8R56U","Reserved","Upfront Fee","2026-10-08",,,"Quantity","64401","USD",,"1yr","Partial Upfront","convertible","Compute Instance","AmazonEC2","EU (Paris)","AWS Region","c7i.8xlarge","Yes","Compute optimized","32","Intel Xeon Scalable (Sapphire Rapids)","3.2 GHz","64 GiB","EBS only","12500 Megabit","64-bit",,,,,,,,"Shared","Windows","No License required",,,,"EUW3-BoxUsage:c7i.8xlarge","RunInstances:0102","NA","Used","false","10000 Mbps","10000 Mbps","NA","Yes",,"NA",,,,,,,,,,,,,,"Compute Optimized",,"Yes","Yes","Yes","OnDemand","64",,"SQL Ent","Intel AVX; Intel AVX2; Intel AVX512; Intel Turbo; Intel AMX",,"eu-west-3",,"Amazon Elastic Compute Cloud",,,,"true"
"PSGQ85BDCBBX5DWT","HU7G6KETJZ","PSGQ85BDCBBX5DWT.HU7G6KETJZ.6YS6EN2CT7","Reserved","Windows with SQL Server Enterprise (Amazon VPC), c7i.8xlarge reserved instance applied","2026-10-08","0","Inf","Hrs","7.2694000000","USD",,"1yr","Partial Upfront","standard","Compute Instance","AmazonEC2","EU (Paris)","AWS Region","c7i.8xlarge","Yes","Compute optimized","32","Intel Xeon Scalable (Sapphire Rapids)","3.2 GHz","64 GiB","EBS only","12500 Megabit","64-bit",,,,,,,,"Shared","Windows","No License required",,,,"EUW3-BoxUsage:c7i.8xlarge","RunInstances:0102","NA","Used","false","10000 Mbps","10000 Mbps","NA","Yes",,"NA",,,,,,,,,,,,,,"Compute Optimized",,"Yes","Yes","Yes","OnDemand","64",,"SQL Ent","Intel AVX; Intel AVX2; Intel AVX512; Intel Turbo; Intel AMX",,"eu-west-3",,"Amazon Elastic Compute Cloud",,,,"true"
"PSGQ85BDCBBX5DWT","HU7G6KETJZ","PSGQ85BDCBBX5DWT.HU7G6KETJZ.2TG2D8R56U","Reserved","Upfront Fee","2026-10-08",,,"Quantity","63680","USD",,"1yr","Partial Upfront","standard","Compute Instance","AmazonEC2","EU (Paris)","AWS Region","c7i.8xlarge","Yes","Compute optimized","32","Intel Xeon Scalable (Sapphire Rapids)","3.2 GHz","64 GiB","EBS only","12500 Megabit","64-bit",,,,,,,,"Shared","Windows","No License required",,,,"EUW3-BoxUsage:c7i.8xlarge","RunInstances:0102","NA","Used","false","10000 Mbps","10000 Mbps","NA","Yes",,"NA",,,,,,,,,,,,,,"Compute Optimized",,"Yes","Yes","Yes","OnDemand","64",,"SQL Ent","Intel AVX; Intel AVX2; Intel AVX512; Intel Turbo; Intel AMX",,"eu-west-3",,"Amazon Elastic Compute Cloud",,,,"true"
"PSGQ85BDCBBX5DWT","JRTCKXETXF","PSGQ85BDCBBX5DWT.JRTCKXETXF.6YS6EN2CT7","OnDemand","$15.1688 per On Demand Windows with SQL Server Enterprise c7i.8xlarge Instance Hour","2026-10-01","0","Inf","Hrs","15.1688000000","USD",,,,,"Compute Instance","AmazonEC2","EU (Paris)","AWS Region","c7i.8xlarge","Yes","Compute optimized","32","Intel Xeon Scalable (Sapphire Rapids)","3.2 GHz","64 GiB","EBS only","12500 Megabit","64-bit",,,,,,,,"Shared","Windows","No License required",,,,"EUW3-BoxUsage:c7i.8xlarge","RunInstances:0102","NA","Used","false","10000 Mbps","10000 Mbps","NA","Yes",,"NA",,,,,,,,,,,,,,"Compute Optimized",,"Yes","Yes","Yes","OnDemand","64",,"SQL Ent","Intel AVX; Intel AVX2; Intel AVX512; Intel Turbo; Intel AMX",,"eu-west-3",,"Amazon Elastic Compute Cloud",,,,"true"
"PSGQ85BDCBBX5DWT","MZU6U2429S","PSGQ85BDCBBX5DWT.MZU6U2429S.6YS6EN2CT7","Reserved","USD 0.0 per Windows with SQL Server Enterprise (Amazon VPC), c7i.8xlarge reserved instance applied","2026-10-08","0","Inf","Hrs","0.0000000000","USD",,"3yr","All Upfront","convertible","Compute Instance","AmazonEC2","EU (Paris)","AWS Region","c7i.8xlarge","Yes","Compute optimized","32","Intel Xeon Scalable (Sapphire Rapids)","3.2 GHz","64 GiB","EBS only","12500 Megabit","64-bit",,,,,,,,"Shared","Windows","No License required",,,,"EUW3-BoxUsage:c7i.8xlarge","RunInstances:0102","NA","Used","false","10000 Mbps","10000 Mbps","NA","Yes",,"NA",,,,,,,,,,,,,,"Compute Optimized",,"Yes","Yes","Yes","OnDemand","64",,"SQL Ent","Intel AVX; Intel AVX2; Intel AVX512; Intel Turbo; Intel AMX",,"eu-west-3",,"Amazon Elastic Compute Cloud",,,,"true"
"PSGQ85BDCBBX5DWT","MZU6U2429S","PSGQ85BDCBBX5DWT.MZU6U2429S.2TG2D8R56U","Reserved","Upfront Fee","2026-10-08",,,"Quantity","375159","USD",,"3yr","All Upfront","convertible","Compute Instance","AmazonEC2","EU (Paris)","AWS Region","c7i.8xlarge","Yes","Compute optimized","32","Intel Xeon Scalable (Sapphire Rapids)","3.2 GHz","64 GiB","EBS only","12500 Megabit","64-bit",,,,,,,,"Shared","Windows","No License required",,,,"EUW3-BoxUsage:c7i.8xlarge","RunInstances:0102","NA","Used","false","10000 Mbps","10000 Mbps","NA","Yes",,"NA",,,,,,,,,,,,,,"Compute Optimized",,"Yes","Yes","Yes","OnDemand","64",,"SQL Ent","Intel AVX; Intel AVX2; Intel AVX512; Intel Turbo; Intel AMX",,"eu-west-3",,"Amazon Elastic Compute Cloud",,,,"true"
"PSGQ85BDCBBX5DWT","NQ3QZPMQV9","PSGQ85BDCBBX5DWT.NQ3QZPMQV9.6YS6EN2CT7","Reserved","USD 0.0 per Windows with SQL Server Enterprise (Amazon VPC), c7i.8xlarge reserved instance applied","2026-10-08","0","Inf","Hrs","0.0000000000","USD",,"3yr","All Upfront","standard","Compute Instance","AmazonEC2","EU (Paris)","AWS Region","c7i.8xlarge","Yes","Compute optimized","32","Intel Xeon Scalable (Sapphire Rapids)","3.2 GHz","64 GiB","EBS only","12500 Megabit","64-bit",,,,,,,,"Shared","Windows","No License required",,,,"EUW3-BoxUsage:c7i.8xlarge","RunInstances:0102","NA","Used","false","10000 Mbps","10000 Mbps","NA","Yes",,"NA",,,,,,,,,,,,,,"Compute Optimized",,"Yes","Yes","Yes","OnDemand","64",,"SQL Ent","Intel AVX; Intel AVX2; Intel AVX512; Intel Turbo; Intel AMX",,"eu-west-3",,"Amazon Elastic Compute Cloud",,,,"true"
"PSGQ85BDCBBX5DWT","NQ3QZPMQV9","PSGQ85BDCBBX5DWT.NQ3QZPMQV9.2TG2D8R56U","Reserved","Upfront Fee","2026-10-08",,,"Quantity","371682","USD",,"3yr","All Upfront","standard","Compute Instance","AmazonEC2","EU (Paris)","AWS Region","c7i.8xlarge","Yes","Compute optimized","32","Intel Xeon Scalable (Sapphire Rapids)","3.2 GHz","64 GiB","EBS only","12500 Megabit","64-bit",,,,,,,,"Shared","Windows","No License required",,,,"EUW3-BoxUsage:c7i.8xlarge","RunInstances:0102","NA","Used","false","10000 Mbps","10000 Mbps","NA","Yes",,"NA",,,,,,,,,,,,,,"Compute Optimized",,"Yes","Yes","Yes","OnDemand","64",,"SQL Ent","Intel AVX; Intel AVX2; Intel AVX512; Intel Turbo; Intel AMX",,"eu-west-3",,"Amazon Elastic Compute Cloud",,,,"true"
"PSGQ85BDCBBX5DWT","R5XV2EPZQZ","PSGQ85BDCBBX5DWT.R5XV2EPZQZ.6YS6EN2CT7","Reserved","Windows with SQL Server Enterprise (Amazon VPC), c7i.8xlarge reserved instance applied","2026-10-08","0","Inf","Hrs","7.1459200000","USD",,"3yr","Partial Upfront","convertible","Compute Instance","AmazonEC2","EU (Paris)","AWS Region","c7i.8xlarge","Yes","Compute optimized","32","Intel Xeon Scalable (Sapphire Rapids)","3.2 GHz","64 GiB","EBS only","12500 Megabit","64-bit",,,,,,,,"Shared","Windows","No License required",,,,"EUW3-BoxUsage:c7i.8xlarge","RunInstances:0102","NA","Used","false","10000 Mbps","10000 Mbps","NA","Yes",,"NA",,,,,,,,,,,,,,"Compute Optimized",,"Yes","Yes","Yes","OnDemand","64",,"SQL Ent","Intel AVX; Intel AVX2; Intel AVX512; Intel Turbo; Intel AMX",,"eu-west-3",,"Amazon Elastic Compute Cloud",,,,"true"
"PSGQ85BDCBBX5DWT","R5XV2EPZQZ","PSGQ85BDCBBX5DWT.R5XV2EPZQZ.2TG2D8R56U","Reserved","Upfront Fee","2026-10-08",,,"Quantity","187795","USD",,"3yr","Partial Upfront","convertible","Compute Instance","AmazonEC2","EU (Paris)","AWS Region","c7i.8xlarge","Yes","Compute optimized","32","Intel Xeon Scalable (Sapphire Rapids)","3.2 GHz","64 GiB","EBS only","12500 Megabit","64-bit",,,,,,,,"Shared","Windows","No License required",,,,"EUW3-BoxUsage:c7i.8xlarge","RunInstances:0102","NA","Used","false","10000 Mbps","10000 Mbps","NA","Yes",,"NA",,,,,,,,,,,,,,"Compute Optimized",,"Yes","Yes","Yes","OnDemand","64",,"SQL Ent","Intel AVX; Intel AVX2; Intel AVX512; Intel Turbo; Intel AMX",,"eu-west-3",,"Amazon Elastic Compute Cloud",,,,"true"
"PSGQ85BDCBBX5DWT","VJWZNREJX2","PSGQ85BDCBBX5DWT.VJWZNREJX2.6YS6EN2CT7","Reserved","USD 0.0 per Windows with SQL Server Enterprise (Amazon VPC), c7i.8xlarge reserved instance applied","2026-10-08","0","Inf","Hrs","0.0000000000","USD",,"1yr","All Upfront","convertible","Compute Instance","AmazonEC2","EU (Paris)","AWS Region","c7i.8xlarge","Yes","Compute optimized","32","Intel Xeon Scalable (Sapphire Rapids)","3.2 GHz","64 GiB","EBS only","12500 Megabit","64-bit",,,,,,,,"Shared","Windows","No License required",,,,"EUW3-BoxUsage:c7i.8xlarge","RunInstances:0102","NA","Used","false","10000 Mbps","10000 Mbps","NA","Yes",,"NA",,,,,,,,,,,,,,"Compute Optimized",,"Yes","Yes","Yes","OnDemand","64",,"SQL Ent","Intel AVX; Intel AVX2; Intel AVX512; Intel Turbo; Intel AMX",,"eu-west-3",,"Amazon Elastic Compute Cloud",,,,"true"
"PSGQ85BDCBBX5DWT","VJWZNREJX2","PSGQ85BDCBBX5DWT.VJWZNREJX2.2TG2D8R56U","Reserved","Upfront Fee","2026-10-08",,,"Quantity","128586","USD",,"1yr","All Upfront","convertible","Compute Instance","AmazonEC2","EU (Paris)","AWS Region","c7i.8xlarge","Yes","Compute optimized","32","Intel Xeon Scalable (Sapphire Rapids)","3.2 GHz","64 GiB","EBS only","12500 Megabit","64-bit",,,,,,,,"Shared","Windows","No License required",,,,"EUW3-BoxUsage:c7i.8xlarge","RunInstances:0102","NA","Used","false","10000 Mbps","10000 Mbps","NA","Yes",,"NA",,,,,,,,,,,,,,"Compute Optimized",,"Yes","Yes","Yes","OnDemand","64",,"SQL Ent","Intel AVX; Intel AVX2; Intel AVX512; Intel Turbo; Intel AMX",,"eu-west-3",,"Amazon Elastic Compute Cloud",,,,"true"
"PSGQ85BDCBBX5DWT","Z2E3P23VKM","PSGQ85BDCBBX5DWT.Z2E3P23VKM.6YS6EN2CT7","Reserved","Windows with SQL Server Enterprise (Amazon VPC), c7i.8xlarge reserved instance applied","2026-10-08","0","Inf","Hrs","14.3574300000","USD",,"3yr","No Upfront","convertible","Compute Instance","AmazonEC2","EU (Paris)","AWS Region","c7i.8xlarge","Yes","Compute optimized","32","Intel Xeon Scalable (Sapphire Rapids)","3.2 GHz","64 GiB","EBS only","12500 Megabit","64-bit",,,,,,,,"Shared","Windows","No License required",,,,"EUW3-BoxUsage:c7i.8xlarge","RunInstances:0102","NA","Used","false","10000 Mbps","10000 Mbps","NA","Yes",,"NA",,,,,,,,,,,,,,"Compute Optimized",,"Yes","Yes","Yes","OnDemand","64",,"SQL Ent","Intel AVX; Intel AVX2; Intel AVX512; Intel Turbo; Intel AMX",,"eu-west-3",,"Amazon Elastic Compute Cloud",,,,"true"
"PSHP4KUAJ4ST32UR","JRTCKXETXF","PSHP4KUAJ4ST32UR.JRTCKXETXF.6YS6EN2CT7","OnDemand","$0.00 per Reservation RHEL with HA and SQL Enterprise c8i.12xlarge Instance Hour","2026-10-01","0","Inf","Hrs","0.0000000000","USD",,,,,"Compute Instance","AmazonEC2","EU (Paris)","AWS Region","c8i.12xlarge","Yes","Compute optimized","48","Intel Xeon Scalable (Granite Rapids)","3.9 GHz","96 GiB","EBS only","22500 Megabit","64-bit",,,,,,,,"Shared","Red Hat Enterprise Linux with HA","No License required",,,,"EUW3-Reservation:c8i.12xlarge","RunInstances:1110","NA","AllocatedCapacityReservation","false","15000 Mbps","15000 Mbps","NA","Yes",,"NA",,,,,,,,,,,,,,"Compute Optimized","P99466WXKKYGSPFU","Yes","Yes","Yes","OnDemand","96",,"SQL Ent","Intel AVX; Intel AVX2; Intel AVX512; Intel Turbo; Intel AMX",,"eu-west-3",,"Amazon Elastic Compute Cloud",,,,"true"
"PTPPXJVJNCS8AVSS","JRTCKXETXF","PTPPXJVJNCS8AVSS.JRTCKXETXF.6YS6EN2CT7","OnDemand","$6.50008 per Dedicated Unused Reservation RHEL with HA and SQL Standard c7i.8xlarge Instance Hour","2026-10-01","0","Inf","Hrs","6.5000800000","USD",,,,,"Compute Instance","AmazonEC2","EU (Paris)","AWS Region","c7i.8xlarge","Yes","Compute optimized","32","Intel Xeon Scalable (Sapphire Rapids)","3.2 GHz","64 GiB","EBS only","12500 Megabit","64-bit",,,,,,,,"Dedicated","Red Hat Enterprise Linux with HA","No License required",,,,"EUW3-UnusedDed:c7i.8xlarge","RunInstances:1014","NA","UnusedCapacityReservation","false","10000 Mbps","10000 Mbps","NA","Yes",,"NA",,,,,,,,,,,,,,"Compute Optimized","7C9TZ3XJQXRSNUQW","Yes","Yes","Yes","OnDemand","64",,"SQL Std","Intel AVX; Intel AVX2; Intel AVX512; Intel Turbo; Intel AMX",,"eu-west-3",,"Amazon Elastic Compute Cloud",,,,"true"
"PVMFD4CZ3EE3VABS","JRTCKXETXF","PVMFD4CZ3EE3VABS.JRTCKXETXF.6YS6EN2CT7","OnDemand","$5.8824 per On Demand RHEL with SQL Standard c7i.8xlarge Instance Hour","2026-10-01","0","Inf","Hrs","5.8824000000","USD",,,,,"Compute Instance","AmazonEC2","EU (Paris)","AWS Region","c7i.8xlarge","Yes","Compute optimized","32","Intel Xeon Scalable (Sapphire Rapids)","3.2 GHz","64 GiB","EBS only","12500 Megabit","64-bit",,,,,,,,"Shared","RHEL","No License required",,,,"EUW3-BoxUsage:c7i.8xlarge","RunInstances:0014","NA","Used","false","10000 Mbps","10000 Mbps","NA","Yes",,"NA",,,,,,,,,,,,,,"Compute Optimized",,"Yes","Yes","Yes","OnDemand","64",,"SQL Std","Intel AVX; Intel AVX2; Intel AVX512; Intel Turbo; Intel AMX",,"eu-west-3",,"Amazon Elastic Compute Cloud",,,,"true"
"PY48M5YMHBEK7BRR","JRTCKXETXF","PY48M5YMHBEK7BRR.JRTCKXETXF.6YS6EN2CT7","OnDemand","$9.89004 per Dedicated RHEL with HA and SQL Standard c8i.12xlarge Instance Hour","2026-10-01","0","Inf","Hrs","9.8900400000","USD",,,,,"Compute Instance","AmazonEC2","EU (Paris)","AWS Region","c8i.12xlarge","Yes","Compute optimized","48","Intel Xeon Scalable (Granite Rapids)","3.9 GHz","96 GiB","EBS only","22500 Megabit","64-bit",,,,,,,,"Dedicated","Red Hat Enterprise Linux with HA","No License required",,,,"EUW3-DedicatedUsage:c8i.12xlarge","RunInstances:1014","NA","Used","false","15000 Mbps","15000 Mbps","NA","Yes",,"NA",,,,,,,,,,,,,,"Compute Optimized",,"Yes","Yes","Yes","OnDemand","96",,"SQL Std","Intel AVX; Intel AVX2; Intel AVX512; Intel Turbo; Intel AMX",,"eu-west-3",,"Amazon Elastic Compute Cloud",,,,"true"
"Q4Q7KEVRJKSFZGC2","JRTCKXETXF","Q4Q7KEVRJKSFZGC2.JRTCKXETXF.6YS6EN2CT7","OnDemand","$0.00 per Dedicated Reservation Windows with SQL Std c8i.12xlarge Instance Hour","2026-10-01","0","Inf","Hrs","0.0000000000","USD",,,,,"Compute Instance","AmazonEC2","EU (Paris)","AWS Region","c8i.12xlarge","Yes","Compute optimized","48","Intel Xeon Scalable (Granite Rapids)","3.9 GHz","96 GiB","EBS only","22500 Megabit","64-bit",,,,,,,,"Dedicated","Windows","No License required",,,,"EUW3-DedicatedRes:c8i.12xlarge","RunInstances:0006","NA","AllocatedCapacityReservation","false","15000 Mbps","15000 Mbps","NA","Yes",,"NA",,,,,,,,,,,,,,"Compute Optimized","Z2NC4E8MDBPH7XCK","Yes","Yes","Yes","OnDemand","96",,"SQL Std","Intel AVX; Intel AVX2; Intel AVX512; Intel Turbo; Intel AMX",,"eu-west-3",,"Amazon Elastic Compute Cloud",,,,"true"
"Q9R5YSYZNCFS475M","JRTCKXETXF","Q9R5YSYZNCFS475M.JRTCKXETXF.6YS6EN2CT7","OnDemand","$0.00 per Linux with SQL Web c8i.12xlarge Dedicated Host Instance hour","2026-10-01","0","Inf","Hrs","0.0000000000","USD",,,,,"Compute Instance","AmazonEC2","EU (Paris)","AWS Region","c8i.12xlarge","Yes","Compute optimized","48","Intel Xeon Scalable (Granite Rapids)","3.9 GHz","96 GiB","EBS only","22500 Megabit","64-bit",,,,,,,,"Host","Linux","No License required",,,,"EUW3-HostBoxUsage:c8i.12xlarge","RunInstances:0200","NA","Used","false","15000 Mbps","15000 Mbps","NA","Yes",,"NA",,,,,,,,,,,,,,"Compute Optimized",,"Yes","Yes","Yes","OnDemand","96",,"SQL Web","Intel AVX; Intel AVX2; Intel AVX512; Intel Turbo; Intel AMX",,"eu-west-3",,"Amazon Elastic Compute Cloud",,,,"true"
"QCJZ2C85RECP3X3T","JRTCKXETXF","QCJZ2C85RECP3X3T.JRTCKXETXF.6YS6EN2CT7","OnDemand","$0.00 per Linux with SQL Web c7i.8xlarge Dedicated Host Instance hour","2026-10-01","0","Inf","Hrs","0.0000000000","USD",,,,,"Compute Instance","AmazonEC2","EU (Paris)","AWS Region","c7i.8xlarge","Yes","Compute optimized","32","Intel Xeon Scalable (Sapphire Rapids)","3.2 GHz","64 GiB","EBS only","12500 Megabit","64-bit",,,,,,,,"Host","Linux","No License required",,,,"EUW3-HostBoxUsage:c7i.8xlarge","RunInstances:0200","NA","Used","false","10000 Mbps","10000 Mbps","NA","Yes",,"NA",,,,,,,,,,,,,,"Compute Optimized",,"Yes","Yes","Yes","OnDemand","64",,"SQL Web","Intel AVX; Intel AVX2; Intel AVX512; Intel Turbo; Intel AMX",,"eu-west-3",,"Amazon Elastic Compute Cloud",,,,"true"
"QDUCCCF6W8QCG4WJ","JRTCKXETXF","QDUCCCF6W8QCG4WJ.JRTCKXETXF.6YS6EN2CT7","OnDemand","$1.86648 per Dedicated Windows BYOL c7i.8xlarge Instance Hour","2026-10-01","0","Inf","Hrs","1.8664800000","USD",,,,,"Compute Instance","AmazonEC2","EU (Paris)","AWS Region","c7i.8xlarge","Yes","Compute optimized","32","Intel Xeon Scalable (Sapphire Rapids)","3.2 GHz","64 GiB","EBS only","12500 Megabit","64-bit",,,,,,,,"Dedicated","Windows","Bring your own license",,,,"EUW3-DedicatedUsage:c7i.8xlarge","RunInstances:0800","NA","Used","false","10000 Mbps","10000 Mbps","NA","Yes",,"NA",,,,,,,,,,,,,,"Compute Optimized",,"Yes","Yes","Yes","OnDemand","64",,"NA","Intel AVX; Intel AVX2; Intel AVX512; Intel Turbo; Intel AMX",,"eu-west-3",,"Amazon Elastic Compute Cloud",,,,"true"
"QDVF9JB96KAXKFTK","38NPMPTW36","QDVF9JB96KAXKFTK.38NPMPTW36.6YS6EN2CT7","Reserved","Windows with SQL Server Web (Amazon VPC), c7i.8xlarge reserved instance applied","2026-10-08","0","Inf","Hrs","1.3634000000","USD",,"3yr","Partial Upfront","standard","Compute Instance","AmazonEC2","EU (Paris)","AWS Region","c7i.8xlarge","Yes","Compute optimized","32","Intel Xeon Scalable (Sapphire Rapids)","3.2 GHz","64 GiB","EBS only","12500 Megabit","64-bit",,,,,,,,"Shared","Windows","No License required",,,,"EUW3-BoxUsage:c7i.8xlarge","RunInstances:0202","NA","Used","false","10000 Mbps","10000 Mbps","NA","Yes",,"NA",,,,,,,,,,,,,,"Compute Optimized",,"Yes","Yes","Yes","OnDemand","64",,"SQL Web","Intel AVX; Intel AVX2; Intel AVX512; Intel Turbo; Intel AMX",,"eu-west-3",,"Amazon Elastic Compute Cloud",,,,"true"
"QDVF9JB96KAXKFTK","38NPMPTW36","QDVF9JB96KAXKFTK.38NPMPTW36.2TG2D8R56U","Reserved","Upfront Fee","2026-10-08",,,"Quantity","35830","USD",,"3yr","Partial Upfront","standard","Compute Instance","AmazonEC2","EU (Paris)","AWS Region","c7i.8xlarge","Yes","Compute optimized","32","Intel Xeon Scalable (Sapphire Rapids)","3.2 GHz","64 GiB","EBS only","12500 Megabit","64-bit",,,,,,,,"Shared","Windows","No License required",,,,"EUW3-BoxUsage:c7i.8xlarge","RunInstances:0202","NA","Used","false","10000 Mbps","10000 Mbps","NA","Yes",,"NA",,,,,,,,,,,,,,"Compute Optimized",,"Yes","Yes","Yes","OnDemand","64",,"SQL Web","Intel AVX; Intel AVX2; Intel AVX512; Intel Turbo; Intel AMX",,"eu-west-3",,"Amazon Elastic Compute Cloud",,,,"true"
"QDVF9JB96KAXKFTK","4NA7Y494T4","QDVF9JB96KAXKFTK.4NA7Y494T4.6YS6EN2CT7","Reserved","Windows with SQL Server Web (Amazon VPC), c7i.8xlarge reserved instance applied","2026-10-08","0","Inf","Hrs","3.1329300000","USD",,"1yr","No Upfront","standard","Compute Instance","AmazonEC2","EU (Paris)","AWS Region","c7i.8xlarge","Yes","Compute optimized","32","Intel Xeon Scalable (Sapphire Rapids)","3.2 GHz","64 GiB","EBS only","12500 Megabit","64-bit",,,,,,,,"Shared","Windows","No License required",,,,"EUW3-BoxUsage:c7i.8xlarge","RunInstances:0202","NA","Used","false","10000 Mbps","10000 Mbps","NA","Yes",,"NA",,,,,,,,,,,,,,"Compute Optimized",,"Yes","Yes","Yes","OnDemand","64",,"SQL Web","Intel AVX; Intel AVX2; Intel AVX512; Intel Turbo; Intel AMX",,"eu-west-3",,"Amazon Elastic Compute Cloud",,,,"true"
"QDVF9JB96KAXKFTK","6QCMYABX3D","QDVF9JB96KAXKFTK.6QCMYABX3D.6YS6EN2CT7","Reserved","USD 0.0 per Windows with SQL Server Web (Amazon VPC), c7i.8xlarge reserved instance applied","2026-10-08","0","Inf","Hrs","0.0000000000","USD",,"1yr","All Upfront","standard","Compute Instance","AmazonEC2","EU (Paris)","AWS Region","c7i.8xlarge","Yes","Compute optimized","32","Intel Xeon Scalable (Sapphire Rapids)","3.2 GHz","64 GiB","EBS only","12500 Megabit","64-bit",,,,,,,,"Shared","Windows","No License required",,,,"EUW3-BoxUsage:c7i.8xlarge","RunInstances:0202","NA","Used","false","10000 Mbps","10000 Mbps","NA","Yes",,"NA",,,,,,,,,,,,,,"Compute Optimized",,"Yes","Yes","Yes","OnDemand","64",,"SQL Web","Intel AVX; Intel AVX2; Intel AVX512; Intel Turbo; Intel AMX",,"eu-west-3",,"Amazon Elastic Compute Cloud",,,,"true"
"QDVF9JB96KAXKFTK","6QCMYABX3D","QDVF9JB96KAXKFTK.6QCMYABX3D.2TG2D8R56U","Reserved","Upfront Fee","2026-10-08",,,"Quantity","26790","USD",,"1yr","All Upfront","standard","Compute Instance","AmazonEC2","EU (Paris)","AWS Region","c7i.8xlarge","Yes","Compute optimized","32","Intel Xeon Scalable (Sapphire Rapids)","3.2 GHz","64 GiB","EBS only","12500 Megabit","64-bit",,,,,,,,"Shared","Windows","No License required",,,,"EUW3-BoxUsage:c7i.8xlarge","RunInstances:0202","NA","Used","false","10000 Mbps","10000 Mbps","NA","Yes",,"NA",,,,,,,,,,,,,,"Compute Optimized",,"Yes","Yes","Yes","OnDemand","64",,"SQL Web","Intel AVX; Intel AVX2; Intel AVX512; Intel Turbo; Intel AMX",,"eu-west-3",,"Amazon Elastic Compute Cloud",,,,"true"
"QDVF9JB96KAXKFTK","7NE97W5U4E","QDVF9JB96KAXKFTK.7NE97W5U4E.6YS6EN2CT7","Reserved","Windows with SQL Server Web (Amazon VPC), c7i.8xlarge reserved instance applied","2026-10-08","0","Inf","Hrs","3.3058100000","USD",,"1yr","No Upfront","convertible","Compute Instance","AmazonEC2","EU (Paris)","AWS Region","c7i.8xlarge","Yes","Compute optimized","32","Intel Xeon Scalable (Sapphire Rapids)","3.2 GHz","64 GiB","EBS only","12500 Megabit","64-bit",,,,,,,,"Shared","Windows","No License required",,,,"EUW3-BoxUsage:c7i.8xlarge","RunInstances:0202","NA","Used","false","10000 Mbps","10000 Mbps","NA","Yes",,"NA",,,,,,,,,,,,,,"Compute Optimized",,"Yes","Yes","Yes","OnDemand","64",,"SQL Web","Intel AVX; Intel AVX2; Intel AVX512; Intel Turbo; Intel AMX",,"eu-west-3",,"Amazon Elastic Compute Cloud",,,,"true"
"QDVF9JB96KAXKFTK","BPH4J8HBKS","QDVF9JB96KAXKFTK.BPH4J8HBKS.6YS6EN2CT7","Reserved","Windows with SQL Server Web (Amazon VPC), c7i.8xlarge reserved instance applied","2026-10-08","0","Inf","Hrs","2.7839200000","USD",,"3yr","No Upfront","standard","Compute Instance","AmazonEC2","EU (Paris)","AWS Region","c7i.8xlarge","Yes","Compute optimized","32","Intel Xeon Scalable (Sapphire Rapids)","3.2 GHz","64 GiB","EBS only","12500 Megabit","64-bit",,,,,,,,"Shared","Windows","No License required",,,,"EUW3-BoxUsage:c7i.8xlarge","RunInstances:0202","NA","Used","false","10000 Mbps","10000 Mbps","NA","Yes",,"NA",,,,,,,,,,,,,,"Compute Optimized",,"Yes","Yes","Yes","OnDemand","64",,"SQL Web","Intel AVX; Intel AVX2; Intel AVX512; Intel Turbo; Intel AMX",,"eu-west-3",,"Amazon Elastic Compute Cloud",,,,"true"
"QDVF9JB96KAXKFTK","CUZHX8X6JH","QDVF9JB96KAXKFTK.CUZHX8X6JH.6YS6EN2CT7","Reserved","Windows with SQL Server Web (Amazon VPC), c7i.8xlarge reserved instance applied","2026-10-08","0","Inf","Hrs","1.6221200000","USD",,"1yr","Partial Upfront","convertible","Compute Instance","AmazonEC2","EU (Paris)","AWS Region","c7i.8xlarge","Yes","Compute optimized","32","Intel Xeon Scalable (Sapphire Rapids)","3.2 GHz","64 GiB","EBS only","12500 Megabit","64-bit",,,,,,,,"Shared","Windows","No License required",,,,"EUW3-BoxUsage:c7i.8xlarge","RunInstances:0202","NA","Used","false","10000 Mbps","10000 Mbps","NA","Yes",,"NA",,,,,,,,,,,,,,"Compute Optimized",,"Yes","Yes","Yes","OnDemand","64",,"SQL Web","Intel AVX; Intel AVX2; Intel AVX512; Intel Turbo; Intel AMX",,"eu-west-3",,"Amazon Elastic Compute Cloud",,,,"true"
"QDVF9JB96KAXKFTK","CUZHX8X6JH","QDVF9JB96KAXKFTK.CUZHX8X6JH.2TG2D8R56U","Reserved","Upfront Fee","2026-10-08",,,"Quantity","14210","USD",,"1yr","Partial Upfront","convertible","Compute Instance","AmazonEC2","EU (Paris)","AWS Region","c7i.8xlarge","Yes","Compute optimized","32","Intel Xeon Scalable (Sapphire Rapids)","3.2 GHz","64 GiB","EBS only","12500 Megabit","64-bit",,,,,,,,"Shared","Windows","No License required",,,,"EUW3-BoxUsage:c7i.8xlarge","RunInstances:0202","NA","Used","false","10000 Mbps","10000 Mbps","NA","Yes",,"NA",,,,,,,,,,,,,,"Compute Optimized",,"Yes","Yes","Yes","OnDemand","64",,"SQL Web","Intel AVX; Intel AVX2; Intel AVX512; Intel Turbo; Intel AMX",,"eu-west-3",,"Amazon Elastic Compute Cloud",,,,"true"
"QDVF9JB96KAXKFTK","HU7G6KETJZ","QDVF9JB96KAXKFTK.HU7G6KETJZ.6YS6EN2CT7","Reserved","Windows with SQL Server Web (Amazon VPC), c7i.8xlarge reserved instance applied","2026-10-08","0","Inf","Hrs","1.5398000000","USD",,"1yr","Partial Upfront","standard","Compute Instance","AmazonEC2","EU (Paris)","AWS Region","c7i.8xlarge","Yes","Compute optimized","32","Intel Xeon Scalable (Sapphire Rapids)","3.2 GHz","64 GiB","EBS only","12500 Megabit","64-bit",,,,,,,,"Shared","Windows","No License required",,,,"EUW3-BoxUsage:c7i.8xlarge","RunInstances:0202","NA","Used","false","10000 Mbps","10000 Mbps","NA","Yes",,"NA",,,,,,,,,,,,,,"Compute Optimized",,"Yes","Yes","Yes","OnDemand","64",,"SQL Web","Intel AVX; Intel AVX2; Intel AVX512; Intel Turbo; Intel AMX",,"eu-west-3",,"Amazon Elastic Compute Cloud",,,,"true"
"QDVF9JB96KAXKFTK","HU7G6KETJZ","QDVF9JB96KAXKFTK.HU7G6KETJZ.2TG2D8R56U","Reserved","Upfront Fee","2026-10-08",,,"Quantity","13489","USD",,"1yr","Partial Upfront","standard","Compute Instance","AmazonEC2","EU (Paris)","AWS Region","c7i.8xlarge","Yes","Compute optimized","32","Intel Xeon Scalable (Sapphire Rapids)","3.2 GHz","64 GiB","EBS only","12500 Megabit","64-bit",,,,,,,,"Shared","Windows","No License required",,,,"EUW3-BoxUsage:c7i.8xlarge","RunInstances:0202","NA","Used","false","10000 Mbps","10000 Mbps","NA","Yes",,"NA",,,,,,,,,,,,,,"Compute Optimized",,"Yes","Yes","Yes","OnDemand","64",,"SQL Web","Intel AVX; Intel AVX2; Intel AVX512; Intel Turbo; Intel AMX",,"eu-west-3",,"Amazon Elastic Compute Cloud",,,,"true"
"QDVF9JB96KAXKFTK","JRTCKXETXF","QDVF9JB96KAXKFTK.JRTCKXETXF.6YS6EN2CT7","OnDemand","$3.7096 per On Demand Windows with SQL Web c7i.8xlarge Instance Hour","2026-10-01","0","Inf","Hrs","3.7096000000","USD",,,,,"Compute Instance","AmazonEC2","EU (Paris)","AWS Region","c7i.8xlarge","Yes","Compute optimized","32","Intel Xeon Scalable (Sapphire Rapids)","3.2 GHz","64 GiB","EBS only","12500 Megabit","64-bit",,,,,,,,"Shared","Windows","No License required",,,,"EUW3-BoxUsage:c7i.8xlarge","RunInstances:0202","NA","Used","false","10000 Mbps","10000 Mbps","NA","Yes",,"NA",,,,,,,,,,,,,,"Compute Optimized",,"Yes","Yes","Yes","OnDemand","64",,"SQL Web","Intel AVX; Intel AVX2; Intel AVX512; Intel Turbo; Intel AMX",,"eu-west-3",,"Amazon Elastic Compute Cloud",,,,"true"
"QDVF9JB96KAXKFTK","MZU6U2429S","QDVF9JB96KAXKFTK.MZU6U2429S.6YS6EN2CT7","Reserved","USD 0.0 per Windows with SQL Server Web (Amazon VPC), c7i.8xlarge reserved instance applied","2026-10-08","0","Inf","Hrs","0.0000000000","USD",,"3yr","All Upfront","convertible","Compute Instance","AmazonEC2","EU (Paris)","AWS Region","c7i.8xlarge","Yes","Compute optimized","32","Intel Xeon Scalable (Sapphire Rapids)","3.2 GHz","64 GiB","EBS only","12500 Megabit","64-bit",,,,,,,,"Shared","Windows","No License required",,,,"EUW3-BoxUsage:c7i.8xlarge","RunInstances:0202","NA","Used","false","10000 Mbps","10000 Mbps","NA","Yes",,"NA",,,,,,,,,,,,,,"Compute Optimized",,"Yes","Yes","Yes","OnDemand","64",,"SQL Web","Intel AVX; Intel AVX2; Intel AVX512; Intel Turbo; Intel AMX",,"eu-west-3",,"Amazon Elastic Compute Cloud",,,,"true"
"QDVF9JB96KAXKFTK","MZU6U2429S","QDVF9JB96KAXKFTK.MZU6U2429S.2TG2D8R56U","Reserved","Upfront Fee","2026-10-08",,,"Quantity","74011","USD",,"3yr","All Upfront","convertible","Compute Instance","AmazonEC2","EU (Paris)","AWS Region","c7i.8xlarge","Yes","Compute optimized","32","Intel Xeon Scalable (Sapphire Rapids)","3.2 GHz","64 GiB","EBS only","12500 Megabit","64-bit",,,,,,,,"Shared","Windows","No License required",,,,"EUW3-BoxUsage:c7i.8xlarge","RunInstances:0202","NA","Used","false","10000 Mbps","10000 Mbps","NA","Yes",,"NA",,,,,,,,,,,,,,"Compute Optimized",,"Yes","Yes","Yes","OnDemand","64",,"SQL Web","Intel AVX; Intel AVX2; Intel AVX512; Intel Turbo; Intel AMX",,"eu-west-3",,"Amazon Elastic Compute Cloud",,,,"true"
"QDVF9JB96KAXKFTK","NQ3QZPMQV9","QDVF9JB96KAXKFTK.NQ3QZPMQV9.6YS6EN2CT7","Reserved","USD 0.0 per Windows with SQL Server Web (Amazon VPC), c7i.8xlarge reserved instance applied","2026-10-08","0","Inf","Hrs","0.0000000000","USD",,"3yr","All Upfront","standard","Compute Instance","AmazonEC2","EU (Paris)","AWS Region","c7i.8xlarge","Yes","Compute optimized","32","Intel Xeon Scalable (Sapphire Rapids)","3.2 GHz","64 GiB","EBS only","12500 Megabit","64-bit",,,,,,,,"Shared","Windows","No License required",,,,"EUW3-BoxUsage:c7i.8xlarge","RunInstances:0202","NA","Used","false","10000 Mbps","10000 Mbps","NA","Yes",,"NA",,,,,,,,,,,,,,"Compute Optimized",,"Yes","Yes","Yes","OnDemand","64",,"SQL Web","Intel AVX; Intel AVX2; Intel AVX512; Intel Turbo; Intel AMX",,"eu-west-3",,"Amazon Elastic Compute Cloud",,,,"true"
"QDVF9JB96KAXKFTK","NQ3QZPMQV9","QDVF9JB96KAXKFTK.NQ3QZPMQV9.2TG2D8R56U","Reserved","Upfront Fee","2026-10-08",,,"Quantity","70534","USD",,"3yr","All Upfront","standard","Compute Instance","AmazonEC2","EU (Paris)","AWS Region","c7i.8xlarge","Yes","Compute optimized","32","Intel Xeon Scalable (Sapphire Rapids)","3.2 GHz","64 GiB","EBS only","12500 Megabit","64-bit",,,,,,,,"Shared","Windows","No License required",,,,"EUW3-BoxUsage:c7i.8xlarge","RunInstances:0202","NA","Used","false","10000 Mbps","10000 Mbps","NA","Yes",,"NA",,,,,,,,,,,,,,"Compute Optimized",,"Yes","Yes","Yes","OnDemand","64",,"SQL Web","Intel AVX; Intel AVX2; Intel AVX512; Intel Turbo; Intel AMX",,"eu-west-3",,"Amazon Elastic Compute Cloud",,,,"true"
"QDVF9JB96KAXKFTK","R5XV2EPZQZ","QDVF9JB96KAXKFTK.R5XV2EPZQZ.6YS6EN2CT7","Reserved","Windows with SQL Server Web (Amazon VPC), c7i.8xlarge reserved instance applied","2026-10-08","0","Inf","Hrs","1.4163200000","USD",,"3yr","Partial Upfront","convertible","Compute Instance","AmazonEC2","EU (Paris)","AWS Region","c7i.8xlarge","Yes","Compute optimized","32","Intel Xeon Scalable (Sapphire Rapids)","3.2 GHz","64 GiB","EBS only","12500 Megabit","64-bit",,,,,,,,"Shared","Windows","No License required",,,,"EUW3-BoxUsage:c7i.8xlarge","RunInstances:0202","NA","Used","false","10000 Mbps","10000 Mbps","NA","Yes",,"NA",,,,,,,,,,,,,,"Compute Optimized",,"Yes","Yes","Yes","OnDemand","64",,"SQL Web","Intel AVX; Intel AVX2; Intel AVX512; Intel Turbo; Intel AMX",,"eu-west-3",,"Amazon Elastic Compute Cloud",,,,"true"
"QDVF9JB96KAXKFTK","R5XV2EPZQZ","QDVF9JB96KAXKFTK.R5XV2EPZQZ.2TG2D8R56U","Reserved","Upfront Fee","2026-10-08",,,"Quantity","37221","USD",,"3yr","Partial Upfront","convertible","Compute Instance","AmazonEC2","EU (Paris)","AWS Region","c7i.8xlarge","Yes","Compute optimized","32","Intel Xeon Scalable (Sapphire Rapids)","3.2 GHz","64 GiB","EBS only","12500 Megabit","64-bit",,,,,,,,"Shared","Windows","No License required",,,,"EUW3-BoxUsage:c7i.8xlarge","RunInstances:0202","NA","Used","false","10000 Mbps","10000 Mbps","NA","Yes",,"NA",,,,,,,,,,,,,,"Compute Optimized",,"Yes","Yes","Yes","OnDemand","64",,"SQL Web","Intel AVX; Intel AVX2; Intel AVX512; Intel Turbo; Intel AMX",,"eu-west-3",,"Amazon Elastic Compute Cloud",,,,"true"
"QDVF9JB96KAXKFTK","VJWZNREJX2","QDVF9JB96KAXKFTK.VJWZNREJX2.6YS6EN2CT7","Reserved","USD 0.0 per Windows with SQL Server Web (Amazon VPC), c7i.8xlarge reserved instance applied","2026-10-08","0","Inf","Hrs","0.0000000000","USD",,"1yr","All Upfront","convertible","Compute Instance","AmazonEC2","EU (Paris)","AWS Region","c7i.8xlarge","Yes","Compute optimized","32","Intel Xeon Scalable (Sapphire Rapids)","3.2 GHz","64 GiB","EBS only","12500 Megabit","64-bit",,,,,,,,"Shared","Windows","No License required",,,,"EUW3-BoxUsage:c7i.8xlarge","RunInstances:0202","NA","Used","false","10000 Mbps","10000 Mbps","NA","Yes",,"NA",,,,,,,,,,,,,,"Compute Optimized",,"Yes","Yes","Yes","OnDemand","64",,"SQL Web","Intel AVX; Intel AVX2; Intel AVX512; Intel Turbo; Intel AMX",,"eu-west-3",,"Amazon Elastic Compute Cloud",,,,"true"
"QDVF9JB96KAXKFTK","VJWZNREJX2","QDVF9JB96KAXKFTK.VJWZNREJX2.2TG2D8R56U","Reserved","Upfront Fee","2026-10-08",,,"Quantity","28204","USD",,"1yr","All Upfront","convertible","Compute Instance","AmazonEC2","EU (Paris)","AWS Region","c7i.8xlarge","Yes","Compute optimized","32","Intel Xeon Scalable (Sapphire Rapids)","3.2 GHz","64 GiB","EBS only","12500 Megabit","64-bit",,,,,,,,"Shared","Windows","No License required",,,,"EUW3-BoxUsage:c7i.8xlarge","RunInstances:0202","NA","Used","false","10000 Mbps","10000 Mbps","NA","Yes",,"NA",,,,,,,,,,,,,,"Compute Optimized",,"Yes","Yes","Yes","OnDemand","64",,"SQL Web","Intel AVX; Intel AVX2; Intel AVX512; Intel Turbo; Intel AMX",,"eu-west-3",,"Amazon Elastic Compute Cloud",,,,"true"
"QDVF9JB96KAXKFTK","Z2E3P23VKM","QDVF9JB96KAXKFTK.Z2E3P23VKM.6YS6EN2CT7","Reserved","Windows with SQL Server Web (Amazon VPC), c7i.8xlarge reserved instance applied","2026-10-08","0","Inf","Hrs","2.8982300000","USD",,"3yr","No Upfront","convertible","Compute Instance","AmazonEC2","EU (Paris)","AWS Region","c7i.8xlarge","Yes","Compute optimized","32","Intel Xeon Scalable (Sapphire Rapids)","3.2 GHz","64 GiB","EBS only","12500 Megabit","64-bit",,,,,,,,"Shared","Windows","No License required",,,,"EUW3-BoxUsage:c7i.8xlarge","RunInstances:0202","NA","Used","false","10000 Mbps","10000 Mbps","NA","Yes",,"NA",,,,,,,,,,,,,,"Compute Optimized",,"Yes","Yes","Yes","OnDemand","64",,"SQL Web","Intel AVX; Intel AVX2; Intel AVX512; Intel Turbo; Intel AMX",,"eu-west-3",,"Amazon Elastic Compute Cloud",,,,"true"
"QGWUHTBFFFQJUC5T","JRTCKXETXF","QGWUHTBFFFQJUC5T.JRTCKXETXF.6YS6EN2CT7","OnDemand","$0.00 per Reservation RHEL c7i.12xlarge Instance Hour","2026-10-01","0","Inf","Hrs","0.0000000000","USD",,,,,"Compute Instance","AmazonEC2","EU (Paris)","AWS Region","c7i.12xlarge","Yes","Compute optimized","48","Intel Xeon Scalable (Sapphire Rapids)","3.2 GHz","96 GiB","EBS only","18750 Megabit","64-bit",,,,,,,,"Shared","RHEL","No License required",,,,"EUW3-Reservation:c7i.12xlarge","RunInstances:0010","NA","AllocatedCapacityReservation","false","15000 Mbps","15000 Mbps","NA","Yes",,"NA",,,,,,,,,,,,,,"Compute Optimized","FYSHMSQ3FZTC6JVT","Yes","Yes","Yes","OnDemand","96",,"NA","Intel AVX; Intel AVX2; Intel AVX512; Intel Turbo; Intel AMX",,"eu-west-3",,"Amazon Elastic Compute Cloud",,,,"true"
"QQ7YN77PAF6K8JQ3","JRTCKXETXF","QQ7YN77PAF6K8JQ3.JRTCKXETXF.6YS6EN2CT7","OnDemand","$0.00 per Reservation RHEL with HA and SQL Standard c7i.8xlarge Instance Hour","2026-10-01","0","Inf","Hrs","0.0000000000","USD",,,,,"Compute Instance","AmazonEC2","EU (Paris)","AWS Region","c7i.8xlarge","Yes","Compute optimized","32","Intel Xeon Scalable (Sapphire Rapids)","3.2 GHz","64 GiB","EBS only","12500 Megabit","64-bit",,,,,,,,"Shared","Red Hat Enterprise Linux with HA","No License required",,,,"EUW3-Reservation:c7i.8xlarge","RunInstances:1014","NA","AllocatedCapacityReservation","false","10000 Mbps","10000 Mbps","NA","Yes",,"NA",,,,,,,,,,,,,,"Compute Optimized","7DX85SUF5C474GMS","Yes","Yes","Yes","OnDemand","64",,"SQL Std","Intel AVX; Intel AVX2; Intel AVX512; Intel Turbo; Intel AMX",,"eu-west-3",,"Amazon Elastic Compute Cloud",,,,"true"
"QQQECE4GZPEX4JSC","JRTCKXETXF","QQQECE4GZPEX4JSC.JRTCKXETXF.6YS6EN2CT7","OnDemand","$0.00 per Reservation Windows with SQL Web c7i.12xlarge Instance Hour","2026-10-01","0","Inf","Hrs","0.0000000000","USD",,,,,"Compute Instance","AmazonEC2","EU (Paris)","AWS Region","c7i.12xlarge","Yes","Compute optimized","48","Intel Xeon Scalable (Sapphire Rapids)","3.2 GHz","96 GiB","EBS only","18750 Megabit","64-bit",,,,,,,,"Shared","Windows","No License required",,,,"EUW3-Reservation:c7i.12xlarge","RunInstances:0202","NA","AllocatedCapacityReservation","false","15000 Mbps","15000 Mbps","NA","Yes",,"NA",,,,,,,,,,,,,,"Compute Optimized","WAYP3QCX8KQZKJRZ","Yes","Yes","Yes","OnDemand","96",,"SQL Web","Intel AVX; Intel AVX2; Intel AVX512; Intel Turbo; Intel AMX",,"eu-west-3",,"Amazon Elastic Compute Cloud",,,,"true"
"QRD59FRZ2MWZRB3X","JRTCKXETXF","QRD59FRZ2MWZRB3X.JRTCKXETXF.6YS6EN2CT7","OnDemand","$0.00 per Reservation SUSE c8i.12xlarge Instance Hour","2026-10-01","0","Inf","Hrs","0.0000000000","USD",,,,,"Compute Instance","AmazonEC2","EU (Paris)","AWS Region","c8i.12xlarge","Yes","Compute optimized","48","Intel Xeon Scalable (Granite Rapids)","3.9 GHz","96 GiB","EBS only","22500 Megabit","64-bit",,,,,,,,"Shared","SUSE","No License required",,,,"EUW3-Reservation:c8i.12xlarge","RunInstances:000g","NA","AllocatedCapacityReservation","false","15000 Mbps","15000 Mbps","NA","Yes",,"NA",,,,,,,,,,,,,,"Compute Optimized","UN2VDU3ZD9MQ4MU4","Yes","Yes","Yes","OnDemand","96",,"NA","Intel AVX; Intel AVX2; Intel AVX512; Intel Turbo; Intel AMX",,"eu-west-3",,"Amazon Elastic Compute Cloud",,,,"true"
"QSMAQUS3V6WZXPA3","JRTCKXETXF","QSMAQUS3V6WZXPA3.JRTCKXETXF.6YS6EN2CT7","OnDemand","$2.93964 per Dedicated Unused Reservation Windows BYOL c8i.12xlarge Instance Hour","2026-10-01","0","Inf","Hrs","2.9396400000","USD",,,,,"Compute Instance","AmazonEC2","EU (Paris)","AWS Region","c8i.12xlarge","Yes","Compute optimized","48","Intel Xeon Scalable (Granite Rapids)","3.9 GHz","96 GiB","EBS only","22500 Megabit","64-bit",,,,,,,,"Dedicated","Windows","Bring your own license",,,,"EUW3-UnusedDed:c8i.12xlarge","RunInstances:0800","NA","UnusedCapacityReservation","false","15000 Mbps","15000 Mbps","NA","Yes",,"NA",,,,,,,,,,,,,,"Compute Optimized","6JSRZWWKKWQMVGEE","Yes","Yes","Yes","OnDemand","96",,"NA","Intel AVX; Intel AVX2; Intel AVX512; Intel Turbo; Intel AMX",,"eu-west-3",,"Amazon Elastic Compute Cloud",,,,"true"
"QYY2X7FFNA3YJ3VQ","38NPMPTW36","QYY2X7FFNA3YJ3VQ.38NPMPTW36.6YS6EN2CT7","Reserved","Windows with SQL Server Standard (Amazon VPC), c7i.12xlarge reserved instance applied","2026-10-08","0","Inf","Hrs","4.5730500000","USD",,"3yr","Partial Upfront","standard","Compute Instance","AmazonEC2","EU (Paris)","AWS Region","c7i.12xlarge","Yes","Compute optimized","48","Intel Xeon Scalable (Sapphire Rapids)","3.2 GHz","96 GiB","EBS only","18750 Megabit","64-bit",,,,,,,,"Dedicated","Windows","No License required",,,,"EUW3-DedicatedUsage:c7i.12xlarge","RunInstances:0006","NA","Used","false","15000 Mbps","15000 Mbps","NA","Yes",,"NA",,,,,,,,,,,,,,"Compute Optimized",,"Yes","Yes","Yes","OnDemand","96",,"SQL Std","Intel AVX; Intel AVX2; Intel AVX512; Intel Turbo; Intel AMX",,"eu-west-3",,"Amazon Elastic Compute Cloud",,,,"true"
"QYY2X7FFNA3YJ3VQ","38NPMPTW36","QYY2X7FFNA3YJ3VQ.38NPMPTW36.2TG2D8R56U","Reserved","Upfront Fee","2026-10-08",,,"Quantity","120180","USD",,"3yr","Partial Upfront","standard","Compute Instance","AmazonEC2","EU (Paris)","AWS Region","c7i.12xlarge","Yes","Compute optimized","48","Intel Xeon Scalable (Sapphire Rapids)","3.2 GHz","96 GiB","EBS only","18750 Megabit","64-bit",,,,,,,,"Dedicated","Windows","No License required",,,,"EUW3-DedicatedUsage:c7i.12xlarge","RunInstances:0006","NA","Used","false","15000 Mbps","15000 Mbps","NA","Yes",,"NA",,,,,,,,,,,,,,"Compute Optimized",,"Yes","Yes","Yes","OnDemand","96",,"SQL Std","Intel AVX; Intel AVX2; Intel AVX512; Intel Turbo; Intel AMX",,"eu-west-3",,"Amazon Elastic Compute Cloud",,,,"true"
"QYY2X7FFNA3YJ3VQ","4NA7Y494T4","QYY2X7FFNA3YJ3VQ.4NA7Y494T4.6YS6EN2CT7","Reserved","Windows with SQL Server Standard (Amazon VPC), c7i.12xlarge reserved instance applied","2026-10-08","0","Inf","Hrs","9.8162200000","USD",,"1yr","No Upfront","standard","Compute Instance","AmazonEC2","EU (Paris)","AWS Region","c7i.12xlarge","Yes","Compute optimized","48","Intel Xeon Scalable (Sapphire Rapids)","3.2 GHz","96 GiB","EBS only","18750 Megabit","64-bit",,,,,,,,"Dedicated","Windows","No License required",,,,"EUW3-DedicatedUsage:c7i.12xlarge","RunInstances:0006","NA","Used","false","15000 Mbps","15000 Mbps","NA","Yes",,"NA",,,,,,,,,,,,,,"Compute Optimized",,"Yes","Yes","Yes","OnDemand","96",,"SQL Std","Intel AVX; Intel AVX2; Intel AVX512; Intel Turbo; Intel AMX",,"eu-west-3",,"Amazon Elastic Compute Cloud",,,,"true"
"QYY2X7FFNA3YJ3VQ","6QCMYABX3D","QYY2X7FFNA3YJ3VQ.6QCMYABX3D.6YS6EN2CT7","Reserved","USD 0.0 per Windows with SQL Server Standard (Amazon VPC), c7i.12xlarge reserved instance applied","2026-10-08","0","Inf","Hrs","0.0000000000","USD",,"1yr","All Upfront","standard","Compute Instance","AmazonEC2","EU (Paris)","AWS Region","c7i.12xlarge","Yes","Compute optimized","48","Intel Xeon Scalable (Sapphire Rapids)","3.2 GHz","96 GiB","EBS only","18750 Megabit","64-bit",,,,,,,,"Dedicated","Windows","No License required",,,,"EUW3-DedicatedUsage:c7i.12xlarge","RunInstances:0006","NA","Used","false","15000 Mbps","15000 Mbps","NA","Yes",,"NA",,,,,,,,,,,,,,"Compute Optimized",,"Yes","Yes","Yes","OnDemand","96",,"SQL Std","Intel AVX; Intel AVX2; Intel AVX512; Intel Turbo; Intel AMX",,"eu-west-3",,"Amazon Elastic Compute Cloud",,,,"true"
"QYY2X7FFNA3YJ3VQ","6QCMYABX3D","QYY2X7FFNA3YJ3VQ.6QCMYABX3D.2TG2D8R56U","Reserved","Upfront Fee","2026-10-08",,,"Quantity","84911","USD",,"1yr","All Upfront","standard","Compute Instance","AmazonEC2","EU (Paris)","AWS Region","c7i.12xlarge","Yes","Compute optimized","48","Intel Xeon Scalable (Sapphire Rapids)","3.2 GHz","96 GiB","EBS only","18750 Megabit","64-bit",,,,,,,,"Dedicated","Windows","No License required",,,,"EUW3-DedicatedUsage:c7i.12xlarge","RunInstances:0006","NA","Used","false","15000 Mbps","15000 Mbps","NA","Yes",,"NA",,,,,,,,,,,,,,"Compute Optimized",,"Yes","Yes","Yes","OnDemand","96",,"SQL Std","Intel AVX; Intel AVX2; Intel AVX512; Intel Turbo; Intel AMX",,"eu-west-3",,"Amazon Elastic Compute Cloud",,,,"true"
"QYY2X7FFNA3YJ3VQ","7NE97W5U4E","QYY2X7FFNA3YJ3VQ.7NE97W5U4E.6YS6EN2CT7","Reserved","Windows with SQL Server Standard (Amazon VPC), c7i.12xlarge reserved instance applied","2026-10-08","0","Inf","Hrs","10.1014600000","USD",,"1yr","No Upfront","convertible","Compute Instance","AmazonEC2","EU (Paris)","AWS Region","c7i.12xlarge","Yes","Compute optimized","48","Intel Xeon Scalable (Sapphire Rapids)","3.2 GHz","96 GiB","EBS only","18750 Megabit","64-bit",,,,,,,,"Dedicated","Windows","No License required",,,,"EUW3-DedicatedUsage:c7i.12xlarge","RunInstances:0006","NA","Used","false","15000 Mbps","15000 Mbps","NA","Yes",,"NA",,,,,,,,,,,,,,"Compute Optimized",,"Yes","Yes","Yes","OnDemand","96",,"SQL Std","Intel AVX; Intel AVX2; Intel AVX512; Intel Turbo; Intel AMX",,"eu-west-3",,"Amazon Elastic Compute Cloud",,,,"true"
"QYY2X7FFNA3YJ3VQ","BPH4J8HBKS","QYY2X7FFNA3YJ3VQ.BPH4J8HBKS.6YS6EN2CT7","Reserved","Windows with SQL Server Standard (Amazon VPC), c7i.12xlarge reserved instance applied","2026-10-08","0","Inf","Hrs","9.2403400000","USD",,"3yr","No Upfront","standard","Compute Instance","AmazonEC2","EU (Paris)","AWS Region","c7i.12xlarge","Yes","Compute optimized","48","Intel Xeon Scalable (Sapphire Rapids)","3.2 GHz","96 GiB","EBS only","18750 Megabit","64-bit",,,,,,,,"Dedicated","Windows","No License required",,,,"EUW3-DedicatedUsage:c7i.12xlarge","RunInstances:0006","NA","Used","false","15000 Mbps","15000 Mbps","NA","Yes",,"NA",,,,,,,,,,,,,,"Compute Optimized",,"Yes","Yes","Yes","OnDemand","96",,"SQL Std","Intel AVX; Intel AVX2; Intel AVX512; Intel Turbo; Intel AMX",,"eu-west-3",,"Amazon Elastic Compute Cloud",,,,"true"
"QYY2X7FFNA3YJ3VQ","CUZHX8X6JH","QYY2X7FFNA3YJ3VQ.CUZHX8X6JH.6YS6EN2CT7","Reserved","Windows with SQL Server Standard (Amazon VPC), c7i.12xlarge reserved instance applied","2026-10-08","0","Inf","Hrs","4.9999300000","USD",,"1yr","Partial Upfront","convertible","Compute Instance","AmazonEC2","EU (Paris)","AWS Region","c7i.12xlarge","Yes","Compute optimized","48","Intel Xeon Scalable (Sapphire Rapids)","3.2 GHz","96 GiB","EBS only","18750 Megabit","64-bit",,,,,,,,"Dedicated","Windows","No License required",,,,"EUW3-DedicatedUsage:c7i.12xlarge","RunInstances:0006","NA","Used","false","15000 Mbps","15000 Mbps","NA","Yes",,"NA",,,,,,,,,,,,,,"Compute Optimized",,"Yes","Yes","Yes","OnDemand","96",,"SQL Std","Intel AVX; Intel AVX2; Intel AVX512; Intel Turbo; Intel AMX",,"eu-west-3",,"Amazon Elastic Compute Cloud",,,,"true"
"QYY2X7FFNA3YJ3VQ","CUZHX8X6JH","QYY2X7FFNA3YJ3VQ.CUZHX8X6JH.2TG2D8R56U","Reserved","Upfront Fee","2026-10-08",,,"Quantity","43799","USD",,"1yr","Partial Upfront","convertible","Compute Instance","AmazonEC2","EU (Paris)","AWS Region","c7i.12xlarge","Yes","Compute optimized","48","Intel Xeon Scalable (Sapphire Rapids)","3.2 GHz","96 GiB","EBS only","18750 Megabit","64-bit",,,,,,,,"Dedicated","Windows","No License required",,,,"EUW3-DedicatedUsage:c7i.12xlarge","RunInstances:0006","NA","Used","false","15000 Mbps","15000 Mbps","NA","Yes",,"NA",,,,,,,,,,,,,,"Compute Optimized",,"Yes","Yes","Yes","OnDemand","96",,"SQL Std","Intel AVX; Intel AVX2; Intel AVX512; Intel Turbo; Intel AMX",,"eu-west-3",,"Amazon Elastic Compute Cloud",,,,"true"
"QYY2X7FFNA3YJ3VQ","HU7G6KETJZ","QYY2X7FFNA3YJ3VQ.HU7G6KETJZ.6YS6EN2CT7","Reserved","Windows with SQL Server Standard (Amazon VPC), c7i.12xlarge reserved instance applied","2026-10-08","0","Inf","Hrs","4.8641100000","USD",,"1yr","Partial Upfront","standard","Compute Instance","AmazonEC2","EU (Paris)","AWS Region","c7i.12xlarge","Yes","Compute optimized","48","Intel Xeon Scalable (Sapphire Rapids)","3.2 GHz","96 GiB","EBS only","18750 Megabit","64-bit",,,,,,,,"Dedicated","Windows","No License required",,,,"EUW3-DedicatedUsage:c7i.12xlarge","RunInstances:0006","NA","Used","false","15000 Mbps","15000 Mbps","NA","Yes",,"NA",,,,,,,,,,,,,,"Compute Optimized",,"Yes","Yes","Yes","OnDemand","96",,"SQL Std","Intel AVX; Intel AVX2; Intel AVX512; Intel Turbo; Intel AMX",,"eu-west-3",,"Amazon Elastic Compute Cloud",,,,"true"
"QYY2X7FFNA3YJ3VQ","HU7G6KETJZ","QYY2X7FFNA3YJ3VQ.HU7G6KETJZ.2TG2D8R56U","Reserved","Upfront Fee","2026-10-08",,,"Quantity","42610","USD",,"1yr","Partial Upfront","standard","Compute Instance","AmazonEC2","EU (Paris)","AWS Region","c7i.12xlarge","Yes","Compute optimized","48","Intel Xeon Scalable (Sapphire Rapids)","3.2 GHz","96 GiB","EBS only","18750 Megabit","64-bit",,,,,,,,"Dedicated","Windows","No License required",,,,"EUW3-DedicatedUsage:c7i.12xlarge","RunInstances:0006","NA","Used","false","15000 Mbps","15000 Mbps","NA","Yes",,"NA",,,,,,,,,,,,,,"Compute Optimized",,"Yes","Yes","Yes","OnDemand","96",,"SQL Std","Intel AVX; Intel AVX2; Intel AVX512; Intel Turbo; Intel AMX",,"eu-west-3",,"Amazon Elastic Compute Cloud",,,,"true"
"QYY2X7FFNA3YJ3VQ","JRTCKXETXF","QYY2X7FFNA3YJ3VQ.JRTCKXETXF.6YS6EN2CT7","OnDemand","$10.76772 per Dedicated Windows with SQL Std c7i.12xlarge Instance Hour","2026-10-01","0","Inf","Hrs","10.7677200000","USD",,,,,"Compute Instance","AmazonEC2","EU (Paris)","AWS Region","c7i.12xlarge","Yes","Compute optimized","48","Intel Xeon Scalable (Sapphire Rapids)","3.2 GHz","96 GiB","EBS only","18750 Megabit","64-bit",,,,,,,,"Dedicated","Windows","No License required",,,,"EUW3-DedicatedUsage:c7i.12xlarge","RunInstances:0006","NA","Used","false","15000 Mbps","15000 Mbps","NA","Yes",,"NA",,,,,,,,,,,,,,"Compute Optimized",,"Yes","Yes","Yes","OnDemand","96",,"SQL Std","Intel AVX; Intel AVX2; Intel AVX512; Intel Turbo; Intel AMX",,"eu-west-3",,"Amazon Elastic Compute Cloud",,,,"true"
"QYY2X7FFNA3YJ3VQ","MZU6U2429S","QYY2X7FFNA3YJ3VQ.MZU6U2429S.6YS6EN2CT7","Reserved","USD 0.0 per Windows with SQL Server Standard (Amazon VPC), c7i.12xlarge reserved instance applied","2026-10-08","0","Inf","Hrs","0.0000000000","USD",,"3yr","All Upfront","convertible","Compute Instance","AmazonEC2","EU (Paris)","AWS Region","c7i.12xlarge","Yes","Compute optimized","48","Intel Xeon Scalable (Sapphire Rapids)","3.2 GHz","96 GiB","EBS only","18750 Megabit","64-bit",,,,,,,,"Dedicated","Windows","No License required",,,,"EUW3-DedicatedUsage:c7i.12xlarge","RunInstances:0006","NA","Used","false","15000 Mbps","15000 Mbps","NA","Yes",,"NA",,,,,,,,,,,,,,"Compute Optimized",,"Yes","Yes","Yes","OnDemand","96",,"SQL Std","Intel AVX; Intel AVX2; Intel AVX512; Intel Turbo; Intel AMX",,"eu-west-3",,"Amazon Elastic Compute Cloud",,,,"true"
"QYY2X7FFNA3YJ3VQ","MZU6U2429S","QYY2X7FFNA3YJ3VQ.MZU6U2429S.2TG2D8R56U","Reserved","Upfront Fee","2026-10-08",,,"Quantity","244238","USD",,"3yr","All Upfront","convertible","Compute Instance","AmazonEC2","EU (Paris)","AWS Region","c7i.12xlarge","Yes","Compute optimized","48","Intel Xeon Scalable (Sapphire Rapids)","3.2 GHz","96 GiB","EBS only","18750 Megabit","64-bit",,,,,,,,"Dedicated","Windows","No License required",,,,"EUW3-DedicatedUsage:c7i.12xlarge","RunInstances:0006","NA","Used","false","15000 Mbps","15000 Mbps","NA","Yes",,"NA",,,,,,,,,,,,,,"Compute Optimized",,"Yes","Yes","Yes","OnDemand","96",,"SQL Std","Intel AVX; Intel AVX2; Intel AVX512; Intel Turbo; Intel AMX",,"eu-west-3",,"Amazon Elastic Compute Cloud",,,,"true"
"QYY2X7FFNA3YJ3VQ","NQ3QZPMQV9","QYY2X7FFNA3YJ3VQ.NQ3QZPMQV9.6YS6EN2CT7","Reserved","USD 0.0 per Windows with SQL Server Standard (Amazon VPC), c7i.12xlarge reserved instance applied","2026-10-08","0","Inf","Hrs","0.0000000000","USD",,"3yr","All Upfront","standard","Compute Instance","AmazonEC2","EU (Paris)","AWS Region","c7i.12xlarge","Yes","Compute optimized","48","Intel Xeon Scalable (Sapphire Rapids)","3.2 GHz","96 GiB","EBS only","18750 Megabit","64-bit",,,,,,,,"Dedicated","Windows","No License required",,,,"EUW3-DedicatedUsage:c7i.12xlarge","RunInstances:0006","NA","Used","false","15000 Mbps","15000 Mbps","NA","Yes",,"NA",,,,,,,,,,,,,,"Compute Optimized",,"Yes","Yes","Yes","OnDemand","96",,"SQL Std","Intel AVX; Intel AVX2; Intel AVX512; Intel Turbo; Intel AMX",,"eu-west-3",,"Amazon Elastic Compute Cloud",,,,"true"
"QYY2X7FFNA3YJ3VQ","NQ3QZPMQV9","QYY2X7FFNA3YJ3VQ.NQ3QZPMQV9.2TG2D8R56U","Reserved","Upfront Fee","2026-10-08",,,"Quantity","238502","USD",,"3yr","All Upfront","standard","Compute Instance","AmazonEC2","EU (Paris)","AWS Region","c7i.12xlarge","Yes","Compute optimized","48","Intel Xeon Scalable (Sapphire Rapids)","3.2 GHz","96 GiB","EBS only","18750 Megabit","64-bit",,,,,,,,"Dedicated","Windows","No License required",,,,"EUW3-DedicatedUsage:c7i.12xlarge","RunInstances:0006","NA","Used","false","15000 Mbps","15000 Mbps","NA","Yes",,"NA",,,,,,,,,,,,,,"Compute Optimized",,"Yes","Yes","Yes","OnDemand","96",,"SQL Std","Intel AVX; Intel AVX2; Intel AVX512; Intel Turbo; Intel AMX",,"eu-west-3",,"Amazon Elastic Compute Cloud",,,,"true"
"QYY2X7FFNA3YJ3VQ","R5XV2EPZQZ","QYY2X7FFNA3YJ3VQ.R5XV2EPZQZ.6YS6EN2CT7","Reserved","Windows with SQL Server Standard (Amazon VPC), c7i.12xlarge reserved instance applied","2026-10-08","0","Inf","Hrs","4.6603700000","USD",,"3yr","Partial Upfront","convertible","Compute Instance","AmazonEC2","EU (Paris)","AWS Region","c7i.12xlarge","Yes","Compute optimized","48","Intel Xeon Scalable (Sapphire Rapids)","3.2 GHz","96 GiB","EBS only","18750 Megabit","64-bit",,,,,,,,"Dedicated","Windows","No License required",,,,"EUW3-DedicatedUsage:c7i.12xlarge","RunInstances:0006","NA","Used","false","15000 Mbps","15000 Mbps","NA","Yes",,"NA",,,,,,,,,,,,,,"Compute Optimized",,"Yes","Yes","Yes","OnDemand","96",,"SQL Std","Intel AVX; Intel AVX2; Intel AVX512; Intel Turbo; Intel AMX",,"eu-west-3",,"Amazon Elastic Compute Cloud",,,,"true"
"QYY2X7FFNA3YJ3VQ","R5XV2EPZQZ","QYY2X7FFNA3YJ3VQ.R5XV2EPZQZ.2TG2D8R56U","Reserved","Upfront Fee","2026-10-08",,,"Quantity","122475","USD",,"3yr","Partial Upfront","convertible","Compute Instance","AmazonEC2","EU (Paris)","AWS Region","c7i.12xlarge","Yes","Compute optimized","48","Intel Xeon Scalable (Sapphire Rapids)","3.2 GHz","96 GiB","EBS only","18750 Megabit","64-bit",,,,,,,,"Dedicated","Windows","No License required",,,,"EUW3-DedicatedUsage:c7i.12xlarge","RunInstances:0006","NA","Used","false","15000 Mbps","15000 Mbps","NA","Yes",,"NA",,,,,,,,,,,,,,"Compute Optimized",,"Yes","Yes","Yes","OnDemand","96",,"SQL Std","Intel AVX; Intel AVX2; Intel AVX512; Intel Turbo; Intel AMX",,"eu-west-3",,"Amazon Elastic Compute Cloud",,,,"true"
"QYY2X7FFNA3YJ3VQ","VJWZNREJX2","QYY2X7FFNA3YJ3VQ.VJWZNREJX2.6YS6EN2CT7","Reserved","USD 0.0 per Windows with SQL Server Standard (Amazon VPC), c7i.12xlarge reserved instance applied","2026-10-08","0","Inf","Hrs","0.0000000000","USD",,"1yr","All Upfront","convertible","Compute Instance","AmazonEC2","EU (Paris)","AWS Region","c7i.12xlarge","Yes","Compute optimized","48","Intel Xeon Scalable (Sapphire Rapids)","3.2 GHz","96 GiB","EBS only","18750 Megabit","64-bit",,,,,,,,"Dedicated","Windows","No License required",,,,"EUW3-DedicatedUsage:c7i.12xlarge","RunInstances:0006","NA","Used","false","15000 Mbps","15000 Mbps","NA","Yes",,"NA",,,,,,,,,,,,,,"Compute Optimized",,"Yes","Yes","Yes","OnDemand","96",,"SQL Std","Intel AVX; Intel AVX2; Intel AVX512; Intel Turbo; Intel AMX",,"eu-west-3",,"Amazon Elastic Compute Cloud",,,,"true"
"QYY2X7FFNA3YJ3VQ","VJWZNREJX2","QYY2X7FFNA3YJ3VQ.VJWZNREJX2.2TG2D8R56U","Reserved","Upfront Fee","2026-10-08",,,"Quantity","87243","USD",,"1yr","All Upfront","convertible","Compute Instance","AmazonEC2","EU (Paris)","AWS Region","c7i.12xlarge","Yes","Compute optimized","48","Intel Xeon Scalable (Sapphire Rapids)","3.2 GHz","96 GiB","EBS only","18750 Megabit","64-bit",,,,,,,,"Dedicated","Windows","No License required",,,,"EUW3-DedicatedUsage:c7i.12xlarge","RunInstances:0006","NA","Used","false","15000 Mbps","15000 Mbps","NA","Yes",,"NA",,,,,,,,,,,,,,"Compute Optimized",,"Yes","Yes","Yes","OnDemand","96",,"SQL Std","Intel AVX; Intel AVX2; Intel AVX512; Intel Turbo; Intel AMX",,"eu-west-3",,"Amazon Elastic Compute Cloud",,,,"true"
"QYY2X7FFNA3YJ3VQ","Z2E3P23VKM","QYY2X7FFNA3YJ3VQ.Z2E3P23VKM.6YS6EN2CT7","Reserved","Windows with SQL Server Standard (Amazon VPC), c7i.12xlarge reserved instance applied","2026-10-08","0","Inf","Hrs","9.4289600000","USD",,"3yr","No Upfront","convertible","Compute Instance","AmazonEC2","EU (Paris)","AWS Region","c7i.12xlarge","Yes","Compute optimized","48","Intel Xeon Scalable (Sapphire Rapids)","3.2 GHz","96 GiB","EBS only","18750 Megabit","64-bit",,,,,,,,"Dedicated","Windows","No License required",,,,"EUW3-DedicatedUsage:c7i.12xlarge","RunInstances:0006","NA","Used","false","15000 Mbps","15000 Mbps","NA","Yes",,"NA",,,,,,,,,,,,,,"Compute Optimized",,"Yes","Yes","Yes","OnDemand","96",,"SQL Std","Intel AVX; Intel AVX2; Intel AVX512; Intel Turbo; Intel AMX",,"eu-west-3",,"Amazon Elastic Compute Cloud",,,,"true"
"R6WHQ35TDNX2MKT4","JRTCKXETXF","R6WHQ35TDNX2MKT4.JRTCKXETXF.6YS6EN2CT7","OnDemand","$3.1688 per Unused Reservation Windows c7i.8xlarge Instance Hour","2026-10-01","0","Inf","Hrs","3.1688000000","USD",,,,,"Compute Instance","AmazonEC2","EU (Paris)","AWS Region","c7i.8xlarge","Yes","Compute optimized","32","Intel Xeon Scalable (Sapphire Rapids)","3.2 GHz","64 GiB","EBS only","12500 Megabit","64-bit",,,,,,,,"Shared","Windows","No License required",,,,"EUW3-UnusedBox:c7i.8xlarge","RunInstances:0002","NA","UnusedCapacityReservation","false","10000 Mbps","10000 Mbps","NA","Yes",,"NA",,,,,,,,,,,,,,"Compute Optimized","BRXM89J9XAMWX2TD","Yes","Yes","Yes","OnDemand","64",,"NA","Intel AVX; Intel AVX2; Intel AVX512; Intel Turbo; Intel AMX",,"eu-west-3",,"Amazon Elastic Compute Cloud",,,,"true"
"R7RJ32ENXSXGEQFG","JRTCKXETXF","R7RJ32ENXSXGEQFG.JRTCKXETXF.6YS6EN2CT7","OnDemand","$21.0636 per Unused Reservation RHEL with SQL Server Enterprise c7i.12xlarge Instance Hour","2026-10-01","0","Inf","Hrs","21.0636000000","USD",,,,,"Compute Instance","AmazonEC2","EU (Paris)","AWS Region","c7i.12xlarge","Yes","Compute optimized","48","Intel Xeon Scalable (Sapphire Rapids)","3.2 GHz","96 GiB","EBS only","18750 Megabit","64-bit",,,,,,,,"Shared","RHEL","No License required",,,,"EUW3-UnusedBox:c7i.12xlarge","RunInstances:0110","NA","UnusedCapacityReservation","false","15000 Mbps","15000 Mbps","NA","Yes",,"NA",,,,,,,,,,,,,,"Compute Optimized","NGF9VSK4GFGWXJMF","Yes","Yes","Yes","OnDemand","96",,"SQL Ent","Intel AVX; Intel AVX2; Intel AVX512; Intel Turbo; Intel AMX",,"eu-west-3",,"Amazon Elastic Compute Cloud",,,,"true"
"R7YCPXHKT4S8YG4X","JRTCKXETXF","R7YCPXHKT4S8YG4X.JRTCKXETXF.6YS6EN2CT7","OnDemand","$0.00 per Reservation Windows with SQL Web c8i.12xlarge Instance Hour","2026-10-01","0","Inf","Hrs","0.0000000000","USD",,,,,"Compute Instance","AmazonEC2","EU (Paris)","AWS Region","c8i.12xlarge","Yes","Compute optimized","48","Intel Xeon Scalable (Granite Rapids)","3.9 GHz","96 GiB","EBS only","22500 Megabit","64-bit",,,,,,,,"Shared","Windows","No License required",,,,"EUW3-Reservation:c8i.12xlarge","RunInstances:0202","NA","AllocatedCapacityReservation","false","15000 Mbps","15000 Mbps","NA","Yes",,"NA",,,,,,,,,,,,,,"Compute Optimized","UJUHZ3MV5B2UXDZF","Yes","Yes","Yes","OnDemand","96",,"SQL Web","Intel AVX; Intel AVX2; Intel AVX512; Intel Turbo; Intel AMX",,"eu-west-3",,"Amazon Elastic Compute Cloud",,,,"true"
"R9EQZKJFWQQHYAVR","JRTCKXETXF","R9EQZKJFWQQHYAVR.JRTCKXETXF.6YS6EN2CT7","OnDemand","$0.00 per Dedicated Reservation RHEL c7i.8xlarge Instance Hour","2026-10-01","0","Inf","Hrs","0.0000000000","USD",,,,,"Compute Instance","AmazonEC2","EU (Paris)","AWS Region","c7i.8xlarge","Yes","Compute optimized","32","Intel Xeon Scalable (Sapphire Rapids)","3.2 GHz","64 GiB","EBS only","12500 Megabit","64-bit",,,,,,,,"Dedicated","RHEL","No License required",,,,"EUW3-DedicatedRes:c7i.8xlarge","RunInstances:0010","NA","AllocatedCapacityReservation","false","10000 Mbps","10000 Mbps","NA","Yes",,"NA",,,,,,,,,,,,,,"Compute Optimized","36KSQSP2FQ5RTWDC","Yes","Yes","Yes","OnDemand","64",,"NA","Intel AVX; Intel AVX2; Intel AVX512; Intel Turbo; Intel AMX",,"eu-west-3",,"Amazon Elastic Compute Cloud",,,,"true"
"RKFRM5JW99YQMR8K","38NPMPTW36","RKFRM5JW99YQMR8K.38NPMPTW36.6YS6EN2CT7","Reserved","Linux/UNIX (Amazon VPC), c7i.12xlarge reserved instance applied","2026-10-08","0","Inf","Hrs","0.5355000000","USD",,"3yr","Partial Upfront","standard","Compute Instance","AmazonEC2","EU (Paris)","AWS Region","c7i.12xlarge","Yes","Compute optimized","48","Intel Xeon Scalable (Sapphire Rapids)","3.2 GHz","96 GiB","EBS only","18750 Megabit","64-bit",,,,,,,,"Shared","Linux","No License required",,,,"EUW3-BoxUsage:c7i.12xlarge","RunInstances","NA","Used","false","15000 Mbps","15000 Mbps","NA","Yes",,"NA",,,,,,,,,,,,,,"Compute Optimized",,"Yes","Yes","Yes","OnDemand","96",,"NA","Intel AVX; Intel AVX2; Intel AVX512; Intel Turbo; Intel AMX",,"eu-west-3",,"Amazon Elastic Compute Cloud",,,,"true"
"RKFRM5JW99YQMR8K","38NPMPTW36","RKFRM5JW99YQMR8K.38NPMPTW36.2TG2D8R56U","Reserved","Upfront Fee","2026-10-08",,,"Quantity","14073","USD",,"3yr","Partial Upfront","standard","Compute Instance","AmazonEC2","EU (Paris)","AWS Region","c7i.12xlarge","Yes","Compute optimized","48","Intel Xeon Scalable (Sapphire Rapids)","3.2 GHz","96 GiB","EBS only","18750 Megabit","64-bit",,,,,,,,"Shared","Linux","No License required",,,,"EUW3-BoxUsage:c7i.12xlarge","RunInstances","NA","Used","false","15000 Mbps","15000 Mbps","NA","Yes",,"NA",,,,,,,,,,,,,,"Compute Optimized",,"Yes","Yes","Yes","OnDemand","96",,"NA","Intel AVX; Intel AVX2; Intel AVX512; Intel Turbo; Intel AMX",,"eu-west-3",,"Amazon Elastic Compute Cloud",,,,"true"
"RKFRM5JW99YQMR8K","4NA7Y494T4","RKFRM5JW99YQMR8K.4NA7Y494T4.6YS6EN2CT7","Reserved","Linux/UNIX (Amazon VPC), c7i.12xlarge reserved instance applied","2026-10-08","0","Inf","Hrs","1.6802000000","USD",,"1yr","No Upfront","standard","Compute Instance","AmazonEC2","EU (Paris)","AWS Region","c7i.12xlarge","Yes","Compute optimized","48","Intel Xeon Scalable (Sapphire Rapids)","3.2 GHz","96 GiB","EBS only","18750 Megabit","64-bit",,,,,,,,"Shared","Linux","No License required",,,,"EUW3-BoxUsage:c7i.12xlarge","RunInstances","NA","Used","false","15000 Mbps","15000 Mbps","NA","Yes",,"NA",,,,,,,,,,,,,,"Compute Optimized",,"Yes","Yes","Yes","OnDemand","96",,"NA","Intel AVX; Intel AVX2; Intel AVX512; Intel Turbo; Intel AMX",,"eu-west-3",,"Amazon Elastic Compute Cloud",,,,"true"
"RKFRM5JW99YQMR8K","6QCMYABX3D","RKFRM5JW99YQMR8K.6QCMYABX3D.6YS6EN2CT7","Reserved","USD 0.0 per Linux/UNIX (Amazon VPC), c7i.12xlarge reserved instance applied","2026-10-08","0","Inf","Hrs","0.0000000000","USD",,"1yr","All Upfront","standard","Compute Instance","AmazonEC2","EU (Paris)","AWS Region","c7i.12xlarge","Yes","Compute optimized","48","Intel Xeon Scalable (Sapphire Rapids)","3.2 GHz","96 GiB","EBS only","18750 Megabit","64-bit",,,,,,,,"Shared","Linux","No License required",,,,"EUW3-BoxUsage:c7i.12xlarge","RunInstances","NA","Used","false","15000 Mbps","15000 Mbps","NA","Yes",,"NA",,,,,,,,,,,,,,"Compute Optimized",,"Yes","Yes","Yes","OnDemand","96",,"NA","Intel AVX; Intel AVX2; Intel AVX512; Intel Turbo; Intel AMX",,"eu-west-3",,"Amazon Elastic Compute Cloud",,,,"true"
"RKFRM5JW99YQMR8K","6QCMYABX3D","RKFRM5JW99YQMR8K.6QCMYABX3D.2TG2D8R56U","Reserved","Upfront Fee","2026-10-08",,,"Quantity","13737","USD",,"1yr","All Upfront","standard","Compute Instance","AmazonEC2","EU (Paris)","AWS Region","c7i.12xlarge","Yes","Compute optimized","48","Intel Xeon Scalable (Sapphire Rapids)","3.2 GHz","96 GiB","EBS only","18750 Megabit","64-bit",,,,,,,,"Shared","Linux","No License required",,,,"EUW3-BoxUsage:c7i.12xlarge","RunInstances","NA","Used","false","15000 Mbps","15000 Mbps","NA","Yes",,"NA",,,,,,,,,,,,,,"Compute Optimized",,"Yes","Yes","Yes","OnDemand","96",,"NA","Intel AVX; Intel AVX2; Intel AVX512; Intel Turbo; Intel AMX",,"eu-west-3",,"Amazon Elastic Compute Cloud",,,,"true"
"RKFRM5JW99YQMR8K","7NE97W5U4E","RKFRM5JW99YQMR8K.7NE97W5U4E.6YS6EN2CT7","Reserved","Linux/UNIX (Amazon VPC), c7i.12xlarge reserved instance applied","2026-10-08","0","Inf","Hrs","1.9395100000","USD",,"1yr","No Upfront","convertible","Compute Instance","AmazonEC2","EU (Paris)","AWS Region","c7i.12xlarge","Yes","Compute optimized","48","Intel Xeon Scalable (Sapphire Rapids)","3.2 GHz","96 GiB","EBS only","18750 Megabit","64-bit",,,,,,,,"Shared","Linux","No License required",,,,"EUW3-BoxUsage:c7i.12xlarge","RunInstances","NA","Used","false","15000 Mbps","15000 Mbps","NA","Yes",,"NA",,,,,,,,,,,,,,"Compute Optimized",,"Yes","Yes","Yes","OnDemand","96",,"NA","Intel AVX; Intel AVX2; Intel AVX512; Intel Turbo; Intel AMX",,"eu-west-3",,"Amazon Elastic Compute Cloud",,,,"true"
"RKFRM5JW99YQMR8K","BPH4J8HBKS","RKFRM5JW99YQMR8K.BPH4J8HBKS.6YS6EN2CT7","Reserved","Linux/UNIX (Amazon VPC), c7i.12xlarge reserved instance applied","2026-10-08","0","Inf","Hrs","1.1566700000","USD",,"3yr","No Upfront","standard","Compute Instance","AmazonEC2","EU (Paris)","AWS Region","c7i.12xlarge","Yes","Compute optimized","48","Intel Xeon Scalable (Sapphire Rapids)","3.2 GHz","96 GiB","EBS only","18750 Megabit","64-bit",,,,,,,,"Shared","Linux","No License required",,,,"EUW3-BoxUsage:c7i.12xlarge","RunInstances","NA","Used","false","15000 Mbps","15000 Mbps","NA","Yes",,"NA",,,,,,,,,,,,,,"Compute Optimized",,"Yes","Yes","Yes","OnDemand","96",,"NA","Intel AVX; Intel AVX2; Intel AVX512; Intel Turbo; Intel AMX",,"eu-west-3",,"Amazon Elastic Compute Cloud",,,,"true"
"RKFRM5JW99YQMR8K","CUZHX8X6JH","RKFRM5JW99YQMR8K.CUZHX8X6JH.6YS6EN2CT7","Reserved","Linux/UNIX (Amazon VPC), c7i.12xlarge reserved instance applied","2026-10-08","0","Inf","Hrs","0.9235800000","USD",,"1yr","Partial Upfront","convertible","Compute Instance","AmazonEC2","EU (Paris)","AWS Region","c7i.12xlarge","Yes","Compute optimized","48","Intel Xeon Scalable (Sapphire Rapids)","3.2 GHz","96 GiB","EBS only","18750 Megabit","64-bit",,,,,,,,"Shared","Linux","No License required",,,,"EUW3-BoxUsage:c7i.12xlarge","RunInstances","NA","Used","false","15000 Mbps","15000 Mbps","NA","Yes",,"NA",,,,,,,,,,,,,,"Compute Optimized",,"Yes","Yes","Yes","OnDemand","96",,"NA","Intel AVX; Intel AVX2; Intel AVX512; Intel Turbo; Intel AMX",,"eu-west-3",,"Amazon Elastic Compute Cloud",,,,"true"
"RKFRM5JW99YQMR8K","CUZHX8X6JH","RKFRM5JW99YQMR8K.CUZHX8X6JH.2TG2D8R56U","Reserved","Upfront Fee","2026-10-08",,,"Quantity","8091","USD",,"1yr","Partial Upfront","convertible","Compute Instance","AmazonEC2","EU (Paris)","AWS Region","c7i.12xlarge","Yes","Compute optimized","48","Intel Xeon Scalable (Sapphire Rapids)","3.2 GHz","96 GiB","EBS only","18750 Megabit","64-bit",,,,,,,,"Shared","Linux","No License required",,,,"EUW3-BoxUsage:c7i.12xlarge","RunInstances","NA","Used","false","15000 Mbps","15000 Mbps","NA","Yes",,"NA",,,,,,,,,,,,,,"Compute Optimized",,"Yes","Yes","Yes","OnDemand","96",,"NA","Intel AVX; Intel AVX2; Intel AVX512; Intel Turbo; Intel AMX",,"eu-west-3",,"Amazon Elastic Compute Cloud",,,,"true"
"RKFRM5JW99YQMR8K","HU7G6KETJZ","RKFRM5JW99YQMR8K.HU7G6KETJZ.6YS6EN2CT7","Reserved","Linux/UNIX (Amazon VPC), c7i.12xlarge reserved instance applied","2026-10-08","0","Inf","Hrs","0.8001000000","USD",,"1yr","Partial Upfront","standard","Compute Instance","AmazonEC2","EU (Paris)","AWS Region","c7i.12xlarge","Yes","Compute optimized","48","Intel Xeon Scalable (Sapphire Rapids)","3.2 GHz","96 GiB","EBS only","18750 Megabit","64-bit",,,,,,,,"Shared","Linux","No License required",,,,"EUW3-BoxUsage:c7i.12xlarge","RunInstances","NA","Used","false","15000 Mbps","15000 Mbps","NA","Yes",,"NA",,,,,,,,,,,,,,"Compute Optimized",,"Yes","Yes","Yes","OnDemand","96",,"NA","Intel AVX; Intel AVX2; Intel AVX512; Intel Turbo; Intel AMX",,"eu-west-3",,"Amazon Elastic Compute Cloud",,,,"true"
"RKFRM5JW99YQMR8K","HU7G6KETJZ","RKFRM5JW99YQMR8K.HU7G6KETJZ.2TG2D8R56U","Reserved","Upfront Fee","2026-10-08",,,"Quantity","7009","USD",,"1yr","Partial Upfront","standard","Compute Instance","AmazonEC2","EU (Paris)","AWS Region","c7i.12xlarge","Yes","Compute optimized","48","Intel Xeon Scalable (Sapphire Rapids)","3.2 GHz","96 GiB","EBS only","18750 Megabit","64-bit",,,,,,,,"Shared","Linux","No License required",,,,"EUW3-BoxUsage:c7i.12xlarge","RunInstances","NA","Used","false","15000 Mbps","15000 Mbps","NA","Yes",,"NA",,,,,,,,,,,,,,"Compute Optimized",,"Yes","Yes","Yes","OnDemand","96",,"NA","Intel AVX; Intel AVX2; Intel AVX512; Intel Turbo; Intel AMX",,"eu-west-3",,"Amazon Elastic Compute Cloud",,,,"true"
"RKFRM5JW99YQMR8K","JRTCKXETXF","RKFRM5JW99YQMR8K.JRTCKXETXF.6YS6EN2CT7","OnDemand","$2.5452 per On Demand Linux c7i.12xlarge Instance Hour","2026-10-01","0","Inf","Hrs","2.5452000000","USD",,,,,"Compute Instance","AmazonEC2","EU (Paris)","AWS Region","c7i.12xlarge","Yes","Compute optimized","48","Intel Xeon Scalable (Sapphire Rapids)","3.2 GHz","96 GiB","EBS only","18750 Megabit","64-bit",,,,,,,,"Shared","Linux","No License required",,,,"EUW3-BoxUsage:c7i.12xlarge","RunInstances","NA","Used","false","15000 Mbps","15000 Mbps","NA","Yes",,"NA",,,,,,,,,,,,,,"Compute Optimized",,"Yes","Yes","Yes","OnDemand","96",,"NA","Intel AVX; Intel AVX2; Intel AVX512; Intel Turbo; Intel AMX",,"eu-west-3",,"Amazon Elastic Compute Cloud",,,,"true"
"RKFRM5JW99YQMR8K","MZU6U2429S","RKFRM5JW99YQMR8K.MZU6U2429S.6YS6EN2CT7","Reserved","USD 0.0 per Linux/UNIX (Amazon VPC), c7i.12xlarge reserved instance applied","2026-10-08","0","Inf","Hrs","0.0000000000","USD",,"3yr","All Upfront","convertible","Compute Instance","AmazonEC2","EU (Paris)","AWS Region","c7i.12xlarge","Yes","Compute optimized","48","Intel Xeon Scalable (Sapphire Rapids)","3.2 GHz","96 GiB","EBS only","18750 Megabit","64-bit",,,,,,,,"Shared","Linux","No License required",,,,"EUW3-BoxUsage:c7i.12xlarge","RunInstances","NA","Used","false","15000 Mbps","15000 Mbps","NA","Yes",,"NA",,,,,,,,,,,,,,"Compute Optimized",,"Yes","Yes","Yes","OnDemand","96",,"NA","Intel AVX; Intel AVX2; Intel AVX512; Intel Turbo; Intel AMX",,"eu-west-3",,"Amazon Elastic Compute Cloud",,,,"true"
"RKFRM5JW99YQMR8K","MZU6U2429S","RKFRM5JW99YQMR8K.MZU6U2429S.2TG2D8R56U","Reserved","Upfront Fee","2026-10-08",,,"Quantity","31672","USD",,"3yr","All Upfront","convertible","Compute Instance","AmazonEC2","EU (Paris)","AWS Region","c7i.12xlarge","Yes","Compute optimized","48","Intel Xeon Scalable (Sapphire Rapids)","3.2 GHz","96 GiB","EBS only","18750 Megabit","64-bit",,,,,,,,"Shared","Linux","No License required",,,,"EUW3-BoxUsage:c7i.12xlarge","RunInstances","NA","Used","false","15000 Mbps","15000 Mbps","NA","Yes",,"NA",,,,,,,,,,,,,,"Compute Optimized",,"Yes","Yes","Yes","OnDemand","96",,"NA","Intel AVX; Intel AVX2; Intel AVX512; Intel Turbo; Intel AMX",,"eu-west-3",,"Amazon Elastic Compute Cloud",,,,"true"
"RKFRM5JW99YQMR8K","NQ3QZPMQV9","RKFRM5JW99YQMR8K.NQ3QZPMQV9.6YS6EN2CT7","Reserved","USD 0.0 per Linux/UNIX (Amazon VPC), c7i.12xlarge reserved instance applied","2026-10-08","0","Inf","Hrs","0.0000000000","USD",,"3yr","All Upfront","standard","Compute Instance","AmazonEC2","EU (Paris)","AWS Region","c7i.12xlarge","Yes","Compute optimized","48","Intel Xeon Scalable (Sapphire Rapids)","3.2 GHz","96 GiB","EBS only","18750 Megabit","64-bit",,,,,,,,"Shared","Linux","No License required",,,,"EUW3-BoxUsage:c7i.12xlarge","RunInstances","NA","Used","false","15000 Mbps","15000 Mbps","NA","Yes",,"NA",,,,,,,,,,,,,,"Compute Optimized",,"Yes","Yes","Yes","OnDemand","96",,"NA","Intel AVX; Intel AVX2; Intel AVX512; Intel Turbo; Intel AMX",,"eu-west-3",,"Amazon Elastic Compute Cloud",,,,"true"
"RKFRM5JW99YQMR8K","NQ3QZPMQV9","RKFRM5JW99YQMR8K.NQ3QZPMQV9.2TG2D8R56U","Reserved","Upfront Fee","2026-10-08",,,"Quantity","26457","USD",,"3yr","All Upfront","standard","Compute Instance","AmazonEC2","EU (Paris)","AWS Region","c7i.12xlarge","Yes","Compute optimized","48","Intel Xeon Scalable (Sapphire Rapids)","3.2 GHz","96 GiB","EBS only","18750 Megabit","64-bit",,,,,,,,"Shared","Linux","No License required",,,,"EUW3-BoxUsage:c7i.12xlarge","RunInstances","NA","Used","false","15000 Mbps","15000 Mbps","NA","Yes",,"NA",,,,,,,,,,,,,,"Compute Optimized",,"Yes","Yes","Yes","OnDemand","96",,"NA","Intel AVX; Intel AVX2; Intel AVX512; Intel Turbo; Intel AMX",,"eu-west-3",,"Amazon Elastic Compute Cloud",,,,"true"
"RKFRM5JW99YQMR8K","R5XV2EPZQZ","RKFRM5JW99YQMR8K.R5XV2EPZQZ.6YS6EN2CT7","Reserved","Linux/UNIX (Amazon VPC), c7i.12xlarge reserved instance applied","2026-10-08","0","Inf","Hrs","0.6148800000","USD",,"3yr","Partial Upfront","convertible","Compute Instance","AmazonEC2","EU (Paris)","AWS Region","c7i.12xlarge","Yes","Compute optimized","48","Intel Xeon Scalable (Sapphire Rapids)","3.2 GHz","96 GiB","EBS only","18750 Megabit","64-bit",,,,,,,,"Shared","Linux","No License required",,,,"EUW3-BoxUsage:c7i.12xlarge","RunInstances","NA","Used","false","15000 Mbps","15000 Mbps","NA","Yes",,"NA",,,,,,,,,,,,,,"Compute Optimized",,"Yes","Yes","Yes","OnDemand","96",,"NA","Intel AVX; Intel AVX2; Intel AVX512; Intel Turbo; Intel AMX",,"eu-west-3",,"Amazon Elastic Compute Cloud",,,,"true"
"RKFRM5JW99YQMR8K","R5XV2EPZQZ","RKFRM5JW99YQMR8K.R5XV2EPZQZ.2TG2D8R56U","Reserved","Upfront Fee","2026-10-08",,,"Quantity","16159","USD",,"3yr","Partial Upfront","convertible","Compute Instance","AmazonEC2","EU (Paris)","AWS Region","c7i.12xlarge","Yes","Compute optimized","48","Intel Xeon Scalable (Sapphire Rapids)","3.2 GHz","96 GiB","EBS only","18750 Megabit","64-bit",,,,,,,,"Shared","Linux","No License required",,,,"EUW3-BoxUsage:c7i.12xlarge","RunInstances","NA","Used","false","15000 Mbps","15000 Mbps","NA","Yes",,"NA",,,,,,,,,,,,,,"Compute Optimized",,"Yes","Yes","Yes","OnDemand","96",,"NA","Intel AVX; Intel AVX2; Intel AVX512; Intel Turbo; Intel AMX",,"eu-west-3",,"Amazon Elastic Compute Cloud",,,,"true"
"RKFRM5JW99YQMR8K","VJWZNREJX2","RKFRM5JW99YQMR8K.VJWZNREJX2.6YS6EN2CT7","Reserved","USD 0.0 per Linux/UNIX (Amazon VPC), c7i.12xlarge reserved instance applied","2026-10-08","0","Inf","Hrs","0.0000000000","USD",,"1yr","All Upfront","convertible","Compute Instance","AmazonEC2","EU (Paris)","AWS Region","c7i.12xlarge","Yes","Compute optimized","48","Intel Xeon Scalable (Sapphire Rapids)","3.2 GHz","96 GiB","EBS only","18750 Megabit","64-bit",,,,,,,,"Shared","Linux","No License required",,,,"EUW3-BoxUsage:c7i.12xlarge","RunInstances","NA","Used","false","15000 Mbps","15000 Mbps","NA","Yes",,"NA",,,,,,,,,,,,,,"Compute Optimized",,"Yes","Yes","Yes","OnDemand","96",,"NA","Intel AVX; Intel AVX2; Intel AVX512; Intel Turbo; Intel AMX",,"eu-west-3",,"Amazon Elastic Compute Cloud",,,,"true"
"RKFRM5JW99YQMR8K","VJWZNREJX2","RKFRM5JW99YQMR8K.VJWZNREJX2.2TG2D8R56U","Reserved","Upfront Fee","2026-10-08",,,"Quantity","15857","USD",,"1yr","All Upfront","convertible","Compute Instance","AmazonEC2","EU (Paris)","AWS Region","c7i.12xlarge","Yes","Compute optimized","48","Intel Xeon Scalable (Sapphire Rapids)","3.2 GHz","96 GiB","EBS only","18750 Megabit","64-bit",,,,,,,,"Shared","Linux","No License required",,,,"EUW3-BoxUsage:c7i.12xlarge","RunInstances","NA","Used","false","15000 Mbps","15000 Mbps","NA","Yes",,"NA",,,,,,,,,,,,,,"Compute Optimized",,"Yes","Yes","Yes","OnDemand","96",,"NA","Intel AVX; Intel AVX2; Intel AVX512; Intel Turbo; Intel AMX",,"eu-west-3",,"Amazon Elastic Compute Cloud",,,,"true"
"RKFRM5JW99YQMR8K","Z2E3P23VKM","RKFRM5JW99YQMR8K.Z2E3P23VKM.6YS6EN2CT7","Reserved","Linux/UNIX (Amazon VPC), c7i.12xlarge reserved instance applied","2026-10-08","0","Inf","Hrs","1.3281500000","USD",,"3yr","No Upfront","convertible","Compute Instance","AmazonEC2","EU (Paris)","AWS Region","c7i.12xlarge","Yes","Compute optimized","48","Intel Xeon Scalable (Sapphire Rapids)","3.2 GHz","96 GiB","EBS only","18750 Megabit","64-bit",,,,,,,,"Shared","Linux","No License required",,,,"EUW3-BoxUsage:c7i.12xlarge","RunInstances","NA","Used","false","15000 Mbps","15000 Mbps","NA","Yes",,"NA",,,,,,,,,,,,,,"Compute Optimized",,"Yes","Yes","Yes","OnDemand","96",,"NA","Intel AVX; Intel AVX2; Intel AVX512; Intel Turbo; Intel AMX",,"eu-west-3",,"Amazon Elastic Compute Cloud",,,,"true"
"RKPXBDCUHQB5E2ZY","38NPMPTW36","RKPXBDCUHQB5E2ZY.38NPMPTW36.6YS6EN2CT7","Reserved","Windows with SQL Server Web (Amazon VPC), c7i.8xlarge reserved instance applied","2026-10-08","0","Inf","Hrs","1.3991000000","USD",,"3yr","Partial Upfront","standard","Compute Instance","AmazonEC2","EU (Paris)","AWS Region","c7i.8xlarge","Yes","Compute optimized","32","Intel Xeon Scalable (Sapphire Rapids)","3.2 GHz","64 GiB","EBS only","12500 Megabit","64-bit",,,,,,,,"Dedicated","Windows","No License required",,,,"EUW3-DedicatedUsage:c7i.8xlarge","RunInstances:0202","NA","Used","false","10000 Mbps","10000 Mbps","NA","Yes",,"NA",,,,,,,,,,,,,,"Compute Optimized",,"Yes","Yes","Yes","OnDemand","64",,"SQL Web","Intel AVX; Intel AVX2; Intel AVX512; Intel Turbo; Intel AMX",,"eu-west-3",,"Amazon Elastic Compute Cloud",,,,"true"
"RKPXBDCUHQB5E2ZY","38NPMPTW36","RKPXBDCUHQB5E2ZY.38NPMPTW36.2TG2D8R56U","Reserved","Upfront Fee","2026-10-08",,,"Quantity","36768","USD",,"3yr","Partial Upfront","standard","Compute Instance","AmazonEC2","EU (Paris)","AWS Region","c7i.8xlarge","Yes","Compute optimized","32","Intel Xeon Scalable (Sapphire Rapids)","3.2 GHz","64 GiB","EBS only","12500 Megabit","64-bit",,,,,,,,"Dedicated","Windows","No License required",,,,"EUW3-DedicatedUsage:c7i.8xlarge","RunInstances:0202","NA","Used","false","10000 Mbps","10000 Mbps","NA","Yes",,"NA",,,,,,,,,,,,,,"Compute Optimized",,"Yes","Yes","Yes","OnDemand","64",,"SQL Web","Intel AVX; Intel AVX2; Intel AVX512; Intel Turbo; Intel AMX",,"eu-west-3",,"Amazon Elastic Compute Cloud",,,,"true"
"RKPXBDCUHQB5E2ZY","4NA7Y494T4","RKPXBDCUHQB5E2ZY.4NA7Y494T4.6YS6EN2CT7","Reserved","Windows with SQL Server Web (Amazon VPC), c7i.8xlarge reserved instance applied","2026-10-08","0","Inf","Hrs","3.2449500000","USD",,"1yr","No Upfront","standard","Compute Instance","AmazonEC2","EU (Paris)","AWS Region","c7i.8xlarge","Yes","Compute optimized","32","Intel Xeon Scalable (Sapphire Rapids)","3.2 GHz","64 GiB","EBS only","12500 Megabit","64-bit",,,,,,,,"Dedicated","Windows","No License required",,,,"EUW3-DedicatedUsage:c7i.8xlarge","RunInstances:0202","NA","Used","false","10000 Mbps","10000 Mbps","NA","Yes",,"NA",,,,,,,,,,,,,,"Compute Optimized",,"Yes","Yes","Yes","OnDemand","64",,"SQL Web","Intel AVX; Intel AVX2; Intel AVX512; Intel Turbo; Intel AMX",,"eu-west-3",,"Amazon Elastic Compute Cloud",,,,"true"
"RKPXBDCUHQB5E2ZY","6QCMYABX3D","RKPXBDCUHQB5E2ZY.6QCMYABX3D.6YS6EN2CT7","Reserved","USD 0.0 per Windows with SQL Server Web (Amazon VPC), c7i.8xlarge reserved instance applied","2026-10-08","0","Inf","Hrs","0.0000000000","USD",,"1yr","All Upfront","standard","Compute Instance","AmazonEC2","EU (Paris)","AWS Region","c7i.8xlarge","Yes","Compute optimized","32","Intel Xeon Scalable (Sapphire Rapids)","3.2 GHz","64 GiB","EBS only","12500 Megabit","64-bit",,,,,,,,"Dedicated","Windows","No License required",,,,"EUW3-DedicatedUsage:c7i.8xlarge","RunInstances:0202","NA","Used","false","10000 Mbps","10000 Mbps","NA","Yes",,"NA",,,,,,,,,,,,,,"Compute Optimized",,"Yes","Yes","Yes","OnDemand","64",,"SQL Web","Intel AVX; Intel AVX2; Intel AVX512; Intel Turbo; Intel AMX",,"eu-west-3",,"Amazon Elastic Compute Cloud",,,,"true"
"RKPXBDCUHQB5E2ZY","6QCMYABX3D","RKPXBDCUHQB5E2ZY.6QCMYABX3D.2TG2D8R56U","Reserved","Upfront Fee","2026-10-08",,,"Quantity","27706","USD",,"1yr","All Upfront","standard","Compute Instance","AmazonEC2","EU (Paris)","AWS Region","c7i.8xlarge","Yes","Compute optimized","32","Intel Xeon Scalable (Sapphire Rapids)","3.2 GHz","64 GiB","EBS only","12500 Megabit","64-bit",,,,,,,,"Dedicated","Windows","No License required",,,,"EUW3-DedicatedUsage:c7i.8xlarge","RunInstances:0202","NA","Used","false","10000 Mbps","10000 Mbps","NA","Yes",,"NA",,,,,,,,,,,,,,"Compute Optimized",,"Yes","Yes","Yes","OnDemand","64",,"SQL Web","Intel AVX; Intel AVX2; Intel AVX512; Intel Turbo; Intel AMX",,"eu-west-3",,"Amazon Elastic Compute Cloud",,,,"true"
"RKPXBDCUHQB5E2ZY","7NE97W5U4E","RKPXBDCUHQB5E2ZY.7NE97W5U4E.6YS6EN2CT7","Reserved","Windows with SQL Server Web (Amazon VPC), c7i.8xlarge reserved instance applied","2026-10-08","0","Inf","Hrs","3.4351100000","USD",,"1yr","No Upfront","convertible","Compute Instance","AmazonEC2","EU (Paris)","AWS Region","c7i.8xlarge","Yes","Compute optimized","32","Intel Xeon Scalable (Sapphire Rapids)","3.2 GHz","64 GiB","EBS only","12500 Megabit","64-bit",,,,,,,,"Dedicated","Windows","No License required",,,,"EUW3-DedicatedUsage:c7i.8xlarge","RunInstances:0202","NA","Used","false","10000 Mbps","10000 Mbps","NA","Yes",,"NA",,,,,,,,,,,,,,"Compute Optimized",,"Yes","Yes","Yes","OnDemand","64",,"SQL Web","Intel AVX; Intel AVX2; Intel AVX512; Intel Turbo; Intel AMX",,"eu-west-3",,"Amazon Elastic Compute Cloud",,,,"true"
"RKPXBDCUHQB5E2ZY","BPH4J8HBKS","RKPXBDCUHQB5E2ZY.BPH4J8HBKS.6YS6EN2CT7","Reserved","Windows with SQL Server Web (Amazon VPC), c7i.8xlarge reserved instance applied","2026-10-08","0","Inf","Hrs","2.8610300000","USD",,"3yr","No Upfront","standard","Compute Instance","AmazonEC2","EU (Paris)","AWS Region","c7i.8xlarge","Yes","Compute optimized","32","Intel Xeon Scalable (Sapphire Rapids)","3.2 GHz","64 GiB","EBS only","12500 Megabit","64-bit",,,,,,,,"Dedicated","Windows","No License required",,,,"EUW3-DedicatedUsage:c7i.8xlarge","RunInstances:0202","NA","Used","false","10000 Mbps","10000 Mbps","NA","Yes",,"NA",,,,,,,,,,,,,,"Compute Optimized",,"Yes","Yes","Yes","OnDemand","64",,"SQL Web","Intel AVX; Intel AVX2; Intel AVX512; Intel Turbo; Intel AMX",,"eu-west-3",,"Amazon Elastic Compute Cloud",,,,"true"
"RKPXBDCUHQB5E2ZY","CUZHX8X6JH","RKPXBDCUHQB5E2ZY.CUZHX8X6JH.6YS6EN2CT7","Reserved","Windows with SQL Server Web (Amazon VPC), c7i.8xlarge reserved instance applied","2026-10-08","0","Inf","Hrs","1.6836900000","USD",,"1yr","Partial Upfront","convertible","Compute Instance","AmazonEC2","EU (Paris)","AWS Region","c7i.8xlarge","Yes","Compute optimized","32","Intel Xeon Scalable (Sapphire Rapids)","3.2 GHz","64 GiB","EBS only","12500 Megabit","64-bit",,,,,,,,"Dedicated","Windows","No License required",,,,"EUW3-DedicatedUsage:c7i.8xlarge","RunInstances:0202","NA","Used","false","10000 Mbps","10000 Mbps","NA","Yes",,"NA",,,,,,,,,,,,,,"Compute Optimized",,"Yes","Yes","Yes","OnDemand","64",,"SQL Web","Intel AVX; Intel AVX2; Intel AVX512; Intel Turbo; Intel AMX",,"eu-west-3",,"Amazon Elastic Compute Cloud",,,,"true"
"RKPXBDCUHQB5E2ZY","CUZHX8X6JH","RKPXBDCUHQB5E2ZY.CUZHX8X6JH.2TG2D8R56U","Reserved","Upfront Fee","2026-10-08",,,"Quantity","14749","USD",,"1yr","Partial Upfront","convertible","Compute Instance","AmazonEC2","EU (Paris)","AWS Region","c7i.8xlarge","Yes","Compute optimized","32","Intel Xeon Scalable (Sapphire Rapids)","3.2 GHz","64 GiB","EBS only","12500 Megabit","64-bit",,,,,,,,"Dedicated","Windows","No License required",,,,"EUW3-DedicatedUsage:c7i.8xlarge","RunInstances:0202","NA","Used","false","10000 Mbps","10000 Mbps","NA","Yes",,"NA",,,,,,,,,,,,,,"Compute Optimized",,"Yes","Yes","Yes","OnDemand","64",,"SQL Web","Intel AVX; Intel AVX2; Intel AVX512; Intel Turbo; Intel AMX",,"eu-west-3",,"Amazon Elastic Compute Cloud",,,,"true"
"RKPXBDCUHQB5E2ZY","HU7G6KETJZ","RKPXBDCUHQB5E2ZY.HU7G6KETJZ.6YS6EN2CT7","Reserved","Windows with SQL Server Web (Amazon VPC), c7i.8xlarge reserved instance applied","2026-10-08","0","Inf","Hrs","1.5931400000","USD",,"1yr","Partial Upfront","standard","Compute Instance","AmazonEC2","EU (Paris)","AWS Region","c7i.8xlarge","Yes","Compute optimized","32","Intel Xeon Scalable (Sapphire Rapids)","3.2 GHz","64 GiB","EBS only","12500 Megabit","64-bit",,,,,,,,"Dedicated","Windows","No License required",,,,"EUW3-DedicatedUsage:c7i.8xlarge","RunInstances:0202","NA","Used","false","10000 Mbps","10000 Mbps","NA","Yes",,"NA",,,,,,,,,,,,,,"Compute Optimized",,"Yes","Yes","Yes","OnDemand","64",,"SQL Web","Intel AVX; Intel AVX2; Intel AVX512; Intel Turbo; Intel AMX",,"eu-west-3",,"Amazon Elastic Compute Cloud",,,,"true"
"RKPXBDCUHQB5E2ZY","HU7G6KETJZ","RKPXBDCUHQB5E2ZY.HU7G6KETJZ.2TG2D8R56U","Reserved","Upfront Fee","2026-10-08",,,"Quantity","13956","USD",,"1yr","Partial Upfront","standard","Compute Instance","AmazonEC2","EU (Paris)","AWS Region","c7i.8xlarge","Yes","Compute optimized","32","Intel Xeon Scalable (Sapphire Rapids)","3.2 GHz","64 GiB","EBS only","12500 Megabit","64-bit",,,,,,,,"Dedicated","Windows","No License required",,,,"EUW3-DedicatedUsage:c7i.8xlarge","RunInstances:0202","NA","Used","false","10000 Mbps","10000 Mbps","NA","Yes",,"NA",,,,,,,,,,,,,,"Compute Optimized",,"Yes","Yes","Yes","OnDemand","64",,"SQL Web","Intel AVX; Intel AVX2; Intel AVX512; Intel Turbo; Intel AMX",,"eu-west-3",,"Amazon Elastic Compute Cloud",,,,"true"
"RKPXBDCUHQB5E2ZY","JRTCKXETXF","RKPXBDCUHQB5E2ZY.JRTCKXETXF.6YS6EN2CT7","OnDemand","$3.87928 per Dedicated Windows with SQL Web c7i.8xlarge Instance Hour","2026-10-01","0","Inf","Hrs","3.8792800000","USD",,,,,"Compute Instance","AmazonEC2","EU (Paris)","AWS Region","c7i.8xlarge","Yes","Compute optimized","32","Intel Xeon Scalable (Sapphire Rapids)","3.2 GHz","64 GiB","EBS only","12500 Megabit","64-bit",,,,,,,,"Dedicated","Windows","No License required",,,,"EUW3-DedicatedUsage:c7i.8xlarge","RunInstances:0202","NA","Used","false","10000 Mbps","10000 Mbps","NA","Yes",,"NA",,,,,,,,,,,,,,"Compute Optimized",,"Yes","Yes","Yes","OnDemand","64",,"SQL Web","Intel AVX; Intel AVX2; Intel AVX512; Intel Turbo; Intel AMX",,"eu-west-3",,"Amazon Elastic Compute Cloud",,,,"true"
"RKPXBDCUHQB5E2ZY","MZU6U2429S","RKPXBDCUHQB5E2ZY.MZU6U2429S.6YS6EN2CT7","Reserved","USD 0.0 per Windows with SQL Server Web (Amazon VPC), c7i.8xlarge reserved instance applied","2026-10-08","0","Inf","Hrs","0.0000000000","USD",,"3yr","All Upfront","convertible","Compute Instance","AmazonEC2","EU (Paris)","AWS Region","c7i.8xlarge","Yes","Compute optimized","32","Intel Xeon Scalable (Sapphire Rapids)","3.2 GHz","64 GiB","EBS only","12500 Megabit","64-bit",,,,,,,,"Dedicated","Windows","No License required",,,,"EUW3-DedicatedUsage:c7i.8xlarge","RunInstances:0202","NA","Used","false","10000 Mbps","10000 Mbps","NA","Yes",,"NA",,,,,,,,,,,,,,"Compute Optimized",,"Yes","Yes","Yes","OnDemand","64",,"SQL Web","Intel AVX; Intel AVX2; Intel AVX512; Intel Turbo; Intel AMX",,"eu-west-3",,"Amazon Elastic Compute Cloud",,,,"true"
"RKPXBDCUHQB5E2ZY","MZU6U2429S","RKPXBDCUHQB5E2ZY.MZU6U2429S.2TG2D8R56U","Reserved","Upfront Fee","2026-10-08",,,"Quantity","76122","USD",,"3yr","All Upfront","convertible","Compute Instance","AmazonEC2","EU (Paris)","AWS Region","c7i.8xlarge","Yes","Compute optimized","32","Intel Xeon Scalable (Sapphire Rapids)","3.2 GHz","64 GiB","EBS only","12500 Megabit","64-bit",,,,,,,,"Dedicated","Windows","No License required",,,,"EUW3-DedicatedUsage:c7i.8xlarge","RunInstances:0202","NA","Used","false","10000 Mbps","10000 Mbps","NA","Yes",,"NA",,,,,,,,,,,,,,"Compute Optimized",,"Yes","Yes","Yes","OnDemand","64",,"SQL Web","Intel AVX; Intel AVX2; Intel AVX512; Intel Turbo; Intel AMX",,"eu-west-3",,"Amazon Elastic Compute Cloud",,,,"true"
"RKPXBDCUHQB5E2ZY","NQ3QZPMQV9","RKPXBDCUHQB5E2ZY.NQ3QZPMQV9.6YS6EN2CT7","Reserved","USD 0.0 per Windows with SQL Server Web (Amazon VPC), c7i.8xlarge reserved instance applied","2026-10-08","0","Inf","Hrs","0.0000000000","USD",,"3yr","All Upfront","standard","Compute Instance","AmazonEC2","EU (Paris)","AWS Region","c7i.8xlarge","Yes","Compute optimized","32","Intel Xeon Scalable (Sapphire Rapids)","3.2 GHz","64 GiB","EBS only","12500 Megabit","64-bit",,,,,,,,"Dedicated","Windows","No License required",,,,"EUW3-DedicatedUsage:c7i.8xlarge","RunInstances:0202","NA","Used","false","10000 Mbps","10000 Mbps","NA","Yes",,"NA",,,,,,,,,,,,,,"Compute Optimized",,"Yes","Yes","Yes","OnDemand","64",,"SQL Web","Intel AVX; Intel AVX2; Intel AVX512; Intel Turbo; Intel AMX",,"eu-west-3",,"Amazon Elastic Compute Cloud",,,,"true"
"RKPXBDCUHQB5E2ZY","NQ3QZPMQV9","RKPXBDCUHQB5E2ZY.NQ3QZPMQV9.2TG2D8R56U","Reserved","Upfront Fee","2026-10-08",,,"Quantity","72298","USD",,"3yr","All Upfront","standard","Compute Instance","AmazonEC2","EU (Paris)","AWS Region","c7i.8xlarge","Yes","Compute optimized","32","Intel Xeon Scalable (Sapphire Rapids)","3.2 GHz","64 GiB","EBS only","12500 Megabit","64-bit",,,,,,,,"Dedicated","Windows","No License required",,,,"EUW3-DedicatedUsage:c7i.8xlarge","RunInstances:0202","NA","Used","false","10000 Mbps","10000 Mbps","NA","Yes",,"NA",,,,,,,,,,,,,,"Compute Optimized",,"Yes","Yes","Yes","OnDemand","64",,"SQL Web","Intel AVX; Intel AVX2; Intel AVX512; Intel Turbo; Intel AMX",,"eu-west-3",,"Amazon Elastic Compute Cloud",,,,"true"
"RKPXBDCUHQB5E2ZY","R5XV2EPZQZ","RKPXBDCUHQB5E2ZY.R5XV2EPZQZ.6YS6EN2CT7","Reserved","Windows with SQL Server Web (Amazon VPC), c7i.8xlarge reserved instance applied","2026-10-08","0","Inf","Hrs","1.4573100000","USD",,"3yr","Partial Upfront","convertible","Compute Instance","AmazonEC2","EU (Paris)","AWS Region","c7i.8xlarge","Yes","Compute optimized","32","Intel Xeon Scalable (Sapphire Rapids)","3.2 GHz","64 GiB","EBS only","12500 Megabit","64-bit",,,,,,,,"Dedicated","Windows","No License required",,,,"EUW3-DedicatedUsage:c7i.8xlarge","RunInstances:0202","NA","Used","false","10000 Mbps","10000 Mbps","NA","Yes",,"NA",,,,,,,,,,,,,,"Compute Optimized",,"Yes","Yes","Yes","OnDemand","64",,"SQL Web","Intel AVX; Intel AVX2; Intel AVX512; Intel Turbo; Intel AMX",,"eu-west-3",,"Amazon Elastic Compute Cloud",,,,"true"
"RKPXBDCUHQB5E2ZY","R5XV2EPZQZ","RKPXBDCUHQB5E2ZY.R5XV2EPZQZ.2TG2D8R56U","Reserved","Upfront Fee","2026-10-08",,,"Quantity","38298","USD",,"3yr","Partial Upfront","convertible","Compute Instance","AmazonEC2","EU (Paris)","AWS Region","c7i.8xlarge","Yes","Compute optimized","32","Intel Xeon Scalable (Sapphire Rapids)","3.2 GHz","64 GiB","EBS only","12500 Megabit","64-bit",,,,,,,,"Dedicated","Windows","No License required",,,,"EUW3-DedicatedUsage:c7i.8xlarge","RunInstances:0202","NA","Used","false","10000 Mbps","10000 Mbps","NA","Yes",,"NA",,,,,,,,,,,,,,"Compute Optimized",,"Yes","Yes","Yes","OnDemand","64",,"SQL Web","Intel AVX; Intel AVX2; Intel AVX512; Intel Turbo; Intel AMX",,"eu-west-3",,"Amazon Elastic Compute Cloud",,,,"true"
"RKPXBDCUHQB5E2ZY","VJWZNREJX2","RKPXBDCUHQB5E2ZY.VJWZNREJX2.6YS6EN2CT7","Reserved","USD 0.0 per Windows with SQL Server Web (Amazon VPC), c7i.8xlarge reserved instance applied","2026-10-08","0","Inf","Hrs","0.0000000000","USD",,"1yr","All Upfront","convertible","Compute Instance","AmazonEC2","EU (Paris)","AWS Region","c7i.8xlarge","Yes","Compute optimized","32","Intel Xeon Scalable (Sapphire Rapids)","3.2 GHz","64 GiB","EBS only","12500 Megabit","64-bit",,,,,,,,"Dedicated","Windows","No License required",,,,"EUW3-DedicatedUsage:c7i.8xlarge","RunInstances:0202","NA","Used","false","10000 Mbps","10000 Mbps","NA","Yes",,"NA",,,,,,,,,,,,,,"Compute Optimized",,"Yes","Yes","Yes","OnDemand","64",,"SQL Web","Intel AVX; Intel AVX2; Intel AVX512; Intel Turbo; Intel AMX",,"eu-west-3",,"Amazon Elastic Compute Cloud",,,,"true"
"RKPXBDCUHQB5E2ZY","VJWZNREJX2","RKPXBDCUHQB5E2ZY.VJWZNREJX2.2TG2D8R56U","Reserved","Upfront Fee","2026-10-08",,,"Quantity","29261","USD",,"1yr","All Upfront","convertible","Compute Instance","AmazonEC2","EU (Paris)","AWS Region","c7i.8xlarge","Yes","Compute optimized","32","Intel Xeon Scalable (Sapphire Rapids)","3.2 GHz","64 GiB","EBS only","12500 Megabit","64-bit",,,,,,,,"Dedicated","Windows","No License required",,,,"EUW3-DedicatedUsage:c7i.8xlarge","RunInstances:0202","NA","Used","false","10000 Mbps","10000 Mbps","NA","Yes",,"NA",,,,,,,,,,,,,,"Compute Optimized",,"Yes","Yes","Yes","OnDemand","64",,"SQL Web","Intel AVX; Intel AVX2; Intel AVX512; Intel Turbo; Intel AMX",,"eu-west-3",,"Amazon Elastic Compute Cloud",,,,"true"
"RKPXBDCUHQB5E2ZY","Z2E3P23VKM","RKPXBDCUHQB5E2ZY.Z2E3P23VKM.6YS6EN2CT7","Reserved","Windows with SQL Server Web (Amazon VPC), c7i.8xlarge reserved instance applied","2026-10-08","0","Inf","Hrs","2.9867700000","USD",,"3yr","No Upfront","convertible","Compute Instance","AmazonEC2","EU (Paris)","AWS Region","c7i.8xlarge","Yes","Compute optimized","32","Intel Xeon Scalable (Sapphire Rapids)","3.2 GHz","64 GiB","EBS only","12500 Megabit","64-bit",,,,,,,,"Dedicated","Windows","No License required",,,,"EUW3-DedicatedUsage:c7i.8xlarge","RunInstances:0202","NA","Used","false","10000 Mbps","10000 Mbps","NA","Yes",,"NA",,,,,,,,,,,,,,"Compute Optimized",,"Yes","Yes","Yes","OnDemand","64",,"SQL Web","Intel AVX; Intel AVX2; Intel AVX512; Intel Turbo; Intel AMX",,"eu-west-3",,"Amazon Elastic Compute Cloud",,,,"true"
"S4ZS2XFQ9PP7QQG2","JRTCKXETXF","S4ZS2XFQ9PP7QQG2.JRTCKXETXF.6YS6EN2CT7","OnDemand","$20.93964 per Dedicated Unused Reservation Linux with SQL Server Enterprise c8i.12xlarge Instance Hour","2026-10-01","0","Inf","Hrs","20.9396400000","USD",,,,,"Compute Instance","AmazonEC2","EU (Paris)","AWS Region","c8i.12xlarge","Yes","Compute optimized","48","Intel Xeon Scalable (Granite Rapids)","3.9 GHz","96 GiB","EBS only","22500 Megabit","64-bit",,,,,,,,"Dedicated","Linux","No License required",,,,"EUW3-UnusedDed:c8i.12xlarge","RunInstances:0100","NA","UnusedCapacityReservation","false","15000 Mbps","15000 Mbps","NA","Yes",,"NA",,,,,,,,,,,,,,"Compute Optimized","96YYMEWVVHM6SPFW","Yes","Yes","Yes","OnDemand","96",,"SQL Ent","Intel AVX; Intel AVX2; Intel AVX512; Intel Turbo; Intel AMX",,"eu-west-3",,"Amazon Elastic Compute Cloud",,,,"true"
"S87DGJ97T3KSJT77","JRTCKXETXF","S87DGJ97T3KSJT77.JRTCKXETXF.6YS6EN2CT7","OnDemand","$1.86648 per Dedicated Unused Reservation Windows BYOL c7i.8xlarge Instance Hour","2026-10-01","0","Inf","Hrs","1.8664800000","USD",,,,,"Compute Instance","AmazonEC2","EU (Paris)","AWS Region","c7i.8xlarge","Yes","Compute optimized","32","Intel Xeon Scalable (Sapphire Rapids)","3.2 GHz","64 GiB","EBS only","12500 Megabit","64-bit",,,,,,,,"Dedicated","Windows","Bring your own license",,,,"EUW3-UnusedDed:c7i.8xlarge","RunInstances:0800","NA","UnusedCapacityReservation","false","10000 Mbps","10000 Mbps","NA","Yes",,"NA",,,,,,,,,,,,,,"Compute Optimized","QDUCCCF6W8QCG4WJ","Yes","Yes","Yes","OnDemand","64",,"NA","Intel AVX; Intel AVX2; Intel AVX512; Intel Turbo; Intel AMX",,"eu-west-3",,"Amazon Elastic Compute Cloud",,,,"true"
"SF9YTPGDFZ446KKU","JRTCKXETXF","SF9YTPGDFZ446KKU.JRTCKXETXF.6YS6EN2CT7","OnDemand","$0.00 per Reservation Linux with SQL Std c8i.12xlarge Instance Hour","2026-10-01","0","Inf","Hrs","0.0000000000","USD",,,,,"Compute Instance","AmazonEC2","EU (Paris)","AWS Region","c8i.12xlarge","Yes","Compute optimized","48","Intel Xeon Scalable (Granite Rapids)","3.9 GHz","96 GiB","EBS only","22500 Megabit","64-bit",,,,,,,,"Shared","Linux","No License required",,,,"EUW3-Reservation:c8i.12xlarge","RunInstances:0004","NA","AllocatedCapacityReservation","false","15000 Mbps","15000 Mbps","NA","Yes",,"NA",,,,,,,,,,,,,,"Compute Optimized","9BD4TR6GUKMDPF3N","Yes","Yes","Yes","OnDemand","96",,"SQL Std","Intel AVX; Intel AVX2; Intel AVX512; Intel Turbo; Intel AMX",,"eu-west-3",,"Amazon Elastic Compute Cloud",,,,"true"
"SFU7SQJ9NCUYR755","JRTCKXETXF","SFU7SQJ9NCUYR755.JRTCKXETXF.6YS6EN2CT7","OnDemand","$9.75012 per Dedicated Unused Reservation RHEL with HA and SQL Standard c7i.12xlarge Instance Hour","2026-10-01","0","Inf","Hrs","9.7501200000","USD",,,,,"Compute Instance","AmazonEC2","EU (Paris)","AWS Region","c7i.12xlarge","Yes","Compute optimized","48","Intel Xeon Scalable (Sapphire Rapids)","3.2 GHz","96 GiB","EBS only","18750 Megabit","64-bit",,,,,,,,"Dedicated","Red Hat Enterprise Linux with HA","No License required",,,,"EUW3-UnusedDed:c7i.12xlarge","RunInstances:1014","NA","UnusedCapacityReservation","false","15000 Mbps","15000 Mbps","NA","Yes",,"NA",,,,,,,,,,,,,,"Compute Optimized","UZ8DSPK5RNNC2HU5","Yes","Yes","Yes","OnDemand","96",,"SQL Std","Intel AVX; Intel AVX2; Intel AVX512; Intel Turbo; Intel AMX",,"eu-west-3",,"Amazon Elastic Compute Cloud",,,,"true"
"SG3KBM6JYXJ7HKU7","38NPMPTW36","SG3KBM6JYXJ7HKU7.38NPMPTW36.6YS6EN2CT7","Reserved","SUSE Linux (Amazon VPC), c7i.8xlarge reserved instance applied","2026-10-08","0","Inf","Hrs","0.4197000000","USD",,"3yr","Partial Upfront","standard","Compute Instance","AmazonEC2","EU (Paris)","AWS Region","c7i.8xlarge","Yes","Compute optimized","32","Intel Xeon Scalable (Sapphire Rapids)","3.2 GHz","64 GiB","EBS only","12500 Megabit","64-bit",,,,,,,,"Dedicated","SUSE","No License required",,,,"EUW3-DedicatedUsage:c7i.8xlarge","RunInstances:000g","NA","Used","false","10000 Mbps","10000 Mbps","NA","Yes",,"NA",,,,,,,,,,,,,,"Compute Optimized",,"Yes","Yes","Yes","OnDemand","64",,"NA","Intel AVX; Intel AVX2; Intel AVX512; Intel Turbo; Intel AMX",,"eu-west-3",,"Amazon Elastic Compute Cloud",,,,"true"
"SG3KBM6JYXJ7HKU7","38NPMPTW36","SG3KBM6JYXJ7HKU7.38NPMPTW36.2TG2D8R56U","Reserved","Upfront Fee","2026-10-08",,,"Quantity","11030","USD",,"3yr","Partial Upfront","standard","Compute Instance","AmazonEC2","EU (Paris)","AWS Region","c7i.8xlarge","Yes","Compute optimized","32","Intel Xeon Scalable (Sapphire Rapids)","3.2 GHz","64 GiB","EBS only","12500 Megabit","64-bit",,,,,,,,"Dedicated","SUSE","No License required",,,,"EUW3-DedicatedUsage:c7i.8xlarge","RunInstances:000g","NA","Used","false","10000 Mbps","10000 Mbps","NA","Yes",,"NA",,,,,,,,,,,,,,"Compute Optimized",,"Yes","Yes","Yes","OnDemand","64",,"NA","Intel AVX; Intel AVX2; Intel AVX512; Intel Turbo; Intel AMX",,"eu-west-3",,"Amazon Elastic Compute Cloud",,,,"true"
"SG3KBM6JYXJ7HKU7","4NA7Y494T4","SG3KBM6JYXJ7HKU7.4NA7Y494T4.6YS6EN2CT7","Reserved","SUSE Linux (Amazon VPC), c7i.8xlarge reserved instance applied","2026-10-08","0","Inf","Hrs","1.2920500000","USD",,"1yr","No Upfront","standard","Compute Instance","AmazonEC2","EU (Paris)","AWS Region","c7i.8xlarge","Yes","Compute optimized","32","Intel Xeon Scalable (Sapphire Rapids)","3.2 GHz","64 GiB","EBS only","12500 Megabit","64-bit",,,,,,,,"Dedicated","SUSE","No License required",,,,"EUW3-DedicatedUsage:c7i.8xlarge","RunInstances:000g","NA","Used","false","10000 Mbps","10000 Mbps","NA","Yes",,"NA",,,,,,,,,,,,,,"Compute Optimized",,"Yes","Yes","Yes","OnDemand","64",,"NA","Intel AVX; Intel AVX2; Intel AVX512; Intel Turbo; Intel AMX",,"eu-west-3",,"Amazon Elastic Compute Cloud",,,,"true"
"SG3KBM6JYXJ7HKU7","6QCMYABX3D","SG3KBM6JYXJ7HKU7.6QCMYABX3D.6YS6EN2CT7","Reserved","USD 0.0 per SUSE Linux (Amazon VPC), c7i.8xlarge reserved instance applied","2026-10-08","0","Inf","Hrs","0.0000000000","USD",,"1yr","All Upfront","standard","Compute Instance","AmazonEC2","EU (Paris)","AWS Region","c7i.8xlarge","Yes","Compute optimized","32","Intel Xeon Scalable (Sapphire Rapids)","3.2 GHz","64 GiB","EBS only","12500 Megabit","64-bit",,,,,,,,"Dedicated","SUSE","No License required",,,,"EUW3-DedicatedUsage:c7i.8xlarge","RunInstances:000g","NA","Used","false","10000 Mbps","10000 Mbps","NA","Yes",,"NA",,,,,,,,,,,,,,"Compute Optimized",,"Yes","Yes","Yes","OnDemand","64",,"NA","Intel AVX; Intel AVX2; Intel AVX512; Intel Turbo; Intel AMX",,"eu-west-3",,"Amazon Elastic Compute Cloud",,,,"true"
"SG3KBM6JYXJ7HKU7","6QCMYABX3D","SG3KBM6JYXJ7HKU7.6QCMYABX3D.2TG2D8R56U","Reserved","Upfront Fee","2026-10-08",,,"Quantity","10599","USD",,"1yr","All Upfront","standard","Compute Instance","AmazonEC2","EU (Paris)","AWS Region","c7i.8xlarge","Yes","Compute optimized","32","Intel Xeon Scalable (Sapphire Rapids)","3.2 GHz","64 GiB","EBS only","12500 Megabit","64-bit",,,,,,,,"Dedicated","SUSE","No License required",,,,"EUW3-DedicatedUsage:c7i.8xlarge","RunInstances:000g","NA","Used","false","10000 Mbps","10000 Mbps","NA","Yes",,"NA",,,,,,,,,,,,,,"Compute Optimized",,"Yes","Yes","Yes","OnDemand","64",,"NA","Intel AVX; Intel AVX2; Intel AVX512; Intel Turbo; Intel AMX",,"eu-west-3",,"Amazon Elastic Compute Cloud",,,,"true"
"SG3KBM6JYXJ7HKU7","7NE97W5U4E","SG3KBM6JYXJ7HKU7.7NE97W5U4E.6YS6EN2CT7","Reserved","SUSE Linux (Amazon VPC), c7i.8xlarge reserved instance applied","2026-10-08","0","Inf","Hrs","1.4822100000","USD",,"1yr","No Upfront","convertible","Compute Instance","AmazonEC2","EU (Paris)","AWS Region","c7i.8xlarge","Yes","Compute optimized","32","Intel Xeon Scalable (Sapphire Rapids)","3.2 GHz","64 GiB","EBS only","12500 Megabit","64-bit",,,,,,,,"Dedicated","SUSE","No License required",,,,"EUW3-DedicatedUsage:c7i.8xlarge","RunInstances:000g","NA","Used","false","10000 Mbps","10000 Mbps","NA","Yes",,"NA",,,,,,,,,,,,,,"Compute Optimized",,"Yes","Yes","Yes","OnDemand","64",,"NA","Intel AVX; Intel AVX2; Intel AVX512; Intel Turbo; Intel AMX",,"eu-west-3",,"Amazon Elastic Compute Cloud",,,,"true"
"SG3KBM6JYXJ7HKU7","BPH4J8HBKS","SG3KBM6JYXJ7HKU7.BPH4J8HBKS.6YS6EN2CT7","Reserved","SUSE Linux (Amazon VPC), c7i.8xlarge reserved instance applied","2026-10-08","0","Inf","Hrs","0.9022300000","USD",,"3yr","No Upfront","standard","Compute Instance","AmazonEC2","EU (Paris)","AWS Region","c7i.8xlarge","Yes","Compute optimized","32","Intel Xeon Scalable (Sapphire Rapids)","3.2 GHz","64 GiB","EBS only","12500 Megabit","64-bit",,,,,,,,"Dedicated","SUSE","No License required",,,,"EUW3-DedicatedUsage:c7i.8xlarge","RunInstances:000g","NA","Used","false","10000 Mbps","10000 Mbps","NA","Yes",,"NA",,,,,,,,,,,,,,"Compute Optimized",,"Yes","Yes","Yes","OnDemand","64",,"NA","Intel AVX; Intel AVX2; Intel AVX512; Intel Turbo; Intel AMX",,"eu-west-3",,"Amazon Elastic Compute Cloud",,,,"true"
"SG3KBM6JYXJ7HKU7","CUZHX8X6JH","SG3KBM6JYXJ7HKU7.CUZHX8X6JH.6YS6EN2CT7","Reserved","SUSE Linux (Amazon VPC), c7i.8xlarge reserved instance applied","2026-10-08","0","Inf","Hrs","0.7072400000","USD",,"1yr","Partial Upfront","convertible","Compute Instance","AmazonEC2","EU (Paris)","AWS Region","c7i.8xlarge","Yes","Compute optimized","32","Intel Xeon Scalable (Sapphire Rapids)","3.2 GHz","64 GiB","EBS only","12500 Megabit","64-bit",,,,,,,,"Dedicated","SUSE","No License required",,,,"EUW3-DedicatedUsage:c7i.8xlarge","RunInstances:000g","NA","Used","false","10000 Mbps","10000 Mbps","NA","Yes",,"NA",,,,,,,,,,,,,,"Compute Optimized",,"Yes","Yes","Yes","OnDemand","64",,"NA","Intel AVX; Intel AVX2; Intel AVX512; Intel Turbo; Intel AMX",,"eu-west-3",,"Amazon Elastic Compute Cloud",,,,"true"
"SG3KBM6JYXJ7HKU7","CUZHX8X6JH","SG3KBM6JYXJ7HKU7.CUZHX8X6JH.2TG2D8R56U","Reserved","Upfront Fee","2026-10-08",,,"Quantity","6195","USD",,"1yr","Partial Upfront","convertible","Compute Instance","AmazonEC2","EU (Paris)","AWS Region","c7i.8xlarge","Yes","Compute optimized","32","Intel Xeon Scalable (Sapphire Rapids)","3.2 GHz","64 GiB","EBS only","12500 Megabit","64-bit",,,,,,,,"Dedicated","SUSE","No License required",,,,"EUW3-DedicatedUsage:c7i.8xlarge","RunInstances:000g","NA","Used","false","10000 Mbps","10000 Mbps","NA","Yes",,"NA",,,,,,,,,,,,,,"Compute Optimized",,"Yes","Yes","Yes","OnDemand","64",,"NA","Intel AVX; Intel AVX2; Intel AVX512; Intel Turbo; Intel AMX",,"eu-west-3",,"Amazon Elastic Compute Cloud",,,,"true"
"SG3KBM6JYXJ7HKU7","HU7G6KETJZ","SG3KBM6JYXJ7HKU7.HU7G6KETJZ.6YS6EN2CT7","Reserved","SUSE Linux (Amazon VPC), c7i.8xlarge reserved instance applied","2026-10-08","0","Inf","Hrs","0.6166900000","USD",,"1yr","Partial Upfront","standard","Compute Instance","AmazonEC2","EU (Paris)","AWS Region","c7i.8xlarge","Yes","Compute optimized","32","Intel Xeon Scalable (Sapphire Rapids)","3.2 GHz","64 GiB","EBS only","12500 Megabit","64-bit",,,,,,,,"Dedicated","SUSE","No License required",,,,"EUW3-DedicatedUsage:c7i.8xlarge","RunInstances:000g","NA","Used","false","10000 Mbps","10000 Mbps","NA","Yes",,"NA",,,,,,,,,,,,,,"Compute Optimized",,"Yes","Yes","Yes","OnDemand","64",,"NA","Intel AVX; Intel AVX2; Intel AVX512; Intel Turbo; Intel AMX",,"eu-west-3",,"Amazon Elastic Compute Cloud",,,,"true"
"SG3KBM6JYXJ7HKU7","HU7G6KETJZ","SG3KBM6JYXJ7HKU7.HU7G6KETJZ.2TG2D8R56U","Reserved","Upfront Fee","2026-10-08",,,"Quantity","5402","USD",,"1yr","Partial Upfront","standard","Compute Instance","AmazonEC2","EU (Paris)","AWS Region","c7i.8xlarge","Yes","Compute optimized","32","Intel Xeon Scalable (Sapphire Rapids)","3.2 GHz","64 GiB","EBS only","12500 Megabit","64-bit",,,,,,,,"Dedicated","SUSE","No License required",,,,"EUW3-DedicatedUsage:c7i.8xlarge","RunInstances:000g","NA","Used","false","10000 Mbps","10000 Mbps","NA","Yes",,"NA",,,,,,,,,,,,,,"Compute Optimized",,"Yes","Yes","Yes","OnDemand","64",,"NA","Intel AVX; Intel AVX2; Intel AVX512; Intel Turbo; Intel AMX",,"eu-west-3",,"Amazon Elastic Compute Cloud",,,,"true"
"SG3KBM6JYXJ7HKU7","JRTCKXETXF","SG3KBM6JYXJ7HKU7.JRTCKXETXF.6YS6EN2CT7","OnDemand","$1.99148 per Dedicated SUSE c7i.8xlarge Instance Hour","2026-10-01","0","Inf","Hrs","1.9914800000","USD",,,,,"Compute Instance","AmazonEC2","EU (Paris)","AWS Region","c7i.8xlarge","Yes","Compute optimized","32","Intel Xeon Scalable (Sapphire Rapids)","3.2 GHz","64 GiB","EBS only","12500 Megabit","64-bit",,,,,,,,"Dedicated","SUSE","No License required",,,,"EUW3-DedicatedUsage:c7i.8xlarge","RunInstances:000g","NA","Used","false","10000 Mbps","10000 Mbps","NA","Yes",,"NA",,,,,,,,,,,,,,"Compute Optimized",,"Yes","Yes","Yes","OnDemand","64",,"NA","Intel AVX; Intel AVX2; Intel AVX512; Intel Turbo; Intel AMX",,"eu-west-3",,"Amazon Elastic Compute Cloud",,,,"true"
"SG3KBM6JYXJ7HKU7","MZU6U2429S","SG3KBM6JYXJ7HKU7.MZU6U2429S.6YS6EN2CT7","Reserved","USD 0.0 per SUSE Linux (Amazon VPC), c7i.8xlarge reserved instance applied","2026-10-08","0","Inf","Hrs","0.0000000000","USD",,"3yr","All Upfront","convertible","Compute Instance","AmazonEC2","EU (Paris)","AWS Region","c7i.8xlarge","Yes","Compute optimized","32","Intel Xeon Scalable (Sapphire Rapids)","3.2 GHz","64 GiB","EBS only","12500 Megabit","64-bit",,,,,,,,"Dedicated","SUSE","No License required",,,,"EUW3-DedicatedUsage:c7i.8xlarge","RunInstances:000g","NA","Used","false","10000 Mbps","10000 Mbps","NA","Yes",,"NA",,,,,,,,,,,,,,"Compute Optimized",,"Yes","Yes","Yes","OnDemand","64",,"NA","Intel AVX; Intel AVX2; Intel AVX512; Intel Turbo; Intel AMX",,"eu-west-3",,"Amazon Elastic Compute Cloud",,,,"true"
"SG3KBM6JYXJ7HKU7","MZU6U2429S","SG3KBM6JYXJ7HKU7.MZU6U2429S.2TG2D8R56U","Reserved","Upfront Fee","2026-10-08",,,"Quantity","24645","USD",,"3yr","All Upfront","convertible","Compute Instance","AmazonEC2","EU (Paris)","AWS Region","c7i.8xlarge","Yes","Compute optimized","32","Intel Xeon Scalable (Sapphire Rapids)","3.2 GHz","64 GiB","EBS only","12500 Megabit","64-bit",,,,,,,,"Dedicated","SUSE","No License required",,,,"EUW3-DedicatedUsage:c7i.8xlarge","RunInstances:000g","NA","Used","false","10000 Mbps","10000 Mbps","NA","Yes",,"NA",,,,,,,,,,,,,,"Compute Optimized",,"Yes","Yes","Yes","OnDemand","64",,"NA","Intel AVX; Intel AVX2; Intel AVX512; Intel Turbo; Intel AMX",,"eu-west-3",,"Amazon Elastic Compute Cloud",,,,"true"
"SG3KBM6JYXJ7HKU7","NQ3QZPMQV9","SG3KBM6JYXJ7HKU7.NQ3QZPMQV9.6YS6EN2CT7","Reserved","USD 0.0 per SUSE Linux (Amazon VPC), c7i.8xlarge reserved instance applied","2026-10-08","0","Inf","Hrs","0.0000000000","USD",,"3yr","All Upfront","standard","Compute Instance","AmazonEC2","EU (Paris)","AWS Region","c7i.8xlarge","Yes","Compute optimized","32","Intel Xeon Scalable (Sapphire Rapids)","3.2 GHz","64 GiB","EBS only","12500 Megabit","64-bit",,,,,,,,"Dedicated","SUSE","No License required",,,,"EUW3-DedicatedUsage:c7i.8xlarge","RunInstances:000g","NA","Used","false","10000 Mbps","10000 Mbps","NA","Yes",,"NA",,,,,,,,,,,,,,"Compute Optimized",,"Yes","Yes","Yes","OnDemand","64",,"NA","Intel AVX; Intel AVX2; Intel AVX512; Intel Turbo; Intel AMX",,"eu-west-3",,"Amazon Elastic Compute Cloud",,,,"true"
"SG3KBM6JYXJ7HKU7","NQ3QZPMQV9","SG3KBM6JYXJ7HKU7.NQ3QZPMQV9.2TG2D8R56U","Reserved","Upfront Fee","2026-10-08",,,"Quantity","20821","USD",,"3yr","All Upfront","standard","Compute Instance","AmazonEC2","EU (Paris)","AWS Region","c7i.8xlarge","Yes","Compute optimized","32","Intel Xeon Scalable (Sapphire Rapids)","3.2 GHz","64 GiB","EBS only","12500 Megabit","64-bit",,,,,,,,"Dedicated","SUSE","No License required",,,,"EUW3-DedicatedUsage:c7i.8xlarge","RunInstances:000g","NA","Used","false","10000 Mbps","10000 Mbps","NA","Yes",,"NA",,,,,,,,,,,,,,"Compute Optimized",,"Yes","Yes","Yes","OnDemand","64",,"NA","Intel AVX; Intel AVX2; Intel AVX512; Intel Turbo; Intel AMX",,"eu-west-3",,"Amazon Elastic Compute Cloud",,,,"true"
"SG3KBM6JYXJ7HKU7","R5XV2EPZQZ","SG3KBM6JYXJ7HKU7.R5XV2EPZQZ.6YS6EN2CT7","Reserved","SUSE Linux (Amazon VPC), c7i.8xlarge reserved instance applied","2026-10-08","0","Inf","Hrs","0.4779100000","USD",,"3yr","Partial Upfront","convertible","Compute Instance","AmazonEC2","EU (Paris)","AWS Region","c7i.8xlarge","Yes","Compute optimized","32","Intel Xeon Scalable (Sapphire Rapids)","3.2 GHz","64 GiB","EBS only","12500 Megabit","64-bit",,,,,,,,"Dedicated","SUSE","No License required",,,,"EUW3-DedicatedUsage:c7i.8xlarge","RunInstances:000g","NA","Used","false","10000 Mbps","10000 Mbps","NA","Yes",,"NA",,,,,,,,,,,,,,"Compute Optimized",,"Yes","Yes","Yes","OnDemand","64",,"NA","Intel AVX; Intel AVX2; Intel AVX512; Intel Turbo; Intel AMX",,"eu-west-3",,"Amazon Elastic Compute Cloud",,,,"true"
"SG3KBM6JYXJ7HKU7","R5XV2EPZQZ","SG3KBM6JYXJ7HKU7.R5XV2EPZQZ.2TG2D8R56U","Reserved","Upfront Fee","2026-10-08",,,"Quantity","12560","USD",,"3yr","Partial Upfront","convertible","Compute Instance","AmazonEC2","EU (Paris)","AWS Region","c7i.8xlarge","Yes","Compute optimized","32","Intel Xeon Scalable (Sapphire Rapids)","3.2 GHz","64 GiB","EBS only","12500 Megabit","64-bit",,,,,,,,"Dedicated","SUSE","No License required",,,,"EUW3-DedicatedUsage:c7i.8xlarge","RunInstances:000g","NA","Used","false","10000 Mbps","10000 Mbps","NA","Yes",,"NA",,,,,,,,,,,,,,"Compute Optimized",,"Yes","Yes","Yes","OnDemand","64",,"NA","Intel AVX; Intel AVX2; Intel AVX512; Intel Turbo; Intel AMX",,"eu-west-3",,"Amazon Elastic Compute Cloud",,,,"true"
"SG3KBM6JYXJ7HKU7","VJWZNREJX2","SG3KBM6JYXJ7HKU7.VJWZNREJX2.6YS6EN2CT7","Reserved","USD 0.0 per SUSE Linux (Amazon VPC), c7i.8xlarge reserved instance applied","2026-10-08","0","Inf","Hrs","0.0000000000","USD",,"1yr","All Upfront","convertible","Compute Instance","AmazonEC2","EU (Paris)","AWS Region","c7i.8xlarge","Yes","Compute optimized","32","Intel Xeon Scalable (Sapphire Rapids)","3.2 GHz","64 GiB","EBS only","12500 Megabit","64-bit",,,,,,,,"Dedicated","SUSE","No License required",,,,"EUW3-DedicatedUsage:c7i.8xlarge","RunInstances:000g","NA","Used","false","10000 Mbps","10000 Mbps","NA","Yes",,"NA",,,,,,,,,,,,,,"Compute Optimized",,"Yes","Yes","Yes","OnDemand","64",,"NA","Intel AVX; Intel AVX2; Intel AVX512; Intel Turbo; Intel AMX",,"eu-west-3",,"Amazon Elastic Compute Cloud",,,,"true"
"SG3KBM6JYXJ7HKU7","VJWZNREJX2","SG3KBM6JYXJ7HKU7.VJWZNREJX2.2TG2D8R56U","Reserved","Upfront Fee","2026-10-08",,,"Quantity","12154","USD",,"1yr","All Upfront","convertible","Compute Instance","AmazonEC2","EU (Paris)","AWS Region","c7i.8xlarge","Yes","Compute optimized","32","Intel Xeon Scalable (Sapphire Rapids)","3.2 GHz","64 GiB","EBS only","12500 Megabit","64-bit",,,,,,,,"Dedicated","SUSE","No License required",,,,"EUW3-DedicatedUsage:c7i.8xlarge","RunInstances:000g","NA","Used","false","10000 Mbps","10000 Mbps","NA","Yes",,"NA",,,,,,,,,,,,,,"Compute Optimized",,"Yes","Yes","Yes","OnDemand","64",,"NA","Intel AVX; Intel AVX2; Intel AVX512; Intel Turbo; Intel AMX",,"eu-west-3",,"Amazon Elastic Compute Cloud",,,,"true"
"SG3KBM6JYXJ7HKU7","Z2E3P23VKM","SG3KBM6JYXJ7HKU7.Z2E3P23VKM.6YS6EN2CT7","Reserved","SUSE Linux (Amazon VPC), c7i.8xlarge reserved instance applied","2026-10-08","0","Inf","Hrs","1.0279700000","USD",,"3yr","No Upfront","convertible","Compute Instance","AmazonEC2","EU (Paris)","AWS Region","c7i.8xlarge","Yes","Compute optimized","32","Intel Xeon Scalable (Sapphire Rapids)","3.2 GHz","64 GiB","EBS only","12500 Megabit","64-bit",,,,,,,,"Dedicated","SUSE","No License required",,,,"EUW3-DedicatedUsage:c7i.8xlarge","RunInstances:000g","NA","Used","false","10000 Mbps","10000 Mbps","NA","Yes",,"NA",,,,,,,,,,,,,,"Compute Optimized",,"Yes","Yes","Yes","OnDemand","64",,"NA","Intel AVX; Intel AVX2; Intel AVX512; Intel Turbo; Intel AMX",,"eu-west-3",,"Amazon Elastic Compute Cloud",,,,"true"
"SG99BZ4J8WSN296P","JRTCKXETXF","SG99BZ4J8WSN296P.JRTCKXETXF.6YS6EN2CT7","OnDemand","$0.00 per Windows without licenses c7i.12xlarge Dedicated Host Instance hour","2026-10-01","0","Inf","Hrs","0.0000000000","USD",,,,,"Compute Instance","AmazonEC2","EU (Paris)","AWS Region","c7i.12xlarge","Yes","Compute optimized","48","Intel Xeon Scalable (Sapphire Rapids)","3.2 GHz","96 GiB","EBS only","18750 Megabit","64-bit",,,,,,,,"Host","Windows","License Included - Infrastructure",,,,"EUW3-HostBoxUsage:c7i.12xlarge","RunInstances:0002:box","NA","Used","false","15000 Mbps","15000 Mbps","NA","Yes",,"NA",,,,,,,,,,,,,,"Compute Optimized",,"Yes","Yes","Yes","OnDemand","96",,"NA","Intel AVX; Intel AVX2; Intel AVX512; Intel Turbo; Intel AMX",,"eu-west-3",,"Amazon Elastic Compute Cloud",,,,"true"
"SHFSHD3VTZS62SP2","38NPMPTW36","SHFSHD3VTZS62SP2.38NPMPTW36.6YS6EN2CT7","Reserved","Windows with SQL Server Standard (Amazon VPC), c7i.8xlarge reserved instance applied","2026-10-08","0","Inf","Hrs","3.0487000000","USD",,"3yr","Partial Upfront","standard","Compute Instance","AmazonEC2","EU (Paris)","AWS Region","c7i.8xlarge","Yes","Compute optimized","32","Intel Xeon Scalable (Sapphire Rapids)","3.2 GHz","64 GiB","EBS only","12500 Megabit","64-bit",,,,,,,,"Dedicated","Windows","No License required",,,,"EUW3-DedicatedUsage:c7i.8xlarge","RunInstances:0006","NA","Used","false","10000 Mbps","10000 Mbps","NA","Yes",,"NA",,,,,,,,,,,,,,"Compute Optimized",,"Yes","Yes","Yes","OnDemand","64",,"SQL Std","Intel AVX; Intel AVX2; Intel AVX512; Intel Turbo; Intel AMX",,"eu-west-3",,"Amazon Elastic Compute Cloud",,,,"true"
"SHFSHD3VTZS62SP2","38NPMPTW36","SHFSHD3VTZS62SP2.38NPMPTW36.2TG2D8R56U","Reserved","Upfront Fee","2026-10-08",,,"Quantity","80120","USD",,"3yr","Partial Upfront","standard","Compute Instance","AmazonEC2","EU (Paris)","AWS Region","c7i.8xlarge","Yes","Compute optimized","32","Intel Xeon Scalable (Sapphire Rapids)","3.2 GHz","64 GiB","EBS only","12500 Megabit","64-bit",,,,,,,,"Dedicated","Windows","No License required",,,,"EUW3-DedicatedUsage:c7i.8xlarge","RunInstances:0006","NA","Used","false","10000 Mbps","10000 Mbps","NA","Yes",,"NA",,,,,,,,,,,,,,"Compute Optimized",,"Yes","Yes","Yes","OnDemand","64",,"SQL Std","Intel AVX; Intel AVX2; Intel AVX512; Intel Turbo; Intel AMX",,"eu-west-3",,"Amazon Elastic Compute Cloud",,,,"true"
"SHFSHD3VTZS62SP2","4NA7Y494T4","SHFSHD3VTZS62SP2.4NA7Y494T4.6YS6EN2CT7","Reserved","Windows with SQL Server Standard (Amazon VPC), c7i.8xlarge reserved instance applied","2026-10-08","0","Inf","Hrs","6.5441500000","USD",,"1yr","No Upfront","standard","Compute Instance","AmazonEC2","EU (Paris)","AWS Region","c7i.8xlarge","Yes","Compute optimized","32","Intel Xeon Scalable (Sapphire Rapids)","3.2 GHz","64 GiB","EBS only","12500 Megabit","64-bit",,,,,,,,"Dedicated","Windows","No License required",,,,"EUW3-DedicatedUsage:c7i.8xlarge","RunInstances:0006","NA","Used","false","10000 Mbps","10000 Mbps","NA","Yes",,"NA",,,,,,,,,,,,,,"Compute Optimized",,"Yes","Yes","Yes","OnDemand","64",,"SQL Std","Intel AVX; Intel AVX2; Intel AVX512; Intel Turbo; Intel AMX",,"eu-west-3",,"Amazon Elastic Compute Cloud",,,,"true"
"SHFSHD3VTZS62SP2","6QCMYABX3D","SHFSHD3VTZS62SP2.6QCMYABX3D.6YS6EN2CT7","Reserved","USD 0.0 per Windows with SQL Server Standard (Amazon VPC), c7i.8xlarge reserved instance applied","2026-10-08","0","Inf","Hrs","0.0000000000","USD",,"1yr","All Upfront","standard","Compute Instance","AmazonEC2","EU (Paris)","AWS Region","c7i.8xlarge","Yes","Compute optimized","32","Intel Xeon Scalable (Sapphire Rapids)","3.2 GHz","64 GiB","EBS only","12500 Megabit","64-bit",,,,,,,,"Dedicated","Windows","No License required",,,,"EUW3-DedicatedUsage:c7i.8xlarge","RunInstances:0006","NA","Used","false","10000 Mbps","10000 Mbps","NA","Yes",,"NA",,,,,,,,,,,,,,"Compute Optimized",,"Yes","Yes","Yes","OnDemand","64",,"SQL Std","Intel AVX; Intel AVX2; Intel AVX512; Intel Turbo; Intel AMX",,"eu-west-3",,"Amazon Elastic Compute Cloud",,,,"true"
"SHFSHD3VTZS62SP2","6QCMYABX3D","SHFSHD3VTZS62SP2.6QCMYABX3D.2TG2D8R56U","Reserved","Upfront Fee","2026-10-08",,,"Quantity","56607","USD",,"1yr","All Upfront","standard","Compute Instance","AmazonEC2","EU (Paris)","AWS Region","c7i.8xlarge","Yes","Compute optimized","32","Intel Xeon Scalable (Sapphire Rapids)","3.2 GHz","64 GiB","EBS only","12500 Megabit","64-bit",,,,,,,,"Dedicated","Windows","No License required",,,,"EUW3-DedicatedUsage:c7i.8xlarge","RunInstances:0006","NA","Used","false","10000 Mbps","10000 Mbps","NA","Yes",,"NA",,,,,,,,,,,,,,"Compute Optimized",,"Yes","Yes","Yes","OnDemand","64",,"SQL Std","Intel AVX; Intel AVX2; Intel AVX512; Intel Turbo; Intel AMX",,"eu-west-3",,"Amazon Elastic Compute Cloud",,,,"true"
"SHFSHD3VTZS62SP2","7NE97W5U4E","SHFSHD3VTZS62SP2.7NE97W5U4E.6YS6EN2CT7","Reserved","Windows with SQL Server Standard (Amazon VPC), c7i.8xlarge reserved instance applied","2026-10-08","0","Inf","Hrs","6.7343100000","USD",,"1yr","No Upfront","convertible","Compute Instance","AmazonEC2","EU (Paris)","AWS Region","c7i.8xlarge","Yes","Compute optimized","32","Intel Xeon Scalable (Sapphire Rapids)","3.2 GHz","64 GiB","EBS only","12500 Megabit","64-bit",,,,,,,,"Dedicated","Windows","No License required",,,,"EUW3-DedicatedUsage:c7i.8xlarge","RunInstances:0006","NA","Used","false","10000 Mbps","10000 Mbps","NA","Yes",,"NA",,,,,,,,,,,,,,"Compute Optimized",,"Yes","Yes","Yes","OnDemand","64",,"SQL Std","Intel AVX; Intel AVX2; Intel AVX512; Intel Turbo; Intel AMX",,"eu-west-3",,"Amazon Elastic Compute Cloud",,,,"true"
"SHFSHD3VTZS62SP2","BPH4J8HBKS","SHFSHD3VTZS62SP2.BPH4J8HBKS.6YS6EN2CT7","Reserved","Windows with SQL Server Standard (Amazon VPC), c7i.8xlarge reserved instance applied","2026-10-08","0","Inf","Hrs","6.1602300000","USD",,"3yr","No Upfront","standard","Compute Instance","AmazonEC2","EU (Paris)","AWS Region","c7i.8xlarge","Yes","Compute optimized","32","Intel Xeon Scalable (Sapphire Rapids)","3.2 GHz","64 GiB","EBS only","12500 Megabit","64-bit",,,,,,,,"Dedicated","Windows","No License required",,,,"EUW3-DedicatedUsage:c7i.8xlarge","RunInstances:0006","NA","Used","false","10000 Mbps","10000 Mbps","NA","Yes",,"NA",,,,,,,,,,,,,,"Compute Optimized",,"Yes","Yes","Yes","OnDemand","64",,"SQL Std","Intel AVX; Intel AVX2; Intel AVX512; Intel Turbo; Intel AMX",,"eu-west-3",,"Amazon Elastic Compute Cloud",,,,"true"
"SHFSHD3VTZS62SP2","CUZHX8X6JH","SHFSHD3VTZS62SP2.CUZHX8X6JH.6YS6EN2CT7","Reserved","Windows with SQL Server Standard (Amazon VPC), c7i.8xlarge reserved instance applied","2026-10-08","0","Inf","Hrs","3.3332900000","USD",,"1yr","Partial Upfront","convertible","Compute Instance","AmazonEC2","EU (Paris)","AWS Region","c7i.8xlarge","Yes","Compute optimized","32","Intel Xeon Scalable (Sapphire Rapids)","3.2 GHz","64 GiB","EBS only","12500 Megabit","64-bit",,,,,,,,"Dedicated","Windows","No License required",,,,"EUW3-DedicatedUsage:c7i.8xlarge","RunInstances:0006","NA","Used","false","10000 Mbps","10000 Mbps","NA","Yes",,"NA",,,,,,,,,,,,,,"Compute Optimized",,"Yes","Yes","Yes","OnDemand","64",,"SQL Std","Intel AVX; Intel AVX2; Intel AVX512; Intel Turbo; Intel AMX",,"eu-west-3",,"Amazon Elastic Compute Cloud",,,,"true"
"SHFSHD3VTZS62SP2","CUZHX8X6JH","SHFSHD3VTZS62SP2.CUZHX8X6JH.2TG2D8R56U","Reserved","Upfront Fee","2026-10-08",,,"Quantity","29200","USD",,"1yr","Partial Upfront","convertible","Compute Instance","AmazonEC2","EU (Paris)","AWS Region","c7i.8xlarge","Yes","Compute optimized","32","Intel Xeon Scalable (Sapphire Rapids)","3.2 GHz","64 GiB","EBS only","12500 Megabit","64-bit",,,,,,,,"Dedicated","Windows","No License required",,,,"EUW3-DedicatedUsage:c7i.8xlarge","RunInstances:0006","NA","Used","false","10000 Mbps","10000 Mbps","NA","Yes",,"NA",,,,,,,,,,,,,,"Compute Optimized",,"Yes","Yes","Yes","OnDemand","64",,"SQL Std","Intel AVX; Intel AVX2; Intel AVX512; Intel Turbo; Intel AMX",,"eu-west-3",,"Amazon Elastic Compute Cloud",,,,"true"
"SHFSHD3VTZS62SP2","HU7G6KETJZ","SHFSHD3VTZS62SP2.HU7G6KETJZ.6YS6EN2CT7","Reserved","Windows with SQL Server Standard (Amazon VPC), c7i.8xlarge reserved instance applied","2026-10-08","0","Inf","Hrs","3.2427400000","USD",,"1yr","Partial Upfront","standard","Compute Instance","AmazonEC2","EU (Paris)","AWS Region","c7i.8xlarge","Yes","Compute optimized","32","Intel Xeon Scalable (Sapphire Rapids)","3.2 GHz","64 GiB","EBS only","12500 Megabit","64-bit",,,,,,,,"Dedicated","Windows","No License required",,,,"EUW3-DedicatedUsage:c7i.8xlarge","RunInstances:0006","NA","Used","false","10000 Mbps","10000 Mbps","NA","Yes",,"NA",,,,,,,,,,,,,,"Compute Optimized",,"Yes","Yes","Yes","OnDemand","64",,"SQL Std","Intel AVX; Intel AVX2; Intel AVX512; Intel Turbo; Intel AMX",,"eu-west-3",,"Amazon Elastic Compute Cloud",,,,"true"
"SHFSHD3VTZS62SP2","HU7G6KETJZ","SHFSHD3VTZS62SP2.HU7G6KETJZ.2TG2D8R56U","Reserved","Upfront Fee","2026-10-08",,,"Quantity","28406","USD",,"1yr","Partial Upfront","standard","Compute Instance","AmazonEC2","EU (Paris)","AWS Region","c7i.8xlarge","Yes","Compute optimized","32","Intel Xeon Scalable (Sapphire Rapids)","3.2 GHz","64 GiB","EBS only","12500 Megabit","64-bit",,,,,,,,"Dedicated","Windows","No License required",,,,"EUW3-DedicatedUsage:c7i.8xlarge","RunInstances:0006","NA","Used","false","10000 Mbps","10000 Mbps","NA","Yes",,"NA",,,,,,,,,,,,,,"Compute Optimized",,"Yes","Yes","Yes","OnDemand","64",,"SQL Std","Intel AVX; Intel AVX2; Intel AVX512; Intel Turbo; Intel AMX",,"eu-west-3",,"Amazon Elastic Compute Cloud",,,,"true"
"SHFSHD3VTZS62SP2","JRTCKXETXF","SHFSHD3VTZS62SP2.JRTCKXETXF.6YS6EN2CT7","OnDemand","$7.17848 per Dedicated Windows with SQL Std c7i.8xlarge Instance Hour","2026-10-01","0","Inf","Hrs","7.1784800000","USD",,,,,"Compute Instance","AmazonEC2","EU (Paris)","AWS Region","c7i.8xlarge","Yes","Compute optimized","32","Intel Xeon Scalable (Sapphire Rapids)","3.2 GHz","64 GiB","EBS only","12500 Megabit","64-bit",,,,,,,,"Dedicated","Windows","No License required",,,,"EUW3-DedicatedUsage:c7i.8xlarge","RunInstances:0006","NA","Used","false","10000 Mbps","10000 Mbps","NA","Yes",,"NA",,,,,,,,,,,,,,"Compute Optimized",,"Yes","Yes","Yes","OnDemand","64",,"SQL Std","Intel AVX; Intel AVX2; Intel AVX512; Intel Turbo; Intel AMX",,"eu-west-3",,"Amazon Elastic Compute Cloud",,,,"true"
"SHFSHD3VTZS62SP2","MZU6U2429S","SHFSHD3VTZS62SP2.MZU6U2429S.6YS6EN2CT7","Reserved","USD 0.0 per Windows with SQL Server Standard (Amazon VPC), c7i.8xlarge reserved instance applied","2026-10-08","0","Inf","Hrs","0.0000000000","USD",,"3yr","All Upfront","convertible","Compute Instance","AmazonEC2","EU (Paris)","AWS Region","c7i.8xlarge","Yes","Compute optimized","32","Intel Xeon Scalable (Sapphire Rapids)","3.2 GHz","64 GiB","EBS only","12500 Megabit","64-bit",,,,,,,,"Dedicated","Windows","No License required",,,,"EUW3-DedicatedUsage:c7i.8xlarge","RunInstances:0006","NA","Used","false","10000 Mbps","10000 Mbps","NA","Yes",,"NA",,,,,,,,,,,,,,"Compute Optimized",,"Yes","Yes","Yes","OnDemand","64",,"SQL Std","Intel AVX; Intel AVX2; Intel AVX512; Intel Turbo; Intel AMX",,"eu-west-3",,"Amazon Elastic Compute Cloud",,,,"true"
"SHFSHD3VTZS62SP2","MZU6U2429S","SHFSHD3VTZS62SP2.MZU6U2429S.2TG2D8R56U","Reserved","Upfront Fee","2026-10-08",,,"Quantity","162825","USD",,"3yr","All Upfront","convertible","Compute Instance","AmazonEC2","EU (Paris)","AWS Region","c7i.8xlarge","Yes","Compute optimized","32","Intel Xeon Scalable (Sapphire Rapids)","3.2 GHz","64 GiB","EBS only","12500 Megabit","64-bit",,,,,,,,"Dedicated","Windows","No License required",,,,"EUW3-DedicatedUsage:c7i.8xlarge","RunInstances:0006","NA","Used","false","10000 Mbps","10000 Mbps","NA","Yes",,"NA",,,,,,,,,,,,,,"Compute Optimized",,"Yes","Yes","Yes","OnDemand","64",,"SQL Std","Intel AVX; Intel AVX2; Intel AVX512; Intel Turbo; Intel AMX",,"eu-west-3",,"Amazon Elastic Compute Cloud",,,,"true"
"SHFSHD3VTZS62SP2","NQ3QZPMQV9","SHFSHD3VTZS62SP2.NQ3QZPMQV9.6YS6EN2CT7","Reserved","USD 0.0 per Windows with SQL Server Standard (Amazon VPC), c7i.8xlarge reserved instance applied","2026-10-08","0","Inf","Hrs","0.0000000000","USD",,"3yr","All Upfront","standard","Compute Instance","AmazonEC2","EU (Paris)","AWS Region","c7i.8xlarge","Yes","Compute optimized","32","Intel Xeon Scalable (Sapphire Rapids)","3.2 GHz","64 GiB","EBS only","12500 Megabit","64-bit",,,,,,,,"Dedicated","Windows","No License required",,,,"EUW3-DedicatedUsage:c7i.8xlarge","RunInstances:0006","NA","Used","false","10000 Mbps","10000 Mbps","NA","Yes",,"NA",,,,,,,,,,,,,,"Compute Optimized",,"Yes","Yes","Yes","OnDemand","64",,"SQL Std","Intel AVX; Intel AVX2; Intel AVX512; Intel Turbo; Intel AMX",,"eu-west-3",,"Amazon Elastic Compute Cloud",,,,"true"
"SHFSHD3VTZS62SP2","NQ3QZPMQV9","SHFSHD3VTZS62SP2.NQ3QZPMQV9.2TG2D8R56U","Reserved","Upfront Fee","2026-10-08",,,"Quantity","159001","USD",,"3yr","All Upfront","standard","Compute Instance","AmazonEC2","EU (Paris)","AWS Region","c7i.8xlarge","Yes","Compute optimized","32","Intel Xeon Scalable (Sapphire Rapids)","3.2 GHz","64 GiB","EBS only","12500 Megabit","64-bit",,,,,,,,"Dedicated","Windows","No License required",,,,"EUW3-DedicatedUsage:c7i.8xlarge","RunInstances:0006","NA","Used","false","10000 Mbps","10000 Mbps","NA","Yes",,"NA",,,,,,,,,,,,,,"Compute Optimized",,"Yes","Yes","Yes","OnDemand","64",,"SQL Std","Intel AVX; Intel AVX2; Intel AVX512; Intel Turbo; Intel AMX",,"eu-west-3",,"Amazon Elastic Compute Cloud",,,,"true"
"SHFSHD3VTZS62SP2","R5XV2EPZQZ","SHFSHD3VTZS62SP2.R5XV2EPZQZ.6YS6EN2CT7","Reserved","Windows with SQL Server Standard (Amazon VPC), c7i.8xlarge reserved instance applied","2026-10-08","0","Inf","Hrs","3.1069100000","USD",,"3yr","Partial Upfront","convertible","Compute Instance","AmazonEC2","EU (Paris)","AWS Region","c7i.8xlarge","Yes","Compute optimized","32","Intel Xeon Scalable (Sapphire Rapids)","3.2 GHz","64 GiB","EBS only","12500 Megabit","64-bit",,,,,,,,"Dedicated","Windows","No License required",,,,"EUW3-DedicatedUsage:c7i.8xlarge","RunInstances:0006","NA","Used","false","10000 Mbps","10000 Mbps","NA","Yes",,"NA",,,,,,,,,,,,,,"Compute Optimized",,"Yes","Yes","Yes","OnDemand","64",,"SQL Std","Intel AVX; Intel AVX2; Intel AVX512; Intel Turbo; Intel AMX",,"eu-west-3",,"Amazon Elastic Compute Cloud",,,,"true"
"SHFSHD3VTZS62SP2","R5XV2EPZQZ","SHFSHD3VTZS62SP2.R5XV2EPZQZ.2TG2D8R56U","Reserved","Upfront Fee","2026-10-08",,,"Quantity","81650","USD",,"3yr","Partial Upfront","convertible","Compute Instance","AmazonEC2","EU (Paris)","AWS Region","c7i.8xlarge","Yes","Compute optimized","32","Intel Xeon Scalable (Sapphire Rapids)","3.2 GHz","64 GiB","EBS only","12500 Megabit","64-bit",,,,,,,,"Dedicated","Windows","No License required",,,,"EUW3-DedicatedUsage:c7i.8xlarge","RunInstances:0006","NA","Used","false","10000 Mbps","10000 Mbps","NA","Yes",,"NA",,,,,,,,,,,,,,"Compute Optimized",,"Yes","Yes","Yes","OnDemand","64",,"SQL Std","Intel AVX; Intel AVX2; Intel AVX512; Intel Turbo; Intel AMX",,"eu-west-3",,"Amazon Elastic Compute Cloud",,,,"true"
"SHFSHD3VTZS62SP2","VJWZNREJX2","SHFSHD3VTZS62SP2.VJWZNREJX2.6YS6EN2CT7","Reserved","USD 0.0 per Windows with SQL Server Standard (Amazon VPC), c7i.8xlarge reserved instance applied","2026-10-08","0","Inf","Hrs","0.0000000000","USD",,"1yr","All Upfront","convertible","Compute Instance","AmazonEC2","EU (Paris)","AWS Region","c7i.8xlarge","Yes","Compute optimized","32","Intel Xeon Scalable (Sapphire Rapids)","3.2 GHz","64 GiB","EBS only","12500 Megabit","64-bit",,,,,,,,"Dedicated","Windows","No License required",,,,"EUW3-DedicatedUsage:c7i.8xlarge","RunInstances:0006","NA","Used","false","10000 Mbps","10000 Mbps","NA","Yes",,"NA",,,,,,,,,,,,,,"Compute Optimized",,"Yes","Yes","Yes","OnDemand","64",,"SQL Std","Intel AVX; Intel AVX2; Intel AVX512; Intel Turbo; Intel AMX",,"eu-west-3",,"Amazon Elastic Compute Cloud",,,,"true"
"SHFSHD3VTZS62SP2","VJWZNREJX2","SHFSHD3VTZS62SP2.VJWZNREJX2.2TG2D8R56U","Reserved","Upfront Fee","2026-10-08",,,"Quantity","58162","USD",,"1yr","All Upfront","convertible","Compute Instance","AmazonEC2","EU (Paris)","AWS Region","c7i.8xlarge","Yes","Compute optimized","32","Intel Xeon Scalable (Sapphire Rapids)","3.2 GHz","64 GiB","EBS only","12500 Megabit","64-bit",,,,,,,,"Dedicated","Windows","No License required",,,,"EUW3-DedicatedUsage:c7i.8xlarge","RunInstances:0006","NA","Used","false","10000 Mbps","10000 Mbps","NA","Yes",,"NA",,,,,,,,,,,,,,"Compute Optimized",,"Yes","Yes","Yes","OnDemand","64",,"SQL Std","Intel AVX; Intel AVX2; Intel AVX512; Intel Turbo; Intel AMX",,"eu-west-3",,"Amazon Elastic Compute Cloud",,,,"true"
"SHFSHD3VTZS62SP2","Z2E3P23VKM","SHFSHD3VTZS62SP2.Z2E3P23VKM.6YS6EN2CT7","Reserved","Windows with SQL Server Standard (Amazon VPC), c7i.8xlarge reserved instance applied","2026-10-08","0","Inf","Hrs","6.2859700000","USD",,"3yr","No Upfront","convertible","Compute Instance","AmazonEC2","EU (Paris)","AWS Region","c7i.8xlarge","Yes","Compute optimized","32","Intel Xeon Scalable (Sapphire Rapids)","3.2 GHz","64 GiB","EBS only","12500 Megabit","64-bit",,,,,,,,"Dedicated","Windows","No License required",,,,"EUW3-DedicatedUsage:c7i.8xlarge","RunInstances:0006","NA","Used","false","10000 Mbps","10000 Mbps","NA","Yes",,"NA",,,,,,,,,,,,,,"Compute Optimized",,"Yes","Yes","Yes","OnDemand","64",,"SQL Std","Intel AVX; Intel AVX2; Intel AVX512; Intel Turbo; Intel AMX",,"eu-west-3",,"Amazon Elastic Compute Cloud",,,,"true"
"SKFQMP6VG532XWH7","JRTCKXETXF","SKFQMP6VG532XWH7.JRTCKXETXF.6YS6EN2CT7","OnDemand","$0.00 per Reservation SUSE c7i.8xlarge Instance Hour","2026-10-01","0","Inf","Hrs","0.0000000000","USD",,,,,"Compute Instance","AmazonEC2","EU (Paris)","AWS Region","c7i.8xlarge","Yes","Compute optimized","32","Intel Xeon Scalable (Sapphire Rapids)","3.2 GHz","64 GiB","EBS only","12500 Megabit","64-bit",,,,,,,,"Shared","SUSE","No License required",,,,"EUW3-Reservation:c7i.8xlarge","RunInstances:000g","NA","AllocatedCapacityReservation","false","10000 Mbps","10000 Mbps","NA","Yes",,"NA",,,,,,,,,,,,,,"Compute Optimized","KKC4DXGWSQR5DU45","Yes","Yes","Yes","OnDemand","64",,"NA","Intel AVX; Intel AVX2; Intel AVX512; Intel Turbo; Intel AMX",,"eu-west-3",,"Amazon Elastic Compute Cloud",,,,"true"
"SNXU4Y4RDMZMQGHJ","JRTCKXETXF","SNXU4Y4RDMZMQGHJ.JRTCKXETXF.6YS6EN2CT7","OnDemand","$0.00 per Dedicated Reservation Linux c7i.12xlarge Instance Hour","2026-10-01","0","Inf","Hrs","0.0000000000","USD",,,,,"Compute Instance","AmazonEC2","EU (Paris)","AWS Region","c7i.12xlarge","Yes","Compute optimized","48","Intel Xeon Scalable (Sapphire Rapids)","3.2 GHz","96 GiB","EBS only","18750 Megabit","64-bit",,,,,,,,"Dedicated","Linux","No License required",,,,"EUW3-DedicatedRes:c7i.12xlarge","RunInstances","NA","AllocatedCapacityReservation","false","15000 Mbps","15000 Mbps","NA","Yes",,"NA",,,,,,,,,,,,,,"Compute Optimized","FAB7K7RP2B9CUR5J","Yes","Yes","Yes","OnDemand","96",,"NA","Intel AVX; Intel AVX2; Intel AVX512; Intel Turbo; Intel AMX",,"eu-west-3",,"Amazon Elastic Compute Cloud",,,,"true"
"STX6NSE65S7GBWHQ","JRTCKXETXF","STX6NSE65S7GBWHQ.JRTCKXETXF.6YS6EN2CT7","OnDemand","$0.00 per Windows without licenses c8i.12xlarge Dedicated Host Instance hour","2026-10-01","0","Inf","Hrs","0.0000000000","USD",,,,,"Compute Instance","AmazonEC2","EU (Paris)","AWS Region","c8i.12xlarge","Yes","Compute optimized","48","Intel Xeon Scalable (Granite Rapids)","3.9 GHz","96 GiB","EBS only","22500 Megabit","64-bit",,,,,,,,"Host","Windows","License Included - Infrastructure",,,,"EUW3-HostBoxUsage:c8i.12xlarge","RunInstances:0002:box","NA","Used","false","15000 Mbps","15000 Mbps","NA","Yes",,"NA",,,,,,,,,,,,,,"Compute Optimized",,"Yes","Yes","Yes","OnDemand","96",,"NA","Intel AVX; Intel AVX2; Intel AVX512; Intel Turbo; Intel AMX",,"eu-west-3",,"Amazon Elastic Compute Cloud",,,,"true"
"T36483F5A74G5C6C","JRTCKXETXF","T36483F5A74G5C6C.JRTCKXETXF.6YS6EN2CT7","OnDemand","$21.1908 per Unused Reservation RHEL with SQL Server Enterprise c8i.12xlarge Instance Hour","2026-10-01","0","Inf","Hrs","21.1908000000","USD",,,,,"Compute Instance","AmazonEC2","EU (Paris)","AWS Region","c8i.12xlarge","Yes","Compute optimized","48","Intel Xeon Scalable (Granite Rapids)","3.9 GHz","96 GiB","EBS only","22500 Megabit","64-bit",,,,,,,,"Shared","RHEL","No License required",,,,"EUW3-UnusedBox:c8i.12xlarge","RunInstances:0110","NA","UnusedCapacityReservation","false","15000 Mbps","15000 Mbps","NA","Yes",,"NA",,,,,,,,,,,,,,"Compute Optimized","XMU3KWRHUMUH6BES","Yes","Yes","Yes","OnDemand","96",,"SQL Ent","Intel AVX; Intel AVX2; Intel AVX512; Intel Turbo; Intel AMX",,"eu-west-3",,"Amazon Elastic Compute Cloud",,,,"true"
"T3WESZQ2UFRD7KD4","JRTCKXETXF","T3WESZQ2UFRD7KD4.JRTCKXETXF.6YS6EN2CT7","OnDemand","$0.00 per Dedicated Reservation RHEL with SQL Server Enterprise c7i.8xlarge Instance Hour","2026-10-01","0","Inf","Hrs","0.0000000000","USD",,,,,"Compute Instance","AmazonEC2","EU (Paris)","AWS Region","c7i.8xlarge","Yes","Compute optimized","32","Intel Xeon Scalable (Sapphire Rapids)","3.2 GHz","64 GiB","EBS only","12500 Megabit","64-bit",,,,,,,,"Dedicated","RHEL","No License required",,,,"EUW3-DedicatedRes:c7i.8xlarge","RunInstances:0110","NA","AllocatedCapacityReservation","false","10000 Mbps","10000 Mbps","NA","Yes",,"NA",,,,,,,,,,,,,,"Compute Optimized","88NUMUTYTX2SYCFY","Yes","Yes","Yes","OnDemand","64",,"SQL Ent","Intel AVX; Intel AVX2; Intel AVX512; Intel Turbo; Intel AMX",,"eu-west-3",,"Amazon Elastic Compute Cloud",,,,"true"
"T4EFABQ5G9YMP8RJ","JRTCKXETXF","T4EFABQ5G9YMP8RJ.JRTCKXETXF.6YS6EN2CT7","OnDemand","$0.00 per Reservation Linux with SQL Std c7i.8xlarge Instance Hour","2026-10-01","0","Inf","Hrs","0.0000000000","USD",,,,,"Compute Instance","AmazonEC2","EU (Paris)","AWS Region","c7i.8xlarge","Yes","Compute optimized","32","Intel Xeon Scalable (Sapphire Rapids)","3.2 GHz","64 GiB","EBS only","12500 Megabit","64-bit",,,,,,,,"Shared","Linux","No License required",,,,"EUW3-Reservation:c7i.8xlarge","RunInstances:0004","NA","AllocatedCapacityReservation","false","10000 Mbps","10000 Mbps","NA","Yes",,"NA",,,,,,,,,,,,,,"Compute Optimized","7E86HYXW6YW7785F","Yes","Yes","Yes","OnDemand","64",,"SQL Std","Intel AVX; Intel AVX2; Intel AVX512; Intel Turbo; Intel AMX",,"eu-west-3",,"Amazon Elastic Compute Cloud",,,,"true"
"T4JWU4CBDF2VWA59","JRTCKXETXF","T4JWU4CBDF2VWA59.JRTCKXETXF.6YS6EN2CT7","OnDemand","$0.00 per Reservation Linux c7i.12xlarge Instance Hour","2026-10-01","0","Inf","Hrs","0.0000000000","USD",,,,,"Compute Instance","AmazonEC2","EU (Paris)","AWS Region","c7i.12xlarge","Yes","Compute optimized","48","Intel Xeon Scalable (Sapphire Rapids)","3.2 GHz","96 GiB","EBS only","18750 Megabit","64-bit",,,,,,,,"Shared","Linux","No License required",,,,"EUW3-Reservation:c7i.12xlarge","RunInstances","NA","AllocatedCapacityReservation","false","15000 Mbps","15000 Mbps","NA","Yes",,"NA",,,,,,,,,,,,,,"Compute Optimized","RKFRM5JW99YQMR8K","Yes","Yes","Yes","OnDemand","96",,"NA","Intel AVX; Intel AVX2; Intel AVX512; Intel Turbo; Intel AMX",,"eu-west-3",,"Amazon Elastic Compute Cloud",,,,"true"
"T5M4JX28VG62WU6E","JRTCKXETXF","T5M4JX28VG62WU6E.JRTCKXETXF.6YS6EN2CT7","OnDemand","$0.00 per Reservation Linux c7i.8xlarge Instance Hour","2026-10-01","0","Inf","Hrs","0.0000000000","USD",,,,,"Compute Instance","AmazonEC2","EU (Paris)","AWS Region","c7i.8xlarge","Yes","Compute optimized","32","Intel Xeon Scalable (Sapphire Rapids)","3.2 GHz","64 GiB","EBS only","12500 Megabit","64-bit",,,,,,,,"Shared","Linux","No License required",,,,"EUW3-Reservation:c7i.8xlarge","RunInstances","NA","AllocatedCapacityReservation","false","10000 Mbps","10000 Mbps","NA","Yes",,"NA",,,,,,,,,,,,,,"Compute Optimized","G8GC6G2TANHZ9UYS","Yes","Yes","Yes","OnDemand","64",,"NA","Intel AVX; Intel AVX2; Intel AVX512; Intel Turbo; Intel AMX",,"eu-west-3",,"Amazon Elastic Compute Cloud",,,,"true"
"T5PNBR7YVTH239RP","JRTCKXETXF","T5PNBR7YVTH239RP.JRTCKXETXF.6YS6EN2CT7","OnDemand","$14.66008 per Dedicated RHEL with HA and SQL Enterprise c7i.8xlarge Instance Hour","2026-10-01","0","Inf","Hrs","14.6600800000","USD",,,,,"Compute Instance","AmazonEC2","EU (Paris)","AWS Region","c7i.8xlarge","Yes","Compute optimized","32","Intel Xeon Scalable (Sapphire Rapids)","3.2 GHz","64 GiB","EBS only","12500 Megabit","64-bit",,,,,,,,"Dedicated","Red Hat Enterprise Linux with HA","No License required",,,,"EUW3-DedicatedUsage:c7i.8xlarge","RunInstances:1110","NA","Used","false","10000 Mbps","10000 Mbps","NA","Yes",,"NA",,,,,,,,,,,,,,"Compute Optimized",,"Yes","Yes","Yes","OnDemand","64",,"SQL Ent","Intel AVX; Intel AVX2; Intel AVX512; Intel Turbo; Intel AMX",,"eu-west-3",,"Amazon Elastic Compute Cloud",,,,"true"
"T69UCQDY5RVVMNXX","JRTCKXETXF","T69UCQDY5RVVMNXX.JRTCKXETXF.6YS6EN2CT7","OnDemand","$3.06464 per Dedicated Unused Reservation SUSE c8i.12xlarge Instance Hour","2026-10-01","0","Inf","Hrs","3.0646400000","USD",,,,,"Compute Instance","AmazonEC2","EU (Paris)","AWS Region","c8i.12xlarge","Yes","Compute optimized","48","Intel Xeon Scalable (Granite Rapids)","3.9 GHz","96 GiB","EBS only","22500 Megabit","64-bit",,,,,,,,"Dedicated","SUSE","No License required",,,,"EUW3-UnusedDed:c8i.12xlarge","RunInstances:000g","NA","UnusedCapacityReservation","false","15000 Mbps","15000 Mbps","NA","Yes",,"NA",,,,,,,,,,,,,,"Compute Optimized","EGJPGB245P2NVMZQ","Yes","Yes","Yes","OnDemand","96",,"NA","Intel AVX; Intel AVX2; Intel AVX512; Intel Turbo; Intel AMX",,"eu-west-3",,"Amazon Elastic Compute Cloud",,,,"true"
"T6KWSN3HSW527676","JRTCKXETXF","T6KWSN3HSW527676.JRTCKXETXF.6YS6EN2CT7","OnDemand","$2.6292 per Unused Reservation Ubuntu Pro c7i.12xlarge Instance Hour","2026-10-01","0","Inf","Hrs","2.6292000000","USD",,,,,"Compute Instance","AmazonEC2","EU (Paris)","AWS Region","c7i.12xlarge","Yes","Compute optimized","48","Intel Xeon Scalable (Sapphire Rapids)","3.2 GHz","96 GiB","EBS only","18750 Megabit","64-bit",,,,,,,,"Shared","Ubuntu Pro","No License required",,,,"EUW3-UnusedBox:c7i.12xlarge","RunInstances:0g00","NA","UnusedCapacityReservation","false","15000 Mbps","15000 Mbps","NA","Yes",,"NA",,,,,,,,,,,,,,"Compute Optimized","KQDGZJ3B8G3VMVQD","Yes","Yes","Yes","OnDemand","96",,"NA","Intel AVX; Intel AVX2; Intel AVX512; Intel Turbo; Intel AMX",,"eu-west-3",,"Amazon Elastic Compute Cloud",,,,"true"
"TAJN6DUYRBZERDS7","JRTCKXETXF","TAJN6DUYRBZERDS7.JRTCKXETXF.6YS6EN2CT7","OnDemand","$2.75288 per Dedicated Unused Reservation RHEL with SQL Web c7i.8xlarge Instance Hour","2026-10-01","0","Inf","Hrs","2.7528800000","USD",,,,,"Compute Instance","AmazonEC2","EU (Paris)","AWS Region","c7i.8xlarge","Yes","Compute optimized","32","Intel Xeon Scalable (Sapphire Rapids)","3.2 GHz","64 GiB","EBS only","12500 Megabit","64-bit",,,,,,,,"Dedicated","RHEL","No License required",,,,"EUW3-UnusedDed:c7i.8xlarge","RunInstances:0210","NA","UnusedCapacityReservation","false","10000 Mbps","10000 Mbps","NA","Yes",,"NA",,,,,,,,,,,,,,"Compute Optimized","CCMDVHCUJG3DP3BJ","Yes","Yes","Yes","OnDemand","64",,"SQL Web","Intel AVX; Intel AVX2; Intel AVX512; Intel Turbo; Intel AMX",,"eu-west-3",,"Amazon Elastic Compute Cloud",,,,"true"
"TDTEMVF2T43RGRQD","JRTCKXETXF","TDTEMVF2T43RGRQD.JRTCKXETXF.6YS6EN2CT7","OnDemand","$5.5644 per Unused Reservation Windows with SQL Web c7i.12xlarge Instance Hour","2026-10-01","0","Inf","Hrs","5.5644000000","USD",,,,,"Compute Instance","AmazonEC2","EU (Paris)","AWS Region","c7i.12xlarge","Yes","Compute optimized","48","Intel Xeon Scalable (Sapphire Rapids)","3.2 GHz","96 GiB","EBS only","18750 Megabit","64-bit",,,,,,,,"Shared","Windows","No License required",,,,"EUW3-UnusedBox:c7i.12xlarge","RunInstances:0202","NA","UnusedCapacityReservation","false","15000 Mbps","15000 Mbps","NA","Yes",,"NA",,,,,,,,,,,,,,"Compute Optimized","WAYP3QCX8KQZKJRZ","Yes","Yes","Yes","OnDemand","96",,"SQL Web","Intel AVX; Intel AVX2; Intel AVX512; Intel Turbo; Intel AMX",,"eu-west-3",,"Amazon Elastic Compute Cloud",,,,"true"
"TF9JGZM89895Y3BZ","JRTCKXETXF","TF9JGZM89895Y3BZ.JRTCKXETXF.6YS6EN2CT7","OnDemand","$0.00 per Reservation Red Hat Enterprise Linux with HA c7i.12xlarge Instance Hour","2026-10-01","0","Inf","Hrs","0.0000000000","USD",,,,,"Compute Instance","AmazonEC2","EU (Paris)","AWS Region","c7i.12xlarge","Yes","Compute optimized","48","Intel Xeon Scalable (Sapphire Rapids)","3.2 GHz","96 GiB","EBS only","18750 Megabit","64-bit",,,,,,,,"Shared","Red Hat Enterprise Linux with HA","No License required",,,,"EUW3-Reservation:c7i.12xlarge","RunInstances:1010","NA","AllocatedCapacityReservation","false","15000 Mbps","15000 Mbps","NA","Yes",,"NA",,,,,,,,,,,,,,"Compute Optimized","7962XDKABNFTK2TZ","Yes","Yes","Yes","OnDemand","96",,"NA","Intel AVX; Intel AVX2; Intel AVX512; Intel Turbo; Intel AMX",,"eu-west-3",,"Amazon Elastic Compute Cloud",,,,"true"
"THEZJ2M7SSN54JKM","38NPMPTW36","THEZJ2M7SSN54JKM.38NPMPTW36.6YS6EN2CT7","Reserved","Windows with SQL Server Enterprise (Amazon VPC), c7i.12xlarge reserved instance applied","2026-10-08","0","Inf","Hrs","10.6930500000","USD",,"3yr","Partial Upfront","standard","Compute Instance","AmazonEC2","EU (Paris)","AWS Region","c7i.12xlarge","Yes","Compute optimized","48","Intel Xeon Scalable (Sapphire Rapids)","3.2 GHz","96 GiB","EBS only","18750 Megabit","64-bit",,,,,,,,"Dedicated","Windows","No License required",,,,"EUW3-DedicatedUsage:c7i.12xlarge","RunInstances:0102","NA","Used","false","15000 Mbps","15000 Mbps","NA","Yes",,"NA",,,,,,,,,,,,,,"Compute Optimized",,"Yes","Yes","Yes","OnDemand","96",,"SQL Ent","Intel AVX; Intel AVX2; Intel AVX512; Intel Turbo; Intel AMX",,"eu-west-3",,"Amazon Elastic Compute Cloud",,,,"true"
"THEZJ2M7SSN54JKM","38NPMPTW36","THEZJ2M7SSN54JKM.38NPMPTW36.2TG2D8R56U","Reserved","Upfront Fee","2026-10-08",,,"Quantity","281013","USD",,"3yr","Partial Upfront","standard","Compute Instance","AmazonEC2","EU (Paris)","AWS Region","c7i.12xlarge","Yes","Compute optimized","48","Intel Xeon Scalable (Sapphire Rapids)","3.2 GHz","96 GiB","EBS only","18750 Megabit","64-bit",,,,,,,,"Dedicated","Windows","No License required",,,,"EUW3-DedicatedUsage:c7i.12xlarge","RunInstances:0102","NA","Used","false","15000 Mbps","15000 Mbps","NA","Yes",,"NA",,,,,,,,,,,,,,"Compute Optimized",,"Yes","Yes","Yes","OnDemand","96",,"SQL Ent","Intel AVX; Intel AVX2; Intel AVX512; Intel Turbo; Intel AMX",,"eu-west-3",,"Amazon Elastic Compute Cloud",,,,"true"
"THEZJ2M7SSN54JKM","4NA7Y494T4","THEZJ2M7SSN54JKM.4NA7Y494T4.6YS6EN2CT7","Reserved","Windows with SQL Server Enterprise (Amazon VPC), c7i.12xlarge reserved instance applied","2026-10-08","0","Inf","Hrs","22.0562200000","USD",,"1yr","No Upfront","standard","Compute Instance","AmazonEC2","EU (Paris)","AWS Region","c7i.12xlarge","Yes","Compute optimized","48","Intel Xeon Scalable (Sapphire Rapids)","3.2 GHz","96 GiB","EBS only","18750 Megabit","64-bit",,,,,,,,"Dedicated","Windows","No License required",,,,"EUW3-DedicatedUsage:c7i.12xlarge","RunInstances:0102","NA","Used","false","15000 Mbps","15000 Mbps","NA","Yes",,"NA",,,,,,,,,,,,,,"Compute Optimized",,"Yes","Yes","Yes","OnDemand","96",,"SQL Ent","Intel AVX; Intel AVX2; Intel AVX512; Intel Turbo; Intel AMX",,"eu-west-3",,"Amazon Elastic Compute Cloud",,,,"true"
"THEZJ2M7SSN54JKM","6QCMYABX3D","THEZJ2M7SSN54JKM.6QCMYABX3D.6YS6EN2CT7","Reserved","USD 0.0 per Windows with SQL Server Enterprise (Amazon VPC), c7i.12xlarge reserved instance applied","2026-10-08","0","Inf","Hrs","0.0000000000","USD",,"1yr","All Upfront","standard","Compute Instance","AmazonEC2","EU (Paris)","AWS Region","c7i.12xlarge","Yes","Compute optimized","48","Intel Xeon Scalable (Sapphire Rapids)","3.2 GHz","96 GiB","EBS only","18750 Megabit","64-bit",,,,,,,,"Dedicated","Windows","No License required",,,,"EUW3-DedicatedUsage:c7i.12xlarge","RunInstances:0102","NA","Used","false","15000 Mbps","15000 Mbps","NA","Yes",,"NA",,,,,,,,,,,,,,"Compute Optimized",,"Yes","Yes","Yes","OnDemand","96",,"SQL Ent","Intel AVX; Intel AVX2; Intel AVX512; Intel Turbo; Intel AMX",,"eu-west-3",,"Amazon Elastic Compute Cloud",,,,"true"
"THEZJ2M7SSN54JKM","6QCMYABX3D","THEZJ2M7SSN54JKM.6QCMYABX3D.2TG2D8R56U","Reserved","Upfront Fee","2026-10-08",,,"Quantity","192133","USD",,"1yr","All Upfront","standard","Compute Instance","AmazonEC2","EU (Paris)","AWS Region","c7i.12xlarge","Yes","Compute optimized","48","Intel Xeon Scalable (Sapphire Rapids)","3.2 GHz","96 GiB","EBS only","18750 Megabit","64-bit",,,,,,,,"Dedicated","Windows","No License required",,,,"EUW3-DedicatedUsage:c7i.12xlarge","RunInstances:0102","NA","Used","false","15000 Mbps","15000 Mbps","NA","Yes",,"NA",,,,,,,,,,,,,,"Compute Optimized",,"Yes","Yes","Yes","OnDemand","96",,"SQL Ent","Intel AVX; Intel AVX2; Intel AVX512; Intel Turbo; Intel AMX",,"eu-west-3",,"Amazon Elastic Compute Cloud",,,,"true"
"THEZJ2M7SSN54JKM","7NE97W5U4E","THEZJ2M7SSN54JKM.7NE97W5U4E.6YS6EN2CT7","Reserved","Windows with SQL Server Enterprise (Amazon VPC), c7i.12xlarge reserved instance applied","2026-10-08","0","Inf","Hrs","22.3414600000","USD",,"1yr","No Upfront","convertible","Compute Instance","AmazonEC2","EU (Paris)","AWS Region","c7i.12xlarge","Yes","Compute optimized","48","Intel Xeon Scalable (Sapphire Rapids)","3.2 GHz","96 GiB","EBS only","18750 Megabit","64-bit",,,,,,,,"Dedicated","Windows","No License required",,,,"EUW3-DedicatedUsage:c7i.12xlarge","RunInstances:0102","NA","Used","false","15000 Mbps","15000 Mbps","NA","Yes",,"NA",,,,,,,,,,,,,,"Compute Optimized",,"Yes","Yes","Yes","OnDemand","96",,"SQL Ent","Intel AVX; Intel AVX2; Intel AVX512; Intel Turbo; Intel AMX",,"eu-west-3",,"Amazon Elastic Compute Cloud",,,,"true"
"THEZJ2M7SSN54JKM","BPH4J8HBKS","THEZJ2M7SSN54JKM.BPH4J8HBKS.6YS6EN2CT7","Reserved","Windows with SQL Server Enterprise (Amazon VPC), c7i.12xlarge reserved instance applied","2026-10-08","0","Inf","Hrs","21.4803400000","USD",,"3yr","No Upfront","standard","Compute Instance","AmazonEC2","EU (Paris)","AWS Region","c7i.12xlarge","Yes","Compute optimized","48","Intel Xeon Scalable (Sapphire Rapids)","3.2 GHz","96 GiB","EBS only","18750 Megabit","64-bit",,,,,,,,"Dedicated","Windows","No License required",,,,"EUW3-DedicatedUsage:c7i.12xlarge","RunInstances:0102","NA","Used","false","15000 Mbps","15000 Mbps","NA","Yes",,"NA",,,,,,,,,,,,,,"Compute Optimized",,"Yes","Yes","Yes","OnDemand","96",,"SQL Ent","Intel AVX; Intel AVX2; Intel AVX512; Intel Turbo; Intel AMX",,"eu-west-3",,"Amazon Elastic Compute Cloud",,,,"true"
"THEZJ2M7SSN54JKM","CUZHX8X6JH","THEZJ2M7SSN54JKM.CUZHX8X6JH.6YS6EN2CT7","Reserved","Windows with SQL Server Enterprise (Amazon VPC), c7i.12xlarge reserved instance applied","2026-10-08","0","Inf","Hrs","11.1199300000","USD",,"1yr","Partial Upfront","convertible","Compute Instance","AmazonEC2","EU (Paris)","AWS Region","c7i.12xlarge","Yes","Compute optimized","48","Intel Xeon Scalable (Sapphire Rapids)","3.2 GHz","96 GiB","EBS only","18750 Megabit","64-bit",,,,,,,,"Dedicated","Windows","No License required",,,,"EUW3-DedicatedUsage:c7i.12xlarge","RunInstances:0102","NA","Used","false","15000 Mbps","15000 Mbps","NA","Yes",,"NA",,,,,,,,,,,,,,"Compute Optimized",,"Yes","Yes","Yes","OnDemand","96",,"SQL Ent","Intel AVX; Intel AVX2; Intel AVX512; Intel Turbo; Intel AMX",,"eu-west-3",,"Amazon Elastic Compute Cloud",,,,"true"
"THEZJ2M7SSN54JKM","CUZHX8X6JH","THEZJ2M7SSN54JKM.CUZHX8X6JH.2TG2D8R56U","Reserved","Upfront Fee","2026-10-08",,,"Quantity","97411","USD",,"1yr","Partial Upfront","convertible","Compute Instance","AmazonEC2","EU (Paris)","AWS Region","c7i.12xlarge","Yes","Compute optimized","48","Intel Xeon Scalable (Sapphire Rapids)","3.2 GHz","96 GiB","EBS only","18750 Megabit","64-bit",,,,,,,,"Dedicated","Windows","No License required",,,,"EUW3-DedicatedUsage:c7i.12xlarge","RunInstances:0102","NA","Used","false","15000 Mbps","15000 Mbps","NA","Yes",,"NA",,,,,,,,,,,,,,"Compute Optimized",,"Yes","Yes","Yes","OnDemand","96",,"SQL Ent","Intel AVX; Intel AVX2; Intel AVX512; Intel Turbo; Intel AMX",,"eu-west-3",,"Amazon Elastic Compute Cloud",,,,"true"
"THEZJ2M7SSN54JKM","HU7G6KETJZ","THEZJ2M7SSN54JKM.HU7G6KETJZ.6YS6EN2CT7","Reserved","Windows with SQL Server Enterprise (Amazon VPC), c7i.12xlarge reserved instance applied","2026-10-08","0","Inf","Hrs","10.9841100000","USD",,"1yr","Partial Upfront","standard","Compute Instance","AmazonEC2","EU (Paris)","AWS Region","c7i.12xlarge","Yes","Compute optimized","48","Intel Xeon Scalable (Sapphire Rapids)","3.2 GHz","96 GiB","EBS only","18750 Megabit","64-bit",,,,,,,,"Dedicated","Windows","No License required",,,,"EUW3-DedicatedUsage:c7i.12xlarge","RunInstances:0102","NA","Used","false","15000 Mbps","15000 Mbps","NA","Yes",,"NA",,,,,,,,,,,,,,"Compute Optimized",,"Yes","Yes","Yes","OnDemand","96",,"SQL Ent","Intel AVX; Intel AVX2; Intel AVX512; Intel Turbo; Intel AMX",,"eu-west-3",,"Amazon Elastic Compute Cloud",,,,"true"
"THEZJ2M7SSN54JKM","HU7G6KETJZ","THEZJ2M7SSN54JKM.HU7G6KETJZ.2TG2D8R56U","Reserved","Upfront Fee","2026-10-08",,,"Quantity","96221","USD",,"1yr","Partial Upfront","standard","Compute Instance","AmazonEC2","EU (Paris)","AWS Region","c7i.12xlarge","Yes","Compute optimized","48","Intel Xeon Scalable (Sapphire Rapids)","3.2 GHz","96 GiB","EBS only","18750 Megabit","64-bit",,,,,,,,"Dedicated","Windows","No License required",,,,"EUW3-DedicatedUsage:c7i.12xlarge","RunInstances:0102","NA","Used","false","15000 Mbps","15000 Mbps","NA","Yes",,"NA",,,,,,,,,,,,,,"Compute Optimized",,"Yes","Yes","Yes","OnDemand","96",,"SQL Ent","Intel AVX; Intel AVX2; Intel AVX512; Intel Turbo; Intel AMX",,"eu-west-3",,"Amazon Elastic Compute Cloud",,,,"true"
"THEZJ2M7SSN54JKM","JRTCKXETXF","THEZJ2M7SSN54JKM.JRTCKXETXF.6YS6EN2CT7","OnDemand","$23.00772 per Dedicated Windows with SQL Server Enterprise c7i.12xlarge Instance Hour","2026-10-01","0","Inf","Hrs","23.0077200000","USD",,,,,"Compute Instance","AmazonEC2","EU (Paris)","AWS Region","c7i.12xlarge","Yes","Compute optimized","48","Intel Xeon Scalable (Sapphire Rapids)","3.2 GHz","96 GiB","EBS only","18750 Megabit","64-bit",,,,,,,,"Dedicated","Windows","No License required",,,,"EUW3-DedicatedUsage:c7i.12xlarge","RunInstances:0102","NA","Used","false","15000 Mbps","15000 Mbps","NA","Yes",,"NA",,,,,,,,,,,,,,"Compute Optimized",,"Yes","Yes","Yes","OnDemand","96",,"SQL Ent","Intel AVX; Intel AVX2; Intel AVX512; Intel Turbo; Intel AMX",,"eu-west-3",,"Amazon Elastic Compute Cloud",,,,"true"
"THEZJ2M7SSN54JKM","MZU6U2429S","THEZJ2M7SSN54JKM.MZU6U2429S.6YS6EN2CT7","Reserved","USD 0.0 per Windows with SQL Server Enterprise (Amazon VPC), c7i.12xlarge reserved instance applied","2026-10-08","0","Inf","Hrs","0.0000000000","USD",,"3yr","All Upfront","convertible","Compute Instance","AmazonEC2","EU (Paris)","AWS Region","c7i.12xlarge","Yes","Compute optimized","48","Intel Xeon Scalable (Sapphire Rapids)","3.2 GHz","96 GiB","EBS only","18750 Megabit","64-bit",,,,,,,,"Dedicated","Windows","No License required",,,,"EUW3-DedicatedUsage:c7i.12xlarge","RunInstances:0102","NA","Used","false","15000 Mbps","15000 Mbps","NA","Yes",,"NA",,,,,,,,,,,,,,"Compute Optimized",,"Yes","Yes","Yes","OnDemand","96",,"SQL Ent","Intel AVX; Intel AVX2; Intel AVX512; Intel Turbo; Intel AMX",,"eu-west-3",,"Amazon Elastic Compute Cloud",,,,"true"
"THEZJ2M7SSN54JKM","MZU6U2429S","THEZJ2M7SSN54JKM.MZU6U2429S.2TG2D8R56U","Reserved","Upfront Fee","2026-10-08",,,"Quantity","565905","USD",,"3yr","All Upfront","convertible","Compute Instance","AmazonEC2","EU (Paris)","AWS Region","c7i.12xlarge","Yes","Compute optimized","48","Intel Xeon Scalable (Sapphire Rapids)","3.2 GHz","96 GiB","EBS only","18750 Megabit","64-bit",,,,,,,,"Dedicated","Windows","No License required",,,,"EUW3-DedicatedUsage:c7i.12xlarge","RunInstances:0102","NA","Used","false","15000 Mbps","15000 Mbps","NA","Yes",,"NA",,,,,,,,,,,,,,"Compute Optimized",,"Yes","Yes","Yes","OnDemand","96",,"SQL Ent","Intel AVX; Intel AVX2; Intel AVX512; Intel Turbo; Intel AMX",,"eu-west-3",,"Amazon Elastic Compute Cloud",,,,"true"
"THEZJ2M7SSN54JKM","NQ3QZPMQV9","THEZJ2M7SSN54JKM.NQ3QZPMQV9.6YS6EN2CT7","Reserved","USD 0.0 per Windows with SQL Server Enterprise (Amazon VPC), c7i.12xlarge reserved instance applied","2026-10-08","0","Inf","Hrs","0.0000000000","USD",,"3yr","All Upfront","standard","Compute Instance","AmazonEC2","EU (Paris)","AWS Region","c7i.12xlarge","Yes","Compute optimized","48","Intel Xeon Scalable (Sapphire Rapids)","3.2 GHz","96 GiB","EBS only","18750 Megabit","64-bit",,,,,,,,"Dedicated","Windows","No License required",,,,"EUW3-DedicatedUsage:c7i.12xlarge","RunInstances:0102","NA","Used","false","15000 Mbps","15000 Mbps","NA","Yes",,"NA",,,,,,,,,,,,,,"Compute Optimized",,"Yes","Yes","Yes","OnDemand","96",,"SQL Ent","Intel AVX; Intel AVX2; Intel AVX512; Intel Turbo; Intel AMX",,"eu-west-3",,"Amazon Elastic Compute Cloud",,,,"true"
"THEZJ2M7SSN54JKM","NQ3QZPMQV9","THEZJ2M7SSN54JKM.NQ3QZPMQV9.2TG2D8R56U","Reserved","Upfront Fee","2026-10-08",,,"Quantity","560169","USD",,"3yr","All Upfront","standard","Compute Instance","AmazonEC2","EU (Paris)","AWS Region","c7i.12xlarge","Yes","Compute optimized","48","Intel Xeon Scalable (Sapphire Rapids)","3.2 GHz","96 GiB","EBS only","18750 Megabit","64-bit",,,,,,,,"Dedicated","Windows","No License required",,,,"EUW3-DedicatedUsage:c7i.12xlarge","RunInstances:0102","NA","Used","false","15000 Mbps","15000 Mbps","NA","Yes",,"NA",,,,,,,,,,,,,,"Compute Optimized",,"Yes","Yes","Yes","OnDemand","96",,"SQL Ent","Intel AVX; Intel AVX2; Intel AVX512; Intel Turbo; Intel AMX",,"eu-west-3",,"Amazon Elastic Compute Cloud",,,,"true"
"THEZJ2M7SSN54JKM","R5XV2EPZQZ","THEZJ2M7SSN54JKM.R5XV2EPZQZ.6YS6EN2CT7","Reserved","Windows with SQL Server Enterprise (Amazon VPC), c7i.12xlarge reserved instance applied","2026-10-08","0","Inf","Hrs","10.7803700000","USD",,"3yr","Partial Upfront","convertible","Compute Instance","AmazonEC2","EU (Paris)","AWS Region","c7i.12xlarge","Yes","Compute optimized","48","Intel Xeon Scalable (Sapphire Rapids)","3.2 GHz","96 GiB","EBS only","18750 Megabit","64-bit",,,,,,,,"Dedicated","Windows","No License required",,,,"EUW3-DedicatedUsage:c7i.12xlarge","RunInstances:0102","NA","Used","false","15000 Mbps","15000 Mbps","NA","Yes",,"NA",,,,,,,,,,,,,,"Compute Optimized",,"Yes","Yes","Yes","OnDemand","96",,"SQL Ent","Intel AVX; Intel AVX2; Intel AVX512; Intel Turbo; Intel AMX",,"eu-west-3",,"Amazon Elastic Compute Cloud",,,,"true"
"THEZJ2M7SSN54JKM","R5XV2EPZQZ","THEZJ2M7SSN54JKM.R5XV2EPZQZ.2TG2D8R56U","Reserved","Upfront Fee","2026-10-08",,,"Quantity","283308","USD",,"3yr","Partial Upfront","convertible","Compute Instance","AmazonEC2","EU (Paris)","AWS Region","c7i.12xlarge","Yes","Compute optimized","48","Intel Xeon Scalable (Sapphire Rapids)","3.2 GHz","96 GiB","EBS only","18750 Megabit","64-bit",,,,,,,,"Dedicated","Windows","No License required",,,,"EUW3-DedicatedUsage:c7i.12xlarge","RunInstances:0102","NA","Used","false","15000 Mbps","15000 Mbps","NA","Yes",,"NA",,,,,,,,,,,,,,"Compute Optimized",,"Yes","Yes","Yes","OnDemand","96",,"SQL Ent","Intel AVX; Intel AVX2; Intel AVX512; Intel Turbo; Intel AMX",,"eu-west-3",,"Amazon Elastic Compute Cloud",,,,"true"
"THEZJ2M7SSN54JKM","VJWZNREJX2","THEZJ2M7SSN54JKM.VJWZNREJX2.6YS6EN2CT7","Reserved","USD 0.0 per Windows with SQL Server Enterprise (Amazon VPC), c7i.12xlarge reserved instance applied","2026-10-08","0","Inf","Hrs","0.0000000000","USD",,"1yr","All Upfront","convertible","Compute Instance","AmazonEC2","EU (Paris)","AWS Region","c7i.12xlarge","Yes","Compute optimized","48","Intel Xeon Scalable (Sapphire Rapids)","3.2 GHz","96 GiB","EBS only","18750 Megabit","64-bit",,,,,,,,"Dedicated","Windows","No License required",,,,"EUW3-DedicatedUsage:c7i.12xlarge","RunInstances:0102","NA","Used","false","15000 Mbps","15000 Mbps","NA","Yes",,"NA",,,,,,,,,,,,,,"Compute Optimized",,"Yes","Yes","Yes","OnDemand","96",,"SQL Ent","Intel AVX; Intel AVX2; Intel AVX512; Intel Turbo; Intel AMX",,"eu-west-3",,"Amazon Elastic Compute Cloud",,,,"true"
"THEZJ2M7SSN54JKM","VJWZNREJX2","THEZJ2M7SSN54JKM.VJWZNREJX2.2TG2D8R56U","Reserved","Upfront Fee","2026-10-08",,,"Quantity","194465","USD",,"1yr","All Upfront","convertible","Compute Instance","AmazonEC2","EU (Paris)","AWS Region","c7i.12xlarge","Yes","Compute optimized","48","Intel Xeon Scalable (Sapphire Rapids)","3.2 GHz","96 GiB","EBS only","18750 Megabit","64-bit",,,,,,,,"Dedicated","Windows","No License required",,,,"EUW3-DedicatedUsage:c7i.12xlarge","RunInstances:0102","NA","Used","false","15000 Mbps","15000 Mbps","NA","Yes",,"NA",,,,,,,,,,,,,,"Compute Optimized",,"Yes","Yes","Yes","OnDemand","96",,"SQL Ent","Intel AVX; Intel AVX2; Intel AVX512; Intel Turbo; Intel AMX",,"eu-west-3",,"Amazon Elastic Compute Cloud",,,,"true"
"THEZJ2M7SSN54JKM","Z2E3P23VKM","THEZJ2M7SSN54JKM.Z2E3P23VKM.6YS6EN2CT7","Reserved","Windows with SQL Server Enterprise (Amazon VPC), c7i.12xlarge reserved instance applied","2026-10-08","0","Inf","Hrs","21.6689600000","USD",,"3yr","No Upfront","convertible","Compute Instance","AmazonEC2","EU (Paris)","AWS Region","c7i.12xlarge","Yes","Compute optimized","48","Intel Xeon Scalable (Sapphire Rapids)","3.2 GHz","96 GiB","EBS only","18750 Megabit","64-bit",,,,,,,,"Dedicated","Windows","No License required",,,,"EUW3-DedicatedUsage:c7i.12xlarge","RunInstances:0102","NA","Used","false","15000 Mbps","15000 Mbps","NA","Yes",,"NA",,,,,,,,,,,,,,"Compute Optimized",,"Yes","Yes","Yes","OnDemand","96",,"SQL Ent","Intel AVX; Intel AVX2; Intel AVX512; Intel Turbo; Intel AMX",,"eu-west-3",,"Amazon Elastic Compute Cloud",,,,"true"
"TJ9FWPHJATTJ5HP7","JRTCKXETXF","TJ9FWPHJATTJ5HP7.JRTCKXETXF.6YS6EN2CT7","OnDemand","$0.00 per Reservation Windows with SQL Server Enterprise c7i.12xlarge Instance Hour","2026-10-01","0","Inf","Hrs","0.0000000000","USD",,,,,"Compute Instance","AmazonEC2","EU (Paris)","AWS Region","c7i.12xlarge","Yes","Compute optimized","48","Intel Xeon Scalable (Sapphire Rapids)","3.2 GHz","96 GiB","EBS only","18750 Megabit","64-bit",,,,,,,,"Shared","Windows","No License required",,,,"EUW3-Reservation:c7i.12xlarge","RunInstances:0102","NA","AllocatedCapacityReservation","false","15000 Mbps","15000 Mbps","NA","Yes",,"NA",,,,,,,,,,,,,,"Compute Optimized","DDJHJJPD9MS2F7XR","Yes","Yes","Yes","OnDemand","96",,"SQL Ent","Intel AVX; Intel AVX2; Intel AVX512; Intel Turbo; Intel AMX",,"eu-west-3",,"Amazon Elastic Compute Cloud",,,,"true"
"TK37U3D7WV4GT8Z7","JRTCKXETXF","TK37U3D7WV4GT8Z7.JRTCKXETXF.6YS6EN2CT7","OnDemand","$0.00 per Dedicated Reservation Ubuntu Pro c8i.12xlarge Instance Hour","2026-10-01","0","Inf","Hrs","0.0000000000","USD",,,,,"Compute Instance","AmazonEC2","EU (Paris)","AWS Region","c8i.12xlarge","Yes","Compute optimized","48","Intel Xeon Scalable (Granite Rapids)","3.9 GHz","96 GiB","EBS only","22500 Megabit","64-bit",,,,,,,,"Dedicated","Ubuntu Pro","No License required",,,,"EUW3-DedicatedRes:c8i.12xlarge","RunInstances:0g00","NA","AllocatedCapacityReservation","false","15000 Mbps","15000 Mbps","NA","Yes",,"NA",,,,,,,,,,,,,,"Compute Optimized","GWPNUMPAMVES95KW","Yes","Yes","Yes","OnDemand","96",,"NA","Intel AVX; Intel AVX2; Intel AVX512; Intel Turbo; Intel AMX",,"eu-west-3",,"Amazon Elastic Compute Cloud",,,,"true"
"TMFU5CK39JCYUZ88","JRTCKXETXF","TMFU5CK39JCYUZ88.JRTCKXETXF.6YS6EN2CT7","OnDemand","$23.14764 per Dedicated Unused Reservation Windows with SQL Server Enterprise c8i.12xlarge Instance Hour","2026-10-01","0","Inf","Hrs","23.1476400000","USD",,,,,"Compute Instance","AmazonEC2","EU (Paris)","AWS Region","c8i.12xlarge","Yes","Compute optimized","48","Intel Xeon Scalable (Granite Rapids)","3.9 GHz","96 GiB","EBS only","22500 Megabit","64-bit",,,,,,,,"Dedicated","Windows","No License required",,,,"EUW3-UnusedDed:c8i.12xlarge","RunInstances:0102","NA","UnusedCapacityReservation","false","15000 Mbps","15000 Mbps","NA","Yes",,"NA",,,,,,,,,,,,,,"Compute Optimized","C8SQ6JNHFFBN8UNT","Yes","Yes","Yes","OnDemand","96",,"SQL Ent","Intel AVX; Intel AVX2; Intel AVX512; Intel Turbo; Intel AMX",,"eu-west-3",,"Amazon Elastic Compute Cloud",,,,"true"
"TWKC2K368XHNHE4V","38NPMPTW36","TWKC2K368XHNHE4V.38NPMPTW36.6YS6EN2CT7","Reserved","Linux with SQL Server Standard (Amazon VPC), c7i.12xlarge reserved instance applied","2026-10-08","0","Inf","Hrs","3.4155000000","USD",,"3yr","Partial Upfront","standard","Compute Instance","AmazonEC2","EU (Paris)","AWS Region","c7i.12xlarge","Yes","Compute optimized","48","Intel Xeon Scalable (Sapphire Rapids)","3.2 GHz","96 GiB","EBS only","18750 Megabit","64-bit",,,,,,,,"Shared","Linux","No License required",,,,"EUW3-BoxUsage:c7i.12xlarge","RunInstances:0004","NA","Used","false","15000 Mbps","15000 Mbps","NA","Yes",,"NA",,,,,,,,,,,,,,"Compute Optimized",,"Yes","Yes","Yes","OnDemand","96",,"SQL Std","Intel AVX; Intel AVX2; Intel AVX512; Intel Turbo; Intel AMX",,"eu-west-3",,"Amazon Elastic Compute Cloud",,,,"true"
"TWKC2K368XHNHE4V","38NPMPTW36","TWKC2K368XHNHE4V.38NPMPTW36.2TG2D8R56U","Reserved","Upfront Fee","2026-10-08",,,"Quantity","89759","USD",,"3yr","Partial Upfront","standard","Compute Instance","AmazonEC2","EU (Paris)","AWS Region","c7i.12xlarge","Yes","Compute optimized","48","Intel Xeon Scalable (Sapphire Rapids)","3.2 GHz","96 GiB","EBS only","18750 Megabit","64-bit",,,,,,,,"Shared","Linux","No License required",,,,"EUW3-BoxUsage:c7i.12xlarge","RunInstances:0004","NA","Used","false","15000 Mbps","15000 Mbps","NA","Yes",,"NA",,,,,,,,,,,,,,"Compute Optimized",,"Yes","Yes","Yes","OnDemand","96",,"SQL Std","Intel AVX; Intel AVX2; Intel AVX512; Intel Turbo; Intel AMX",,"eu-west-3",,"Amazon Elastic Compute Cloud",,,,"true"
"TWKC2K368XHNHE4V","4NA7Y494T4","TWKC2K368XHNHE4V.4NA7Y494T4.6YS6EN2CT7","Reserved","Linux with SQL Server Standard (Amazon VPC), c7i.12xlarge reserved instance applied","2026-10-08","0","Inf","Hrs","7.4402000000","USD",,"1yr","No Upfront","standard","Compute Instance","AmazonEC2","EU (Paris)","AWS Region","c7i.12xlarge","Yes","Compute optimized","48","Intel Xeon Scalable (Sapphire Rapids)","3.2 GHz","96 GiB","EBS only","18750 Megabit","64-bit",,,,,,,,"Shared","Linux","No License required",,,,"EUW3-BoxUsage:c7i.12xlarge","RunInstances:0004","NA","Used","false","15000 Mbps","15000 Mbps","NA","Yes",,"NA",,,,,,,,,,,,,,"Compute Optimized",,"Yes","Yes","Yes","OnDemand","96",,"SQL Std","Intel AVX; Intel AVX2; Intel AVX512; Intel Turbo; Intel AMX",,"eu-west-3",,"Amazon Elastic Compute Cloud",,,,"true"
"TWKC2K368XHNHE4V","6QCMYABX3D","TWKC2K368XHNHE4V.6QCMYABX3D.6YS6EN2CT7","Reserved","USD 0.0 per Linux with SQL Server Standard (Amazon VPC), c7i.12xlarge reserved instance applied","2026-10-08","0","Inf","Hrs","0.0000000000","USD",,"1yr","All Upfront","standard","Compute Instance","AmazonEC2","EU (Paris)","AWS Region","c7i.12xlarge","Yes","Compute optimized","48","Intel Xeon Scalable (Sapphire Rapids)","3.2 GHz","96 GiB","EBS only","18750 Megabit","64-bit",,,,,,,,"Shared","Linux","No License required",,,,"EUW3-BoxUsage:c7i.12xlarge","RunInstances:0004","NA","Used","false","15000 Mbps","15000 Mbps","NA","Yes",,"NA",,,,,,,,,,,,,,"Compute Optimized",,"Yes","Yes","Yes","OnDemand","96",,"SQL Std","Intel AVX; Intel AVX2; Intel AVX512; Intel Turbo; Intel AMX",,"eu-west-3",,"Amazon Elastic Compute Cloud",,,,"true"
"TWKC2K368XHNHE4V","6QCMYABX3D","TWKC2K368XHNHE4V.6QCMYABX3D.2TG2D8R56U","Reserved","Upfront Fee","2026-10-08",,,"Quantity","64195","USD",,"1yr","All Upfront","standard","Compute Instance","AmazonEC2","EU (Paris)","AWS Region","c7i.12xlarge","Yes","Compute optimized","48","Intel Xeon Scalable (Sapphire Rapids)","3.2 GHz","96 GiB","EBS only","18750 Megabit","64-bit",,,,,,,,"Shared","Linux","No License required",,,,"EUW3-BoxUsage:c7i.12xlarge","RunInstances:0004","NA","Used","false","15000 Mbps","15000 Mbps","NA","Yes",,"NA",,,,,,,,,,,,,,"Compute Optimized",,"Yes","Yes","Yes","OnDemand","96",,"SQL Std","Intel AVX; Intel AVX2; Intel AVX512; Intel Turbo; Intel AMX",,"eu-west-3",,"Amazon Elastic Compute Cloud",,,,"true"
"TWKC2K368XHNHE4V","7NE97W5U4E","TWKC2K368XHNHE4V.7NE97W5U4E.6YS6EN2CT7","Reserved","Linux with SQL Server Standard (Amazon VPC), c7i.12xlarge reserved instance applied","2026-10-08","0","Inf","Hrs","7.6995100000","USD",,"1yr","No Upfront","convertible","Compute Instance","AmazonEC2","EU (Paris)","AWS Region","c7i.12xlarge","Yes","Compute optimized","48","Intel Xeon Scalable (Sapphire Rapids)","3.2 GHz","96 GiB","EBS only","18750 Megabit","64-bit",,,,,,,,"Shared","Linux","No License required",,,,"EUW3-BoxUsage:c7i.12xlarge","RunInstances:0004","NA","Used","false","15000 Mbps","15000 Mbps","NA","Yes",,"NA",,,,,,,,,,,,,,"Compute Optimized",,"Yes","Yes","Yes","OnDemand","96",,"SQL Std","Intel AVX; Intel AVX2; Intel AVX512; Intel Turbo; Intel AMX",,"eu-west-3",,"Amazon Elastic Compute Cloud",,,,"true"
"TWKC2K368XHNHE4V","BPH4J8HBKS","TWKC2K368XHNHE4V.BPH4J8HBKS.6YS6EN2CT7","Reserved","Linux with SQL Server Standard (Amazon VPC), c7i.12xlarge reserved instance applied","2026-10-08","0","Inf","Hrs","6.9166700000","USD",,"3yr","No Upfront","standard","Compute Instance","AmazonEC2","EU (Paris)","AWS Region","c7i.12xlarge","Yes","Compute optimized","48","Intel Xeon Scalable (Sapphire Rapids)","3.2 GHz","96 GiB","EBS only","18750 Megabit","64-bit",,,,,,,,"Shared","Linux","No License required",,,,"EUW3-BoxUsage:c7i.12xlarge","RunInstances:0004","NA","Used","false","15000 Mbps","15000 Mbps","NA","Yes",,"NA",,,,,,,,,,,,,,"Compute Optimized",,"Yes","Yes","Yes","OnDemand","96",,"SQL Std","Intel AVX; Intel AVX2; Intel AVX512; Intel Turbo; Intel AMX",,"eu-west-3",,"Amazon Elastic Compute Cloud",,,,"true"
"TWKC2K368XHNHE4V","CUZHX8X6JH","TWKC2K368XHNHE4V.CUZHX8X6JH.6YS6EN2CT7","Reserved","Linux with SQL Server Standard (Amazon VPC), c7i.12xlarge reserved instance applied","2026-10-08","0","Inf","Hrs","3.8035800000","USD",,"1yr","Partial Upfront","convertible","Compute Instance","AmazonEC2","EU (Paris)","AWS Region","c7i.12xlarge","Yes","Compute optimized","48","Intel Xeon Scalable (Sapphire Rapids)","3.2 GHz","96 GiB","EBS only","18750 Megabit","64-bit",,,,,,,,"Shared","Linux","No License required",,,,"EUW3-BoxUsage:c7i.12xlarge","RunInstances:0004","NA","Used","false","15000 Mbps","15000 Mbps","NA","Yes",,"NA",,,,,,,,,,,,,,"Compute Optimized",,"Yes","Yes","Yes","OnDemand","96",,"SQL Std","Intel AVX; Intel AVX2; Intel AVX512; Intel Turbo; Intel AMX",,"eu-west-3",,"Amazon Elastic Compute Cloud",,,,"true"
"TWKC2K368XHNHE4V","CUZHX8X6JH","TWKC2K368XHNHE4V.CUZHX8X6JH.2TG2D8R56U","Reserved","Upfront Fee","2026-10-08",,,"Quantity","33319","USD",,"1yr","Partial Upfront","convertible","Compute Instance","AmazonEC2","EU (Paris)","AWS Region","c7i.12xlarge","Yes","Compute optimized","48","Intel Xeon Scalable (Sapphire Rapids)","3.2 GHz","96 GiB","EBS only","18750 Megabit","64-bit",,,,,,,,"Shared","Linux","No License required",,,,"EUW3-BoxUsage:c7i.12xlarge","RunInstances:0004","NA","Used","false","15000 Mbps","15000 Mbps","NA","Yes",,"NA",,,,,,,,,,,,,,"Compute Optimized",,"Yes","Yes","Yes","OnDemand","96",,"SQL Std","Intel AVX; Intel AVX2; Intel AVX512; Intel Turbo; Intel AMX",,"eu-west-3",,"Amazon Elastic Compute Cloud",,,,"true"
"TWKC2K368XHNHE4V","HU7G6KETJZ","TWKC2K368XHNHE4V.HU7G6KETJZ.6YS6EN2CT7","Reserved","Linux with SQL Server Standard (Amazon VPC), c7i.12xlarge reserved instance applied","2026-10-08","0","Inf","Hrs","3.6801000000","USD",,"1yr","Partial Upfront","standard","Compute Instance","AmazonEC2","EU (Paris)","AWS Region","c7i.12xlarge","Yes","Compute optimized","48","Intel Xeon Scalable (Sapphire Rapids)","3.2 GHz","96 GiB","EBS only","18750 Megabit","64-bit",,,,,,,,"Shared","Linux","No License required",,,,"EUW3-BoxUsage:c7i.12xlarge","RunInstances:0004","NA","Used","false","15000 Mbps","15000 Mbps","NA","Yes",,"NA",,,,,,,,,,,,,,"Compute Optimized",,"Yes","Yes","Yes","OnDemand","96",,"SQL Std","Intel AVX; Intel AVX2; Intel AVX512; Intel Turbo; Intel AMX",,"eu-west-3",,"Amazon Elastic Compute Cloud",,,,"true"
"TWKC2K368XHNHE4V","HU7G6KETJZ","TWKC2K368XHNHE4V.HU7G6KETJZ.2TG2D8R56U","Reserved","Upfront Fee","2026-10-08",,,"Quantity","32238","USD",,"1yr","Partial Upfront","standard","Compute Instance","AmazonEC2","EU (Paris)","AWS Region","c7i.12xlarge","Yes","Compute optimized","48","Intel Xeon Scalable (Sapphire Rapids)","3.2 GHz","96 GiB","EBS only","18750 Megabit","64-bit",,,,,,,,"Shared","Linux","No License required",,,,"EUW3-BoxUsage:c7i.12xlarge","RunInstances:0004","NA","Used","false","15000 Mbps","15000 Mbps","NA","Yes",,"NA",,,,,,,,,,,,,,"Compute Optimized",,"Yes","Yes","Yes","OnDemand","96",,"SQL Std","Intel AVX; Intel AVX2; Intel AVX512; Intel Turbo; Intel AMX",,"eu-west-3",,"Amazon Elastic Compute Cloud",,,,"true"
"TWKC2K368XHNHE4V","JRTCKXETXF","TWKC2K368XHNHE4V.JRTCKXETXF.6YS6EN2CT7","OnDemand","$8.3052 per On Demand Linux with SQL Std c7i.12xlarge Instance Hour","2026-10-01","0","Inf","Hrs","8.3052000000","USD",,,,,"Compute Instance","AmazonEC2","EU (Paris)","AWS Region","c7i.12xlarge","Yes","Compute optimized","48","Intel Xeon Scalable (Sapphire Rapids)","3.2 GHz","96 GiB","EBS only","18750 Megabit","64-bit",,,,,,,,"Shared","Linux","No License required",,,,"EUW3-BoxUsage:c7i.12xlarge","RunInstances:0004","NA","Used","false","15000 Mbps","15000 Mbps","NA","Yes",,"NA",,,,,,,,,,,,,,"Compute Optimized",,"Yes","Yes","Yes","OnDemand","96",,"SQL Std","Intel AVX; Intel AVX2; Intel AVX512; Intel Turbo; Intel AMX",,"eu-west-3",,"Amazon Elastic Compute Cloud",,,,"true"
"TWKC2K368XHNHE4V","MZU6U2429S","TWKC2K368XHNHE4V.MZU6U2429S.6YS6EN2CT7","Reserved","USD 0.0 per Linux with SQL Server Standard (Amazon VPC), c7i.12xlarge reserved instance applied","2026-10-08","0","Inf","Hrs","0.0000000000","USD",,"3yr","All Upfront","convertible","Compute Instance","AmazonEC2","EU (Paris)","AWS Region","c7i.12xlarge","Yes","Compute optimized","48","Intel Xeon Scalable (Sapphire Rapids)","3.2 GHz","96 GiB","EBS only","18750 Megabit","64-bit",,,,,,,,"Shared","Linux","No License required",,,,"EUW3-BoxUsage:c7i.12xlarge","RunInstances:0004","NA","Used","false","15000 Mbps","15000 Mbps","NA","Yes",,"NA",,,,,,,,,,,,,,"Compute Optimized",,"Yes","Yes","Yes","OnDemand","96",,"SQL Std","Intel AVX; Intel AVX2; Intel AVX512; Intel Turbo; Intel AMX",,"eu-west-3",,"Amazon Elastic Compute Cloud",,,,"true"
"TWKC2K368XHNHE4V","MZU6U2429S","TWKC2K368XHNHE4V.MZU6U2429S.2TG2D8R56U","Reserved","Upfront Fee","2026-10-08",,,"Quantity","183045","USD",,"3yr","All Upfront","convertible","Compute Instance","AmazonEC2","EU (Paris)","AWS Region","c7i.12xlarge","Yes","Compute optimized","48","Intel Xeon Scalable (Sapphire Rapids)","3.2 GHz","96 GiB","EBS only","18750 Megabit","64-bit",,,,,,,,"Shared","Linux","No License required",,,,"EUW3-BoxUsage:c7i.12xlarge","RunInstances:0004","NA","Used","false","15000 Mbps","15000 Mbps","NA","Yes",,"NA",,,,,,,,,,,,,,"Compute Optimized",,"Yes","Yes","Yes","OnDemand","96",,"SQL Std","Intel AVX; Intel AVX2; Intel AVX512; Intel Turbo; Intel AMX",,"eu-west-3",,"Amazon Elastic Compute Cloud",,,,"true"
"TWKC2K368XHNHE4V","NQ3QZPMQV9","TWKC2K368XHNHE4V.NQ3QZPMQV9.6YS6EN2CT7","Reserved","USD 0.0 per Linux with SQL Server Standard (Amazon VPC), c7i.12xlarge reserved instance applied","2026-10-08","0","Inf","Hrs","0.0000000000","USD",,"3yr","All Upfront","standard","Compute Instance","AmazonEC2","EU (Paris)","AWS Region","c7i.12xlarge","Yes","Compute optimized","48","Intel Xeon Scalable (Sapphire Rapids)","3.2 GHz","96 GiB","EBS only","18750 Megabit","64-bit",,,,,,,,"Shared","Linux","No License required",,,,"EUW3-BoxUsage:c7i.12xlarge","RunInstances:0004","NA","Used","false","15000 Mbps","15000 Mbps","NA","Yes",,"NA",,,,,,,,,,,,,,"Compute Optimized",,"Yes","Yes","Yes","OnDemand","96",,"SQL Std","Intel AVX; Intel AVX2; Intel AVX512; Intel Turbo; Intel AMX",,"eu-west-3",,"Amazon Elastic Compute Cloud",,,,"true"
"TWKC2K368XHNHE4V","NQ3QZPMQV9","TWKC2K368XHNHE4V.NQ3QZPMQV9.2TG2D8R56U","Reserved","Upfront Fee","2026-10-08",,,"Quantity","177830","USD",,"3yr","All Upfront","standard","Compute Instance","AmazonEC2","EU (Paris)","AWS Region","c7i.12xlarge","Yes","Compute optimized","48","Intel Xeon Scalable (Sapphire Rapids)","3.2 GHz","96 GiB","EBS only","18750 Megabit","64-bit",,,,,,,,"Shared","Linux","No License required",,,,"EUW3-BoxUsage:c7i.12xlarge","RunInstances:0004","NA","Used","false","15000 Mbps","15000 Mbps","NA","Yes",,"NA",,,,,,,,,,,,,,"Compute Optimized",,"Yes","Yes","Yes","OnDemand","96",,"SQL Std","Intel AVX; Intel AVX2; Intel AVX512; Intel Turbo; Intel AMX",,"eu-west-3",,"Amazon Elastic Compute Cloud",,,,"true"
"TWKC2K368XHNHE4V","R5XV2EPZQZ","TWKC2K368XHNHE4V.R5XV2EPZQZ.6YS6EN2CT7","Reserved","Linux with SQL Server Standard (Amazon VPC), c7i.12xlarge reserved instance applied","2026-10-08","0","Inf","Hrs","3.4948800000","USD",,"3yr","Partial Upfront","convertible","Compute Instance","AmazonEC2","EU (Paris)","AWS Region","c7i.12xlarge","Yes","Compute optimized","48","Intel Xeon Scalable (Sapphire Rapids)","3.2 GHz","96 GiB","EBS only","18750 Megabit","64-bit",,,,,,,,"Shared","Linux","No License required",,,,"EUW3-BoxUsage:c7i.12xlarge","RunInstances:0004","NA","Used","false","15000 Mbps","15000 Mbps","NA","Yes",,"NA",,,,,,,,,,,,,,"Compute Optimized",,"Yes","Yes","Yes","OnDemand","96",,"SQL Std","Intel AVX; Intel AVX2; Intel AVX512; Intel Turbo; Intel AMX",,"eu-west-3",,"Amazon Elastic Compute Cloud",,,,"true"
"TWKC2K368XHNHE4V","R5XV2EPZQZ","TWKC2K368XHNHE4V.R5XV2EPZQZ.2TG2D8R56U","Reserved","Upfront Fee","2026-10-08",,,"Quantity","91846","USD",,"3yr","Partial Upfront","convertible","Compute Instance","AmazonEC2","EU (Paris)","AWS Region","c7i.12xlarge","Yes","Compute optimized","48","Intel Xeon Scalable (Sapphire Rapids)","3.2 GHz","96 GiB","EBS only","18750 Megabit","64-bit",,,,,,,,"Shared","Linux","No License required",,,,"EUW3-BoxUsage:c7i.12xlarge","RunInstances:0004","NA","Used","false","15000 Mbps","15000 Mbps","NA","Yes",,"NA",,,,,,,,,,,,,,"Compute Optimized",,"Yes","Yes","Yes","OnDemand","96",,"SQL Std","Intel AVX; Intel AVX2; Intel AVX512; Intel Turbo; Intel AMX",,"eu-west-3",,"Amazon Elastic Compute Cloud",,,,"true"
"TWKC2K368XHNHE4V","VJWZNREJX2","TWKC2K368XHNHE4V.VJWZNREJX2.6YS6EN2CT7","Reserved","USD 0.0 per Linux with SQL Server Standard (Amazon VPC), c7i.12xlarge reserved instance applied","2026-10-08","0","Inf","Hrs","0.0000000000","USD",,"1yr","All Upfront","convertible","Compute Instance","AmazonEC2","EU (Paris)","AWS Region","c7i.12xlarge","Yes","Compute optimized","48","Intel Xeon Scalable (Sapphire Rapids)","3.2 GHz","96 GiB","EBS only","18750 Megabit","64-bit",,,,,,,,"Shared","Linux","No License required",,,,"EUW3-BoxUsage:c7i.12xlarge","RunInstances:0004","NA","Used","false","15000 Mbps","15000 Mbps","NA","Yes",,"NA",,,,,,,,,,,,,,"Compute Optimized",,"Yes","Yes","Yes","OnDemand","96",,"SQL Std","Intel AVX; Intel AVX2; Intel AVX512; Intel Turbo; Intel AMX",,"eu-west-3",,"Amazon Elastic Compute Cloud",,,,"true"
"TWKC2K368XHNHE4V","VJWZNREJX2","TWKC2K368XHNHE4V.VJWZNREJX2.2TG2D8R56U","Reserved","Upfront Fee","2026-10-08",,,"Quantity","66315","USD",,"1yr","All Upfront","convertible","Compute Instance","AmazonEC2","EU (Paris)","AWS Region","c7i.12xlarge","Yes","Compute optimized","48","Intel Xeon Scalable (Sapphire Rapids)","3.2 GHz","96 GiB","EBS only","18750 Megabit","64-bit",,,,,,,,"Shared","Linux","No License required",,,,"EUW3-BoxUsage:c7i.12xlarge","RunInstances:0004","NA","Used","false","15000 Mbps","15000 Mbps","NA","Yes",,"NA",,,,,,,,,,,,,,"Compute Optimized",,"Yes","Yes","Yes","OnDemand","96",,"SQL Std","Intel AVX; Intel AVX2; Intel AVX512; Intel Turbo; Intel AMX",,"eu-west-3",,"Amazon Elastic Compute Cloud",,,,"true"
"TWKC2K368XHNHE4V","Z2E3P23VKM","TWKC2K368XHNHE4V.Z2E3P23VKM.6YS6EN2CT7","Reserved","Linux with SQL Server Standard (Amazon VPC), c7i.12xlarge reserved instance applied","2026-10-08","0","Inf","Hrs","7.0881500000","USD",,"3yr","No Upfront","convertible","Compute Instance","AmazonEC2","EU (Paris)","AWS Region","c7i.12xlarge","Yes","Compute optimized","48","Intel Xeon Scalable (Sapphire Rapids)","3.2 GHz","96 GiB","EBS only","18750 Megabit","64-bit",,,,,,,,"Shared","Linux","No License required",,,,"EUW3-BoxUsage:c7i.12xlarge","RunInstances:0004","NA","Used","false","15000 Mbps","15000 Mbps","NA","Yes",,"NA",,,,,,,,,,,,,,"Compute Optimized",,"Yes","Yes","Yes","OnDemand","96",,"SQL Std","Intel AVX; Intel AVX2; Intel AVX512; Intel Turbo; Intel AMX",,"eu-west-3",,"Amazon Elastic Compute Cloud",,,,"true"
"TYMJNFAQCBPXE5RJ","JRTCKXETXF","TYMJNFAQCBPXE5RJ.JRTCKXETXF.6YS6EN2CT7","OnDemand","$0.00 per Red Hat Enterprise Linux with HA c7i.12xlarge Dedicated Host Instance hour","2026-10-01","0","Inf","Hrs","0.0000000000","USD",,,,,"Compute Instance","AmazonEC2","EU (Paris)","AWS Region","c7i.12xlarge","Yes","Compute optimized","48","Intel Xeon Scalable (Sapphire Rapids)","3.2 GHz","96 GiB","EBS only","18750 Megabit","64-bit",,,,,,,,"Host","Red Hat Enterprise Linux with HA","No License required",,,,"EUW3-HostBoxUsage:c7i.12xlarge","RunInstances:1010","NA","Used","false","15000 Mbps","15000 Mbps","NA","Yes",,"NA",,,,,,,,,,,,,,"Compute Optimized",,"Yes","Yes","Yes","OnDemand","96",,"NA","Intel AVX; Intel AVX2; Intel AVX512; Intel Turbo; Intel AMX",,"eu-west-3",,"Amazon Elastic Compute Cloud",,,,"true"
"TZ53KMQH6AUWSX4J","JRTCKXETXF","TZ53KMQH6AUWSX4J.JRTCKXETXF.6YS6EN2CT7","OnDemand","$0.00 per Dedicated Reservation Linux c7i.8xlarge Instance Hour","2026-10-01","0","Inf","Hrs","0.0000000000","USD",,,,,"Compute Instance","AmazonEC2","EU (Paris)","AWS Region","c7i.8xlarge","Yes","Compute optimized","32","Intel Xeon Scalable (Sapphire Rapids)","3.2 GHz","64 GiB","EBS only","12500 Megabit","64-bit",,,,,,,,"Dedicated","Linux","No License required",,,,"EUW3-DedicatedRes:c7i.8xlarge","RunInstances","NA","AllocatedCapacityReservation","false","10000 Mbps","10000 Mbps","NA","Yes",,"NA",,,,,,,,,,,,,,"Compute Optimized","MKWY22QTCNC9NP9Q","Yes","Yes","Yes","OnDemand","64",,"NA","Intel AVX; Intel AVX2; Intel AVX512; Intel Turbo; Intel AMX",,"eu-west-3",,"Amazon Elastic Compute Cloud",,,,"true"
"U3UUXNJHBNS28TWA","JRTCKXETXF","U3UUXNJHBNS28TWA.JRTCKXETXF.6YS6EN2CT7","OnDemand","$0.00 per Dedicated Reservation Windows BYOL c7i.12xlarge Instance Hour","2026-10-01","0","Inf","Hrs","0.0000000000","USD",,,,,"Compute Instance","AmazonEC2","EU (Paris)","AWS Region","c7i.12xlarge","Yes","Compute optimized","48","Intel Xeon Scalable (Sapphire Rapids)","3.2 GHz","96 GiB","EBS only","18750 Megabit","64-bit",,,,,,,,"Dedicated","Windows","Bring your own license",,,,"EUW3-DedicatedRes:c7i.12xlarge","RunInstances:0800","NA","AllocatedCapacityReservation","false","15000 Mbps","15000 Mbps","NA","Yes",,"NA",,,,,,,,,,,,,,"Compute Optimized","24A3KUKS6W3XPB6G","Yes","Yes","Yes","OnDemand","96",,"NA","Intel AVX; Intel AVX2; Intel AVX512; Intel Turbo; Intel AMX",,"eu-west-3",,"Amazon Elastic Compute Cloud",,,,"true"
"U88JPFMMBEWPMRF2","JRTCKXETXF","U88JPFMMBEWPMRF2.JRTCKXETXF.6YS6EN2CT7","OnDemand","$1.6968 per On Demand Windows with SQL Server Enterprise without licenses c7i.8xlarge Instance Hour","2026-10-01","0","Inf","Hrs","1.6968000000","USD",,,,,"Compute Instance","AmazonEC2","EU (Paris)","AWS Region","c7i.8xlarge","Yes","Compute optimized","32","Intel Xeon Scalable (Sapphire Rapids)","3.2 GHz","64 GiB","EBS only","12500 Megabit","64-bit",,,,,,,,"Shared","Windows","License Included - Infrastructure",,,,"EUW3-BoxUsage:c7i.8xlarge","RunInstances:0102:box","NA","Used","false","10000 Mbps","10000 Mbps","NA","Yes",,"NA",,,,,,,,,,,,,,"Compute Optimized",,"Yes","Yes","Yes","OnDemand","64",,"SQL Ent","Intel AVX; Intel AVX2; Intel AVX512; Intel Turbo; Intel AMX",,"eu-west-3",,"Amazon Elastic Compute Cloud",,,,"true"
"UJ2EJQ7MYEG4W7WU","JRTCKXETXF","UJ2EJQ7MYEG4W7WU.JRTCKXETXF.6YS6EN2CT7","OnDemand","$3.8628 per Unused Reservation Red Hat Enterprise Linux with HA c8i.12xlarge Instance Hour","2026-10-01","0","Inf","Hrs","3.8628000000","USD",,,,,"Compute Instance","AmazonEC2","EU (Paris)","AWS Region","c8i.12xlarge","Yes","Compute optimized","48","Intel Xeon Scalable (Granite Rapids)","3.9 GHz","96 GiB","EBS only","22500 Megabit","64-bit",,,,,,,,"Shared","Red Hat Enterprise Linux with HA","No License required",,,,"EUW3-UnusedBox:c8i.12xlarge","RunInstances:1010","NA","UnusedCapacityReservation","false","15000 Mbps","15000 Mbps","NA","Yes",,"NA",,,,,,,,,,,,,,"Compute Optimized","2JSTP8P766URZXXZ","Yes","Yes","Yes","OnDemand","96",,"NA","Intel AVX; Intel AVX2; Intel AVX512; Intel Turbo; Intel AMX",,"eu-west-3",,"Amazon Elastic Compute Cloud",,,,"true"
"UJS9VYZM3MSTSJTJ","JRTCKXETXF","UJS9VYZM3MSTSJTJ.JRTCKXETXF.6YS6EN2CT7","OnDemand","$3.87928 per Dedicated Unused Reservation Windows with SQL Web c7i.8xlarge Instance Hour","2026-10-01","0","Inf","Hrs","3.8792800000","USD",,,,,"Compute Instance","AmazonEC2","EU (Paris)","AWS Region","c7i.8xlarge","Yes","Compute optimized","32","Intel Xeon Scalable (Sapphire Rapids)","3.2 GHz","64 GiB","EBS only","12500 Megabit","64-bit",,,,,,,,"Dedicated","Windows","No License required",,,,"EUW3-UnusedDed:c7i.8xlarge","RunInstances:0202","NA","UnusedCapacityReservation","false","10000 Mbps","10000 Mbps","NA","Yes",,"NA",,,,,,,,,,,,,,"Compute Optimized","RKPXBDCUHQB5E2ZY","Yes","Yes","Yes","OnDemand","64",,"SQL Web","Intel AVX; Intel AVX2; Intel AVX512; Intel Turbo; Intel AMX",,"eu-west-3",,"Amazon Elastic Compute Cloud",,,,"true"
"UJUHZ3MV5B2UXDZF","JRTCKXETXF","UJUHZ3MV5B2UXDZF.JRTCKXETXF.6YS6EN2CT7","OnDemand","$5.6916 per On Demand Windows with SQL Web c8i.12xlarge Instance Hour","2026-10-01","0","Inf","Hrs","5.6916000000","USD",,,,,"Compute Instance","AmazonEC2","EU (Paris)","AWS Region","c8i.12xlarge","Yes","Compute optimized","48","Intel Xeon Scalable (Granite Rapids)","3.9 GHz","96 GiB","EBS only","22500 Megabit","64-bit",,,,,,,,"Shared","Windows","No License required",,,,"EUW3-BoxUsage:c8i.12xlarge","RunInstances:0202","NA","Used","false","15000 Mbps","15000 Mbps","NA","Yes",,"NA",,,,,,,,,,,,,,"Compute Optimized",,"Yes","Yes","Yes","OnDemand","96",,"SQL Web","Intel AVX; Intel AVX2; Intel AVX512; Intel Turbo; Intel AMX",,"eu-west-3",,"Amazon Elastic Compute Cloud",,,,"true"
"UN2VDU3ZD9MQ4MU4","JRTCKXETXF","UN2VDU3ZD9MQ4MU4.JRTCKXETXF.6YS6EN2CT7","OnDemand","$2.7974 per On Demand SUSE c8i.12xlarge Instance Hour","2026-10-01","0","Inf","Hrs","2.7974000000","USD",,,,,"Compute Instance","AmazonEC2","EU (Paris)","AWS Region","c8i.12xlarge","Yes","Compute optimized","48","Intel Xeon Scalable (Granite Rapids)","3.9 GHz","96 GiB","EBS only","22500 Megabit","64-bit",,,,,,,,"Shared","SUSE","No License required",,,,"EUW3-BoxUsage:c8i.12xlarge","RunInstances:000g","NA","Used","false","15000 Mbps","15000 Mbps","NA","Yes",,"NA",,,,,,,,,,,,,,"Compute Optimized",,"Yes","Yes","Yes","OnDemand","96",,"NA","Intel AVX; Intel AVX2; Intel AVX512; Intel Turbo; Intel AMX",,"eu-west-3",,"Amazon Elastic Compute Cloud",,,,"true"
"UNFG3VT8QFVSW994","JRTCKXETXF","UNFG3VT8QFVSW994.JRTCKXETXF.6YS6EN2CT7","OnDemand","$0.00 per Dedicated Reservation Linux with SQL Std c8i.12xlarge Instance Hour","2026-10-01","0","Inf","Hrs","0.0000000000","USD",,,,,"Compute Instance","AmazonEC2","EU (Paris)","AWS Region","c8i.12xlarge","Yes","Compute optimized","48","Intel Xeon Scalable (Granite Rapids)","3.9 GHz","96 GiB","EBS only","22500 Megabit","64-bit",,,,,,,,"Dedicated","Linux","No License required",,,,"EUW3-DedicatedRes:c8i.12xlarge","RunInstances:0004","NA","AllocatedCapacityReservation","false","15000 Mbps","15000 Mbps","NA","Yes",,"NA",,,,,,,,,,,,,,"Compute Optimized","NAB3GY44PGXF4PSD","Yes","Yes","Yes","OnDemand","96",,"SQL Std","Intel AVX; Intel AVX2; Intel AVX512; Intel Turbo; Intel AMX",,"eu-west-3",,"Amazon Elastic Compute Cloud",,,,"true"
"UQMJU9KUW9EX77WQ","JRTCKXETXF","UQMJU9KUW9EX77WQ.JRTCKXETXF.6YS6EN2CT7","OnDemand","$20.6724 per On Demand Linux with SQL Server Enterprise c8i.12xlarge Instance Hour","2026-10-01","0","Inf","Hrs","20.6724000000","USD",,,,,"Compute Instance","AmazonEC2","EU (Paris)","AWS Region","c8i.12xlarge","Yes","Compute optimized","48","Intel Xeon Scalable (Granite Rapids)","3.9 GHz","96 GiB","EBS only","22500 Megabit","64-bit",,,,,,,,"Shared","Linux","No License required",,,,"EUW3-BoxUsage:c8i.12xlarge","RunInstances:0100","NA","Used","false","15000 Mbps","15000 Mbps","NA","Yes",,"NA",,,,,,,,,,,,,,"Compute Optimized",,"Yes","Yes","Yes","OnDemand","96",,"SQL Ent","Intel AVX; Intel AVX2; Intel AVX512; Intel Turbo; Intel AMX",,"eu-west-3",,"Amazon Elastic Compute Cloud",,,,"true"
"UQYZC894ZF3XXSP9","JRTCKXETXF","UQYZC894ZF3XXSP9.JRTCKXETXF.6YS6EN2CT7","OnDemand","$2.5832 per Unused Reservation RHEL with SQL Web c7i.8xlarge Instance Hour","2026-10-01","0","Inf","Hrs","2.5832000000","USD",,,,,"Compute Instance","AmazonEC2","EU (Paris)","AWS Region","c7i.8xlarge","Yes","Compute optimized","32","Intel Xeon Scalable (Sapphire Rapids)","3.2 GHz","64 GiB","EBS only","12500 Megabit","64-bit",,,,,,,,"Shared","RHEL","No License required",,,,"EUW3-UnusedBox:c7i.8xlarge","RunInstances:0210","NA","UnusedCapacityReservation","false","10000 Mbps","10000 Mbps","NA","Yes",,"NA",,,,,,,,,,,,,,"Compute Optimized","K9XGMHK25RDAYZX9","Yes","Yes","Yes","OnDemand","64",,"SQL Web","Intel AVX; Intel AVX2; Intel AVX512; Intel Turbo; Intel AMX",,"eu-west-3",,"Amazon Elastic Compute Cloud",,,,"true"
"URUVF8ADYWJZW4RS","JRTCKXETXF","URUVF8ADYWJZW4RS.JRTCKXETXF.6YS6EN2CT7","OnDemand","$2.5452 per On Demand Windows with SQL Server Enterprise without licenses c7i.12xlarge Instance Hour","2026-10-01","0","Inf","Hrs","2.5452000000","USD",,,,,"Compute Instance","AmazonEC2","EU (Paris)","AWS Region","c7i.12xlarge","Yes","Compute optimized","48","Intel Xeon Scalable (Sapphire Rapids)","3.2 GHz","96 GiB","EBS only","18750 Megabit","64-bit",,,,,,,,"Shared","Windows","License Included - Infrastructure",,,,"EUW3-BoxUsage:c7i.12xlarge","RunInstances:0102:box","NA","Used","false","15000 Mbps","15000 Mbps","NA","Yes",,"NA",,,,,,,,,,,,,,"Compute Optimized",,"Yes","Yes","Yes","OnDemand","96",,"SQL Ent","Intel AVX; Intel AVX2; Intel AVX512; Intel Turbo; Intel AMX",,"eu-west-3",,"Amazon Elastic Compute Cloud",,,,"true"
"US5T55NKHWEYMFAW","JRTCKXETXF","US5T55NKHWEYMFAW.JRTCKXETXF.6YS6EN2CT7","OnDemand","$20.6724 per Unused Reservation Linux with SQL Server Enterprise c8i.12xlarge Instance Hour","2026-10-01","0","Inf","Hrs","20.6724000000","USD",,,,,"Compute Instance","AmazonEC2","EU (Paris)","AWS Region","c8i.12xlarge","Yes","Compute optimized","48","Intel Xeon Scalable (Granite Rapids)","3.9 GHz","96 GiB","EBS only","22500 Megabit","64-bit",,,,,,,,"Shared","Linux","No License required",,,,"EUW3-UnusedBox:c8i.12xlarge","RunInstances:0100","NA","UnusedCapacityReservation","false","15000 Mbps","15000 Mbps","NA","Yes",,"NA",,,,,,,,,,,,,,"Compute Optimized","UQMJU9KUW9EX77WQ","Yes","Yes","Yes","OnDemand","96",,"SQL Ent","Intel AVX; Intel AVX2; Intel AVX512; Intel Turbo; Intel AMX",,"eu-west-3",,"Amazon Elastic Compute Cloud",,,,"true"
"UT9EK2RU5XFAJCS2","JRTCKXETXF","UT9EK2RU5XFAJCS2.JRTCKXETXF.6YS6EN2CT7","OnDemand","$15.1688 per Unused Reservation Windows with SQL Server Enterprise c7i.8xlarge Instance Hour","2026-10-01","0","Inf","Hrs","15.1688000000","USD",,,,,"Compute Instance","AmazonEC2","EU (Paris)","AWS Region","c7i.8xlarge","Yes","Compute optimized","32","Intel Xeon Scalable (Sapphire Rapids)","3.2 GHz","64 GiB","EBS only","12500 Megabit","64-bit",,,,,,,,"Shared","Windows","No License required",,,,"EUW3-UnusedBox:c7i.8xlarge","RunInstances:0102","NA","UnusedCapacityReservation","false","10000 Mbps","10000 Mbps","NA","Yes",,"NA",,,,,,,,,,,,,,"Compute Optimized","PSGQ85BDCBBX5DWT","Yes","Yes","Yes","OnDemand","64",,"SQL Ent","Intel AVX; Intel AVX2; Intel AVX512; Intel Turbo; Intel AMX",,"eu-west-3",,"Amazon Elastic Compute Cloud",,,,"true"
"UUXMGJXMKT2VZD3R","JRTCKXETXF","UUXMGJXMKT2VZD3R.JRTCKXETXF.6YS6EN2CT7","OnDemand","$8.9508 per Unused Reservation RHEL with SQL Standard c8i.12xlarge Instance Hour","2026-10-01","0","Inf","Hrs","8.9508000000","USD",,,,,"Compute Instance","AmazonEC2","EU (Paris)","AWS Region","c8i.12xlarge","Yes","Compute optimized","48","Intel Xeon Scalable (Granite Rapids)","3.9 GHz","96 GiB","EBS only","22500 Megabit","64-bit",,,,,,,,"Shared","RHEL","No License required",,,,"EUW3-UnusedBox:c8i.12xlarge","RunInstances:0014","NA","UnusedCapacityReservation","false","15000 Mbps","15000 Mbps","NA","Yes",,"NA",,,,,,,,,,,,,,"Compute Optimized","MAMGXW4NGBT6DSKM","Yes","Yes","Yes","OnDemand","96",,"SQL Std","Intel AVX; Intel AVX2; Intel AVX512; Intel Turbo; Intel AMX",,"eu-west-3",,"Amazon Elastic Compute Cloud",,,,"true"
"UYTNTKPBHFY26UX4","38NPMPTW36","UYTNTKPBHFY26UX4.38NPMPTW36.6YS6EN2CT7","Reserved","Red Hat Enterprise Linux (Amazon VPC), c7i.12xlarge reserved instance applied","2026-10-08","0","Inf","Hrs","0.7190500000","USD",,"3yr","Partial Upfront","standard","Compute Instance","AmazonEC2","EU (Paris)","AWS Region","c7i.12xlarge","Yes","Compute optimized","48","Intel Xeon Scalable (Sapphire Rapids)","3.2 GHz","96 GiB","EBS only","18750 Megabit","64-bit",,,,,,,,"Dedicated","RHEL","No License required",,,,"EUW3-DedicatedUsage:c7i.12xlarge","RunInstances:0010","NA","Used","false","15000 Mbps","15000 Mbps","NA","Yes",,"NA",,,,,,,,,,,,,,"Compute Optimized",,"Yes","Yes","Yes","OnDemand","96",,"NA","Intel AVX; Intel AVX2; Intel AVX512; Intel Turbo; Intel AMX",,"eu-west-3",,"Amazon Elastic Compute Cloud",,,,"true"
"UYTNTKPBHFY26UX4","38NPMPTW36","UYTNTKPBHFY26UX4.38NPMPTW36.2TG2D8R56U","Reserved","Upfront Fee","2026-10-08",,,"Quantity","15480","USD",,"3yr","Partial Upfront","standard","Compute Instance","AmazonEC2","EU (Paris)","AWS Region","c7i.12xlarge","Yes","Compute optimized","48","Intel Xeon Scalable (Sapphire Rapids)","3.2 GHz","96 GiB","EBS only","18750 Megabit","64-bit",,,,,,,,"Dedicated","RHEL","No License required",,,,"EUW3-DedicatedUsage:c7i.12xlarge","RunInstances:0010","NA","Used","false","15000 Mbps","15000 Mbps","NA","Yes",,"NA",,,,,,,,,,,,,,"Compute Optimized",,"Yes","Yes","Yes","OnDemand","96",,"NA","Intel AVX; Intel AVX2; Intel AVX512; Intel Turbo; Intel AMX",,"eu-west-3",,"Amazon Elastic Compute Cloud",,,,"true"
"UYTNTKPBHFY26UX4","4NA7Y494T4","UYTNTKPBHFY26UX4.4NA7Y494T4.6YS6EN2CT7","Reserved","Red Hat Enterprise Linux (Amazon VPC), c7i.12xlarge reserved instance applied","2026-10-08","0","Inf","Hrs","1.9782200000","USD",,"1yr","No Upfront","standard","Compute Instance","AmazonEC2","EU (Paris)","AWS Region","c7i.12xlarge","Yes","Compute optimized","48","Intel Xeon Scalable (Sapphire Rapids)","3.2 GHz","96 GiB","EBS only","18750 Megabit","64-bit",,,,,,,,"Dedicated","RHEL","No License required",,,,"EUW3-DedicatedUsage:c7i.12xlarge","RunInstances:0010","NA","Used","false","15000 Mbps","15000 Mbps","NA","Yes",,"NA",,,,,,,,,,,,,,"Compute Optimized",,"Yes","Yes","Yes","OnDemand","96",,"NA","Intel AVX; Intel AVX2; Intel AVX512; Intel Turbo; Intel AMX",,"eu-west-3",,"Amazon Elastic Compute Cloud",,,,"true"
"UYTNTKPBHFY26UX4","6QCMYABX3D","UYTNTKPBHFY26UX4.6QCMYABX3D.6YS6EN2CT7","Reserved","USD 0.0 per Red Hat Enterprise Linux (Amazon VPC), c7i.12xlarge reserved instance applied","2026-10-08","0","Inf","Hrs","0.0000000000","USD",,"1yr","All Upfront","standard","Compute Instance","AmazonEC2","EU (Paris)","AWS Region","c7i.12xlarge","Yes","Compute optimized","48","Intel Xeon Scalable (Sapphire Rapids)","3.2 GHz","96 GiB","EBS only","18750 Megabit","64-bit",,,,,,,,"Dedicated","RHEL","No License required",,,,"EUW3-DedicatedUsage:c7i.12xlarge","RunInstances:0010","NA","Used","false","15000 Mbps","15000 Mbps","NA","Yes",,"NA",,,,,,,,,,,,,,"Compute Optimized",,"Yes","Yes","Yes","OnDemand","96",,"NA","Intel AVX; Intel AVX2; Intel AVX512; Intel Turbo; Intel AMX",,"eu-west-3",,"Amazon Elastic Compute Cloud",,,,"true"
"UYTNTKPBHFY26UX4","6QCMYABX3D","UYTNTKPBHFY26UX4.6QCMYABX3D.2TG2D8R56U","Reserved","Upfront Fee","2026-10-08",,,"Quantity","16250","USD",,"1yr","All Upfront","standard","Compute Instance","AmazonEC2","EU (Paris)","AWS Region","c7i.12xlarge","Yes","Compute optimized","48","Intel Xeon Scalable (Sapphire Rapids)","3.2 GHz","96 GiB","EBS only","18750 Megabit","64-bit",,,,,,,,"Dedicated","RHEL","No License required",,,,"EUW3-DedicatedUsage:c7i.12xlarge","RunInstances:0010","NA","Used","false","15000 Mbps","15000 Mbps","NA","Yes",,"NA",,,,,,,,,,,,,,"Compute Optimized",,"Yes","Yes","Yes","OnDemand","96",,"NA","Intel AVX; Intel AVX2; Intel AVX512; Intel Turbo; Intel AMX",,"eu-west-3",,"Amazon Elastic Compute Cloud",,,,"true"
"UYTNTKPBHFY26UX4","7NE97W5U4E","UYTNTKPBHFY26UX4.7NE97W5U4E.6YS6EN2CT7","Reserved","Red Hat Enterprise Linux (Amazon VPC), c7i.12xlarge reserved instance applied","2026-10-08","0","Inf","Hrs","2.2634600000","USD",,"1yr","No Upfront","convertible","Compute Instance","AmazonEC2","EU (Paris)","AWS Region","c7i.12xlarge","Yes","Compute optimized","48","Intel Xeon Scalable (Sapphire Rapids)","3.2 GHz","96 GiB","EBS only","18750 Megabit","64-bit",,,,,,,,"Dedicated","RHEL","No License required",,,,"EUW3-DedicatedUsage:c7i.12xlarge","RunInstances:0010","NA","Used","false","15000 Mbps","15000 Mbps","NA","Yes",,"NA",,,,,,,,,,,,,,"Compute Optimized",,"Yes","Yes","Yes","OnDemand","96",,"NA","Intel AVX; Intel AVX2; Intel AVX512; Intel Turbo; Intel AMX",,"eu-west-3",,"Amazon Elastic Compute Cloud",,,,"true"
"UYTNTKPBHFY26UX4","BPH4J8HBKS","UYTNTKPBHFY26UX4.BPH4J8HBKS.6YS6EN2CT7","Reserved","Red Hat Enterprise Linux (Amazon VPC), c7i.12xlarge reserved instance applied","2026-10-08","0","Inf","Hrs","1.4023400000","USD",,"3yr","No Upfront","standard","Compute Instance","AmazonEC2","EU (Paris)","AWS Region","c7i.12xlarge","Yes","Compute optimized","48","Intel Xeon Scalable (Sapphire Rapids)","3.2 GHz","96 GiB","EBS only","18750 Megabit","64-bit",,,,,,,,"Dedicated","RHEL","No License required",,,,"EUW3-DedicatedUsage:c7i.12xlarge","RunInstances:0010","NA","Used","false","15000 Mbps","15000 Mbps","NA","Yes",,"NA",,,,,,,,,,,,,,"Compute Optimized",,"Yes","Yes","Yes","OnDemand","96",,"NA","Intel AVX; Intel AVX2; Intel AVX512; Intel Turbo; Intel AMX",,"eu-west-3",,"Amazon Elastic Compute Cloud",,,,"true"
"UYTNTKPBHFY26UX4","CUZHX8X6JH","UYTNTKPBHFY26UX4.CUZHX8X6JH.6YS6EN2CT7","Reserved","Red Hat Enterprise Linux (Amazon VPC), c7i.12xlarge reserved instance applied","2026-10-08","0","Inf","Hrs","1.1459300000","USD",,"1yr","Partial Upfront","convertible","Compute Instance","AmazonEC2","EU (Paris)","AWS Region","c7i.12xlarge","Yes","Compute optimized","48","Intel Xeon Scalable (Sapphire Rapids)","3.2 GHz","96 GiB","EBS only","18750 Megabit","64-bit",,,,,,,,"Dedicated","RHEL","No License required",,,,"EUW3-DedicatedUsage:c7i.12xlarge","RunInstances:0010","NA","Used","false","15000 Mbps","15000 Mbps","NA","Yes",,"NA",,,,,,,,,,,,,,"Compute Optimized",,"Yes","Yes","Yes","OnDemand","96",,"NA","Intel AVX; Intel AVX2; Intel AVX512; Intel Turbo; Intel AMX",,"eu-west-3",,"Amazon Elastic Compute Cloud",,,,"true"
"UYTNTKPBHFY26UX4","CUZHX8X6JH","UYTNTKPBHFY26UX4.CUZHX8X6JH.2TG2D8R56U","Reserved","Upfront Fee","2026-10-08",,,"Quantity","8900","USD",,"1yr","Partial Upfront","convertible","Compute Instance","AmazonEC2","EU (Paris)","AWS Region","c7i.12xlarge","Yes","Compute optimized","48","Intel Xeon Scalable (Sapphire Rapids)","3.2 GHz","96 GiB","EBS only","18750 Megabit","64-bit",,,,,,,,"Dedicated","RHEL","No License required",,,,"EUW3-DedicatedUsage:c7i.12xlarge","RunInstances:0010","NA","Used","false","15000 Mbps","15000 Mbps","NA","Yes",,"NA",,,,,,,,,,,,,,"Compute Optimized",,"Yes","Yes","Yes","OnDemand","96",,"NA","Intel AVX; Intel AVX2; Intel AVX512; Intel Turbo; Intel AMX",,"eu-west-3",,"Amazon Elastic Compute Cloud",,,,"true"
"UYTNTKPBHFY26UX4","HU7G6KETJZ","UYTNTKPBHFY26UX4.HU7G6KETJZ.6YS6EN2CT7","Reserved","Red Hat Enterprise Linux (Amazon VPC), c7i.12xlarge reserved instance applied","2026-10-08","0","Inf","Hrs","1.0101100000","USD",,"1yr","Partial Upfront","standard","Compute Instance","AmazonEC2","EU (Paris)","AWS Region","c7i.12xlarge","Yes","Compute optimized","48","Intel Xeon Scalable (Sapphire Rapids)","3.2 GHz","96 GiB","EBS only","18750 Megabit","64-bit",,,,,,,,"Dedicated","RHEL","No License required",,,,"EUW3-DedicatedUsage:c7i.12xlarge","RunInstances:0010","NA","Used","false","15000 Mbps","15000 Mbps","NA","Yes",,"NA",,,,,,,,,,,,,,"Compute Optimized",,"Yes","Yes","Yes","OnDemand","96",,"NA","Intel AVX; Intel AVX2; Intel AVX512; Intel Turbo; Intel AMX",,"eu-west-3",,"Amazon Elastic Compute Cloud",,,,"true"
"UYTNTKPBHFY26UX4","HU7G6KETJZ","UYTNTKPBHFY26UX4.HU7G6KETJZ.2TG2D8R56U","Reserved","Upfront Fee","2026-10-08",,,"Quantity","7710","USD",,"1yr","Partial Upfront","standard","Compute Instance","AmazonEC2","EU (Paris)","AWS Region","c7i.12xlarge","Yes","Compute optimized","48","Intel Xeon Scalable (Sapphire Rapids)","3.2 GHz","96 GiB","EBS only","18750 Megabit","64-bit",,,,,,,,"Dedicated","RHEL","No License required",,,,"EUW3-DedicatedUsage:c7i.12xlarge","RunInstances:0010","NA","Used","false","15000 Mbps","15000 Mbps","NA","Yes",,"NA",,,,,,,,,,,,,,"Compute Optimized",,"Yes","Yes","Yes","OnDemand","96",,"NA","Intel AVX; Intel AVX2; Intel AVX512; Intel Turbo; Intel AMX",,"eu-west-3",,"Amazon Elastic Compute Cloud",,,,"true"
"UYTNTKPBHFY26UX4","JRTCKXETXF","UYTNTKPBHFY26UX4.JRTCKXETXF.6YS6EN2CT7","OnDemand","$3.31812 per Dedicated RHEL c7i.12xlarge Instance Hour","2026-10-01","0","Inf","Hrs","3.3181200000","USD",,,,,"Compute Instance","AmazonEC2","EU (Paris)","AWS Region","c7i.12xlarge","Yes","Compute optimized","48","Intel Xeon Scalable (Sapphire Rapids)","3.2 GHz","96 GiB","EBS only","18750 Megabit","64-bit",,,,,,,,"Dedicated","RHEL","No License required",,,,"EUW3-DedicatedUsage:c7i.12xlarge","RunInstances:0010","NA","Used","false","15000 Mbps","15000 Mbps","NA","Yes",,"NA",,,,,,,,,,,,,,"Compute Optimized",,"Yes","Yes","Yes","OnDemand","96",,"NA","Intel AVX; Intel AVX2; Intel AVX512; Intel Turbo; Intel AMX",,"eu-west-3",,"Amazon Elastic Compute Cloud",,,,"true"
"UYTNTKPBHFY26UX4","MZU6U2429S","UYTNTKPBHFY26UX4.MZU6U2429S.6YS6EN2CT7","Reserved","USD 0.0 per Red Hat Enterprise Linux (Amazon VPC), c7i.12xlarge reserved instance applied","2026-10-08","0","Inf","Hrs","0.0000000000","USD",,"3yr","All Upfront","convertible","Compute Instance","AmazonEC2","EU (Paris)","AWS Region","c7i.12xlarge","Yes","Compute optimized","48","Intel Xeon Scalable (Sapphire Rapids)","3.2 GHz","96 GiB","EBS only","18750 Megabit","64-bit",,,,,,,,"Dedicated","RHEL","No License required",,,,"EUW3-DedicatedUsage:c7i.12xlarge","RunInstances:0010","NA","Used","false","15000 Mbps","15000 Mbps","NA","Yes",,"NA",,,,,,,,,,,,,,"Compute Optimized",,"Yes","Yes","Yes","OnDemand","96",,"NA","Intel AVX; Intel AVX2; Intel AVX512; Intel Turbo; Intel AMX",,"eu-west-3",,"Amazon Elastic Compute Cloud",,,,"true"
"UYTNTKPBHFY26UX4","MZU6U2429S","UYTNTKPBHFY26UX4.MZU6U2429S.2TG2D8R56U","Reserved","Upfront Fee","2026-10-08",,,"Quantity","38255","USD",,"3yr","All Upfront","convertible","Compute Instance","AmazonEC2","EU (Paris)","AWS Region","c7i.12xlarge","Yes","Compute optimized","48","Intel Xeon Scalable (Sapphire Rapids)","3.2 GHz","96 GiB","EBS only","18750 Megabit","64-bit",,,,,,,,"Dedicated","RHEL","No License required",,,,"EUW3-DedicatedUsage:c7i.12xlarge","RunInstances:0010","NA","Used","false","15000 Mbps","15000 Mbps","NA","Yes",,"NA",,,,,,,,,,,,,,"Compute Optimized",,"Yes","Yes","Yes","OnDemand","96",,"NA","Intel AVX; Intel AVX2; Intel AVX512; Intel Turbo; Intel AMX",,"eu-west-3",,"Amazon Elastic Compute Cloud",,,,"true"
"UYTNTKPBHFY26UX4","NQ3QZPMQV9","UYTNTKPBHFY26UX4.NQ3QZPMQV9.6YS6EN2CT7","Reserved","USD 0.0 per Red Hat Enterprise Linux (Amazon VPC), c7i.12xlarge reserved instance applied","2026-10-08","0","Inf","Hrs","0.0000000000","USD",,"3yr","All Upfront","standard","Compute Instance","AmazonEC2","EU (Paris)","AWS Region","c7i.12xlarge","Yes","Compute optimized","48","Intel Xeon Scalable (Sapphire Rapids)","3.2 GHz","96 GiB","EBS only","18750 Megabit","64-bit",,,,,,,,"Dedicated","RHEL","No License required",,,,"EUW3-DedicatedUsage:c7i.12xlarge","RunInstances:0010","NA","Used","false","15000 Mbps","15000 Mbps","NA","Yes",,"NA",,,,,,,,,,,,,,"Compute Optimized",,"Yes","Yes","Yes","OnDemand","96",,"NA","Intel AVX; Intel AVX2; Intel AVX512; Intel Turbo; Intel AMX",,"eu-west-3",,"Amazon Elastic Compute Cloud",,,,"true"
"UYTNTKPBHFY26UX4","NQ3QZPMQV9","UYTNTKPBHFY26UX4.NQ3QZPMQV9.2TG2D8R56U","Reserved","Upfront Fee","2026-10-08",,,"Quantity","32519","USD",,"3yr","All Upfront","standard","Compute Instance","AmazonEC2","EU (Paris)","AWS Region","c7i.12xlarge","Yes","Compute optimized","48","Intel Xeon Scalable (Sapphire Rapids)","3.2 GHz","96 GiB","EBS only","18750 Megabit","64-bit",,,,,,,,"Dedicated","RHEL","No License required",,,,"EUW3-DedicatedUsage:c7i.12xlarge","RunInstances:0010","NA","Used","false","15000 Mbps","15000 Mbps","NA","Yes",,"NA",,,,,,,,,,,,,,"Compute Optimized",,"Yes","Yes","Yes","OnDemand","96",,"NA","Intel AVX; Intel AVX2; Intel AVX512; Intel Turbo; Intel AMX",,"eu-west-3",,"Amazon Elastic Compute Cloud",,,,"true"
"UYTNTKPBHFY26UX4","R5XV2EPZQZ","UYTNTKPBHFY26UX4.R5XV2EPZQZ.6YS6EN2CT7","Reserved","Red Hat Enterprise Linux (Amazon VPC), c7i.12xlarge reserved instance applied","2026-10-08","0","Inf","Hrs","0.8063700000","USD",,"3yr","Partial Upfront","convertible","Compute Instance","AmazonEC2","EU (Paris)","AWS Region","c7i.12xlarge","Yes","Compute optimized","48","Intel Xeon Scalable (Sapphire Rapids)","3.2 GHz","96 GiB","EBS only","18750 Megabit","64-bit",,,,,,,,"Dedicated","RHEL","No License required",,,,"EUW3-DedicatedUsage:c7i.12xlarge","RunInstances:0010","NA","Used","false","15000 Mbps","15000 Mbps","NA","Yes",,"NA",,,,,,,,,,,,,,"Compute Optimized",,"Yes","Yes","Yes","OnDemand","96",,"NA","Intel AVX; Intel AVX2; Intel AVX512; Intel Turbo; Intel AMX",,"eu-west-3",,"Amazon Elastic Compute Cloud",,,,"true"
"UYTNTKPBHFY26UX4","R5XV2EPZQZ","UYTNTKPBHFY26UX4.R5XV2EPZQZ.2TG2D8R56U","Reserved","Upfront Fee","2026-10-08",,,"Quantity","17775","USD",,"3yr","Partial Upfront","convertible","Compute Instance","AmazonEC2","EU (Paris)","AWS Region","c7i.12xlarge","Yes","Compute optimized","48","Intel Xeon Scalable (Sapphire Rapids)","3.2 GHz","96 GiB","EBS only","18750 Megabit","64-bit",,,,,,,,"Dedicated","RHEL","No License required",,,,"EUW3-DedicatedUsage:c7i.12xlarge","RunInstances:0010","NA","Used","false","15000 Mbps","15000 Mbps","NA","Yes",,"NA",,,,,,,,,,,,,,"Compute Optimized",,"Yes","Yes","Yes","OnDemand","96",,"NA","Intel AVX; Intel AVX2; Intel AVX512; Intel Turbo; Intel AMX",,"eu-west-3",,"Amazon Elastic Compute Cloud",,,,"true"
"UYTNTKPBHFY26UX4","VJWZNREJX2","UYTNTKPBHFY26UX4.VJWZNREJX2.6YS6EN2CT7","Reserved","USD 0.0 per Red Hat Enterprise Linux (Amazon VPC), c7i.12xlarge reserved instance applied","2026-10-08","0","Inf","Hrs","0.0000000000","USD",,"1yr","All Upfront","convertible","Compute Instance","AmazonEC2","EU (Paris)","AWS Region","c7i.12xlarge","Yes","Compute optimized","48","Intel Xeon Scalable (Sapphire Rapids)","3.2 GHz","96 GiB","EBS only","18750 Megabit","64-bit",,,,,,,,"Dedicated","RHEL","No License required",,,,"EUW3-DedicatedUsage:c7i.12xlarge","RunInstances:0010","NA","Used","false","15000 Mbps","15000 Mbps","NA","Yes",,"NA",,,,,,,,,,,,,,"Compute Optimized",,"Yes","Yes","Yes","OnDemand","96",,"NA","Intel AVX; Intel AVX2; Intel AVX512; Intel Turbo; Intel AMX",,"eu-west-3",,"Amazon Elastic Compute Cloud",,,,"true"
"UYTNTKPBHFY26UX4","VJWZNREJX2","UYTNTKPBHFY26UX4.VJWZNREJX2.2TG2D8R56U","Reserved","Upfront Fee","2026-10-08",,,"Quantity","18582","USD",,"1yr","All Upfront","convertible","Compute Instance","AmazonEC2","EU (Paris)","AWS Region","c7i.12xlarge","Yes","Compute optimized","48","Intel Xeon Scalable (Sapphire Rapids)","3.2 GHz","96 GiB","EBS only","18750 Megabit","64-bit",,,,,,,,"Dedicated","RHEL","No License required",,,,"EUW3-DedicatedUsage:c7i.12xlarge","RunInstances:0010","NA","Used","false","15000 Mbps","15000 Mbps","NA","Yes",,"NA",,,,,,,,,,,,,,"Compute Optimized",,"Yes","Yes","Yes","OnDemand","96",,"NA","Intel AVX; Intel AVX2; Intel AVX512; Intel Turbo; Intel AMX",,"eu-west-3",,"Amazon Elastic Compute Cloud",,,,"true"
"UYTNTKPBHFY26UX4","Z2E3P23VKM","UYTNTKPBHFY26UX4.Z2E3P23VKM.6YS6EN2CT7","Reserved","Red Hat Enterprise Linux (Amazon VPC), c7i.12xlarge reserved instance applied","2026-10-08","0","Inf","Hrs","1.5909600000","USD",,"3yr","No Upfront","convertible","Compute Instance","AmazonEC2","EU (Paris)","AWS Region","c7i.12xlarge","Yes","Compute optimized","48","Intel Xeon Scalable (Sapphire Rapids)","3.2 GHz","96 GiB","EBS only","18750 Megabit","64-bit",,,,,,,,"Dedicated","RHEL","No License required",,,,"EUW3-DedicatedUsage:c7i.12xlarge","RunInstances:0010","NA","Used","false","15000 Mbps","15000 Mbps","NA","Yes",,"NA",,,,,,,,,,,,,,"Compute Optimized",,"Yes","Yes","Yes","OnDemand","96",,"NA","Intel AVX; Intel AVX2; Intel AVX512; Intel Turbo; Intel AMX",,"eu-west-3",,"Amazon Elastic Compute Cloud",,,,"true"
"UZ8DSPK5RNNC2HU5","JRTCKXETXF","UZ8DSPK5RNNC2HU5.JRTCKXETXF.6YS6EN2CT7","OnDemand","$9.75012 per Dedicated RHEL with HA and SQL Standard c7i.12xlarge Instance Hour","2026-10-01","0","Inf","Hrs","9.7501200000","USD",,,,,"Compute Instance","AmazonEC2","EU (Paris)","AWS Region","c7i.12xlarge","Yes","Compute optimized","48","Intel Xeon Scalable (Sapphire Rapids)","3.2 GHz","96 GiB","EBS only","18750 Megabit","64-bit",,,,,,,,"Dedicated","Red Hat Enterprise Linux with HA","No License required",,,,"EUW3-DedicatedUsage:c7i.12xlarge","RunInstances:1014","NA","Used","false","15000 Mbps","15000 Mbps","NA","Yes",,"NA",,,,,,,,,,,,,,"Compute Optimized",,"Yes","Yes","Yes","OnDemand","96",,"SQL Std","Intel AVX; Intel AVX2; Intel AVX512; Intel Turbo; Intel AMX",,"eu-west-3",,"Amazon Elastic Compute Cloud",,,,"true"
"V2CFRSF53XX43UA6","JRTCKXETXF","V2CFRSF53XX43UA6.JRTCKXETXF.6YS6EN2CT7","OnDemand","$1.92248 per Dedicated Unused Reservation Ubuntu Pro c7i.8xlarge Instance Hour","2026-10-01","0","Inf","Hrs","1.9224800000","USD",,,,,"Compute Instance","AmazonEC2","EU (Paris)","AWS Region","c7i.8xlarge","Yes","Compute optimized","32","Intel Xeon Scalable (Sapphire Rapids)","3.2 GHz","64 GiB","EBS only","12500 Megabit","64-bit",,,,,,,,"Dedicated","Ubuntu Pro","No License required",,,,"EUW3-UnusedDed:c7i.8xlarge","RunInstances:0g00","NA","UnusedCapacityReservation","false","10000 Mbps","10000 Mbps","NA","Yes",,"NA",,,,,,,,,,,,,,"Compute Optimized","VEZ5XUDKUB7XNDMS","Yes","Yes","Yes","OnDemand","64",,"NA","Intel AVX; Intel AVX2; Intel AVX512; Intel Turbo; Intel AMX",,"eu-west-3",,"Amazon Elastic Compute Cloud",,,,"true"
"V2VZKH62TAK8QF6Y","JRTCKXETXF","V2VZKH62TAK8QF6Y.JRTCKXETXF.6YS6EN2CT7","OnDemand","$0.00 per Dedicated Reservation Windows with SQL Server Enterprise c7i.8xlarge Instance Hour","2026-10-01","0","Inf","Hrs","0.0000000000","USD",,,,,"Compute Instance","AmazonEC2","EU (Paris)","AWS Region","c7i.8xlarge","Yes","Compute optimized","32","Intel Xeon Scalable (Sapphire Rapids)","3.2 GHz","64 GiB","EBS only","12500 Megabit","64-bit",,,,,,,,"Dedicated","Windows","No License required",,,,"EUW3-DedicatedRes:c7i.8xlarge","RunInstances:0102","NA","AllocatedCapacityReservation","false","10000 Mbps","10000 Mbps","NA","Yes",,"NA",,,,,,,,,,,,,,"Compute Optimized","EGZZQ4B6E5CYKFP7","Yes","Yes","Yes","OnDemand","64",,"SQL Ent","Intel AVX; Intel AVX2; Intel AVX512; Intel Turbo; Intel AMX",,"eu-west-3",,"Amazon Elastic Compute Cloud",,,,"true"
"V34PUN6WW6YV8UZV","JRTCKXETXF","V34PUN6WW6YV8UZV.JRTCKXETXF.6YS6EN2CT7","OnDemand","$0.00 per Reservation RHEL with HA and SQL Enterprise c7i.8xlarge Instance Hour","2026-10-01","0","Inf","Hrs","0.0000000000","USD",,,,,"Compute Instance","AmazonEC2","EU (Paris)","AWS Region","c7i.8xlarge","Yes","Compute optimized","32","Intel Xeon Scalable (Sapphire Rapids)","3.2 GHz","64 GiB","EBS only","12500 Megabit","64-bit",,,,,,,,"Shared","Red Hat Enterprise Linux with HA","No License required",,,,"EUW3-Reservation:c7i.8xlarge","RunInstances:1110","NA","AllocatedCapacityReservation","false","10000 Mbps","10000 Mbps","NA","Yes",,"NA",,,,,,,,,,,,,,"Compute Optimized","ZBK6GHJGTMNPBWJX","Yes","Yes","Yes","OnDemand","64",,"SQL Ent","Intel AVX; Intel AVX2; Intel AVX512; Intel Turbo; Intel AMX",,"eu-west-3",,"Amazon Elastic Compute Cloud",,,,"true"
"V5DRQD4UGBJJ4FYE","38NPMPTW36","V5DRQD4UGBJJ4FYE.38NPMPTW36.6YS6EN2CT7","Reserved","Linux with SQL Server Enterprise (Amazon VPC), c7i.12xlarge reserved instance applied","2026-10-08","0","Inf","Hrs","9.5355000000","USD",,"3yr","Partial Upfront","standard","Compute Instance","AmazonEC2","EU (Paris)","AWS Region","c7i.12xlarge","Yes","Compute optimized","48","Intel Xeon Scalable (Sapphire Rapids)","3.2 GHz","96 GiB","EBS only","18750 Megabit","64-bit",,,,,,,,"Shared","Linux","No License required",,,,"EUW3-BoxUsage:c7i.12xlarge","RunInstances:0100","NA","Used","false","15000 Mbps","15000 Mbps","NA","Yes",,"NA",,,,,,,,,,,,,,"Compute Optimized",,"Yes","Yes","Yes","OnDemand","96",,"SQL Ent","Intel AVX; Intel AVX2; Intel AVX512; Intel Turbo; Intel AMX",,"eu-west-3",,"Amazon Elastic Compute Cloud",,,,"true"
"V5DRQD4UGBJJ4FYE","38NPMPTW36","V5DRQD4UGBJJ4FYE.38NPMPTW36.2TG2D8R56U","Reserved","Upfront Fee","2026-10-08",,,"Quantity","250593","USD",,"3yr","Partial Upfront","standard","Compute Instance","AmazonEC2","EU (Paris)","AWS Region","c7i.12xlarge","Yes","Compute optimized","48","Intel Xeon Scalable (Sapphire Rapids)","3.2 GHz","96 GiB","EBS only","18750 Megabit","64-bit",,,,,,,,"Shared","Linux","No License required",,,,"EUW3-BoxUsage:c7i.12xlarge","RunInstances:0100","NA","Used","false","15000 Mbps","15000 Mbps","NA","Yes",,"NA",,,,,,,,,,,,,,"Compute Optimized",,"Yes","Yes","Yes","OnDemand","96",,"SQL Ent","Intel AVX; Intel AVX2; Intel AVX512; Intel Turbo; Intel AMX",,"eu-west-3",,"Amazon Elastic Compute Cloud",,,,"true"
"V5DRQD4UGBJJ4FYE","4NA7Y494T4","V5DRQD4UGBJJ4FYE.4NA7Y494T4.6YS6EN2CT7","Reserved","Linux with SQL Server Enterprise (Amazon VPC), c7i.12xlarge reserved instance applied","2026-10-08","0","Inf","Hrs","19.6802000000","USD",,"1yr","No Upfront","standard","Compute Instance","AmazonEC2","EU (Paris)","AWS Region","c7i.12xlarge","Yes","Compute optimized","48","Intel Xeon Scalable (Sapphire Rapids)","3.2 GHz","96 GiB","EBS only","18750 Megabit","64-bit",,,,,,,,"Shared","Linux","No License required",,,,"EUW3-BoxUsage:c7i.12xlarge","RunInstances:0100","NA","Used","false","15000 Mbps","15000 Mbps","NA","Yes",,"NA",,,,,,,,,,,,,,"Compute Optimized",,"Yes","Yes","Yes","OnDemand","96",,"SQL Ent","Intel AVX; Intel AVX2; Intel AVX512; Intel Turbo; Intel AMX",,"eu-west-3",,"Amazon Elastic Compute Cloud",,,,"true"
"V5DRQD4UGBJJ4FYE","6QCMYABX3D","V5DRQD4UGBJJ4FYE.6QCMYABX3D.6YS6EN2CT7","Reserved","USD 0.0 per Linux with SQL Server Enterprise (Amazon VPC), c7i.12xlarge reserved instance applied","2026-10-08","0","Inf","Hrs","0.0000000000","USD",,"1yr","All Upfront","standard","Compute Instance","AmazonEC2","EU (Paris)","AWS Region","c7i.12xlarge","Yes","Compute optimized","48","Intel Xeon Scalable (Sapphire Rapids)","3.2 GHz","96 GiB","EBS only","18750 Megabit","64-bit",,,,,,,,"Shared","Linux","No License required",,,,"EUW3-BoxUsage:c7i.12xlarge","RunInstances:0100","NA","Used","false","15000 Mbps","15000 Mbps","NA","Yes",,"NA",,,,,,,,,,,,,,"Compute Optimized",,"Yes","Yes","Yes","OnDemand","96",,"SQL Ent","Intel AVX; Intel AVX2; Intel AVX512; Intel Turbo; Intel AMX",,"eu-west-3",,"Amazon Elastic Compute Cloud",,,,"true"
"V5DRQD4UGBJJ4FYE","6QCMYABX3D","V5DRQD4UGBJJ4FYE.6QCMYABX3D.2TG2D8R56U","Reserved","Upfront Fee","2026-10-08",,,"Quantity","171417","USD",,"1yr","All Upfront","standard","Compute Instance","AmazonEC2","EU (Paris)","AWS Region","c7i.12xlarge","Yes","Compute optimized","48","Intel Xeon Scalable (Sapphire Rapids)","3.2 GHz","96 GiB","EBS only","18750 Megabit","64-bit",,,,,,,,"Shared","Linux","No License required",,,,"EUW3-BoxUsage:c7i.12xlarge","RunInstances:0100","NA","Used","false","15000 Mbps","15000 Mbps","NA","Yes",,"NA",,,,,,,,,,,,,,"Compute Optimized",,"Yes","Yes","Yes","OnDemand","96",,"SQL Ent","Intel AVX; Intel AVX2; Intel AVX512; Intel Turbo; Intel AMX",,"eu-west-3",,"Amazon Elastic Compute Cloud",,,,"true"
"V5DRQD4UGBJJ4FYE","7NE97W5U4E","V5DRQD4UGBJJ4FYE.7NE97W5U4E.6YS6EN2CT7","Reserved","Linux with SQL Server Enterprise (Amazon VPC), c7i.12xlarge reserved instance applied","2026-10-08","0","Inf","Hrs","19.9395100000","USD",,"1yr","No Upfront","convertible","Compute Instance","AmazonEC2","EU (Paris)","AWS Region","c7i.12xlarge","Yes","Compute optimized","48","Intel Xeon Scalable (Sapphire Rapids)","3.2 GHz","96 GiB","EBS only","18750 Megabit","64-bit",,,,,,,,"Shared","Linux","No License required",,,,"EUW3-BoxUsage:c7i.12xlarge","RunInstances:0100","NA","Used","false","15000 Mbps","15000 Mbps","NA","Yes",,"NA",,,,,,,,,,,,,,"Compute Optimized",,"Yes","Yes","Yes","OnDemand","96",,"SQL Ent","Intel AVX; Intel AVX2; Intel AVX512; Intel Turbo; Intel AMX",,"eu-west-3",,"Amazon Elastic Compute Cloud",,,,"true"
"V5DRQD4UGBJJ4FYE","BPH4J8HBKS","V5DRQD4UGBJJ4FYE.BPH4J8HBKS.6YS6EN2CT7","Reserved","Linux with SQL Server Enterprise (Amazon VPC), c7i.12xlarge reserved instance applied","2026-10-08","0","Inf","Hrs","19.1566700000","USD",,"3yr","No Upfront","standard","Compute Instance","AmazonEC2","EU (Paris)","AWS Region","c7i.12xlarge","Yes","Compute optimized","48","Intel Xeon Scalable (Sapphire Rapids)","3.2 GHz","96 GiB","EBS only","18750 Megabit","64-bit",,,,,,,,"Shared","Linux","No License required",,,,"EUW3-BoxUsage:c7i.12xlarge","RunInstances:0100","NA","Used","false","15000 Mbps","15000 Mbps","NA","Yes",,"NA",,,,,,,,,,,,,,"Compute Optimized",,"Yes","Yes","Yes","OnDemand","96",,"SQL Ent","Intel AVX; Intel AVX2; Intel AVX512; Intel Turbo; Intel AMX",,"eu-west-3",,"Amazon Elastic Compute Cloud",,,,"true"
"V5DRQD4UGBJJ4FYE","CUZHX8X6JH","V5DRQD4UGBJJ4FYE.CUZHX8X6JH.6YS6EN2CT7","Reserved","Linux with SQL Server Enterprise (Amazon VPC), c7i.12xlarge reserved instance applied","2026-10-08","0","Inf","Hrs","9.9235800000","USD",,"1yr","Partial Upfront","convertible","Compute Instance","AmazonEC2","EU (Paris)","AWS Region","c7i.12xlarge","Yes","Compute optimized","48","Intel Xeon Scalable (Sapphire Rapids)","3.2 GHz","96 GiB","EBS only","18750 Megabit","64-bit",,,,,,,,"Shared","Linux","No License required",,,,"EUW3-BoxUsage:c7i.12xlarge","RunInstances:0100","NA","Used","false","15000 Mbps","15000 Mbps","NA","Yes",,"NA",,,,,,,,,,,,,,"Compute Optimized",,"Yes","Yes","Yes","OnDemand","96",,"SQL Ent","Intel AVX; Intel AVX2; Intel AVX512; Intel Turbo; Intel AMX",,"eu-west-3",,"Amazon Elastic Compute Cloud",,,,"true"
"V5DRQD4UGBJJ4FYE","CUZHX8X6JH","V5DRQD4UGBJJ4FYE.CUZHX8X6JH.2TG2D8R56U","Reserved","Upfront Fee","2026-10-08",,,"Quantity","86931","USD",,"1yr","Partial Upfront","convertible","Compute Instance","AmazonEC2","EU (Paris)","AWS Region","c7i.12xlarge","Yes","Compute optimized","48","Intel Xeon Scalable (Sapphire Rapids)","3.2 GHz","96 GiB","EBS only","18750 Megabit","64-bit",,,,,,,,"Shared","Linux","No License required",,,,"EUW3-BoxUsage:c7i.12xlarge","RunInstances:0100","NA","Used","false","15000 Mbps","15000 Mbps","NA","Yes",,"NA",,,,,,,,,,,,,,"Compute Optimized",,"Yes","Yes","Yes","OnDemand","96",,"SQL Ent","Intel AVX; Intel AVX2; Intel AVX512; Intel Turbo; Intel AMX",,"eu-west-3",,"Amazon Elastic Compute Cloud",,,,"true"
"V5DRQD4UGBJJ4FYE","HU7G6KETJZ","V5DRQD4UGBJJ4FYE.HU7G6KETJZ.6YS6EN2CT7","Reserved","Linux with SQL Server Enterprise (Amazon VPC), c7i.12xlarge reserved instance applied","2026-10-08","0","Inf","Hrs","9.8001000000","USD",,"1yr","Partial Upfront","standard","Compute Instance","AmazonEC2","EU (Paris)","AWS Region","c7i.12xlarge","Yes","Compute optimized","48","Intel Xeon Scalable (Sapphire Rapids)","3.2 GHz","96 GiB","EBS only","18750 Megabit","64-bit",,,,,,,,"Shared","Linux","No License required",,,,"EUW3-BoxUsage:c7i.12xlarge","RunInstances:0100","NA","Used","false","15000 Mbps","15000 Mbps","NA","Yes",,"NA",,,,,,,,,,,,,,"Compute Optimized",,"Yes","Yes","Yes","OnDemand","96",,"SQL Ent","Intel AVX; Intel AVX2; Intel AVX512; Intel Turbo; Intel AMX",,"eu-west-3",,"Amazon Elastic Compute Cloud",,,,"true"
"V5DRQD4UGBJJ4FYE","HU7G6KETJZ","V5DRQD4UGBJJ4FYE.HU7G6KETJZ.2TG2D8R56U","Reserved","Upfront Fee","2026-10-08",,,"Quantity","85849","USD",,"1yr","Partial Upfront","standard","Compute Instance","AmazonEC2","EU (Paris)","AWS Region","c7i.12xlarge","Yes","Compute optimized","48","Intel Xeon Scalable (Sapphire Rapids)","3.2 GHz","96 GiB","EBS only","18750 Megabit","64-bit",,,,,,,,"Shared","Linux","No License required",,,,"EUW3-BoxUsage:c7i.12xlarge","RunInstances:0100","NA","Used","false","15000 Mbps","15000 Mbps","NA","Yes",,"NA",,,,,,,,,,,,,,"Compute Optimized",,"Yes","Yes","Yes","OnDemand","96",,"SQL Ent","Intel AVX; Intel AVX2; Intel AVX512; Intel Turbo; Intel AMX",,"eu-west-3",,"Amazon Elastic Compute Cloud",,,,"true"
"V5DRQD4UGBJJ4FYE","JRTCKXETXF","V5DRQD4UGBJJ4FYE.JRTCKXETXF.6YS6EN2CT7","OnDemand","$20.5452 per On Demand Linux with SQL Server Enterprise c7i.12xlarge Instance Hour","2026-10-01","0","Inf","Hrs","20.5452000000","USD",,,,,"Compute Instance","AmazonEC2","EU (Paris)","AWS Region","c7i.12xlarge","Yes","Compute optimized","48","Intel Xeon Scalable (Sapphire Rapids)","3.2 GHz","96 GiB","EBS only","18750 Megabit","64-bit",,,,,,,,"Shared","Linux","No License required",,,,"EUW3-BoxUsage:c7i.12xlarge","RunInstances:0100","NA","Used","false","15000 Mbps","15000 Mbps","NA","Yes",,"NA",,,,,,,,,,,,,,"Compute Optimized",,"Yes","Yes","Yes","OnDemand","96",,"SQL Ent","Intel AVX; Intel AVX2; Intel AVX512; Intel Turbo; Intel AMX",,"eu-west-3",,"Amazon Elastic Compute Cloud",,,,"true"
"V5DRQD4UGBJJ4FYE","MZU6U2429S","V5DRQD4UGBJJ4FYE.MZU6U2429S.6YS6EN2CT7","Reserved","USD 0.0 per Linux with SQL Server Enterprise (Amazon VPC), c7i.12xlarge reserved instance applied","2026-10-08","0","Inf","Hrs","0.0000000000","USD",,"3yr","All Upfront","convertible","Compute Instance","AmazonEC2","EU (Paris)","AWS Region","c7i.12xlarge","Yes","Compute optimized","48","Intel Xeon Scalable (Sapphire Rapids)","3.2 GHz","96 GiB","EBS only","18750 Megabit","64-bit",,,,,,,,"Shared","Linux","No License required",,,,"EUW3-BoxUsage:c7i.12xlarge","RunInstances:0100","NA","Used","false","15000 Mbps","15000 Mbps","NA","Yes",,"NA",,,,,,,,,,,,,,"Compute Optimized",,"Yes","Yes","Yes","OnDemand","96",,"SQL Ent","Intel AVX; Intel AVX2; Intel AVX512; Intel Turbo; Intel AMX",,"eu-west-3",,"Amazon Elastic Compute Cloud",,,,"true"
"V5DRQD4UGBJJ4FYE","MZU6U2429S","V5DRQD4UGBJJ4FYE.MZU6U2429S.2TG2D8R56U","Reserved","Upfront Fee","2026-10-08",,,"Quantity","504712","USD",,"3yr","All Upfront","convertible","Compute Instance","AmazonEC2","EU (Paris)","AWS Region","c7i.12xlarge","Yes","Compute optimized","48","Intel Xeon Scalable (Sapphire Rapids)","3.2 GHz","96 GiB","EBS only","18750 Megabit","64-bit",,,,,,,,"Shared","Linux","No License required",,,,"EUW3-BoxUsage:c7i.12xlarge","RunInstances:0100","NA","Used","false","15000 Mbps","15000 Mbps","NA","Yes",,"NA",,,,,,,,,,,,,,"Compute Optimized",,"Yes","Yes","Yes","OnDemand","96",,"SQL Ent","Intel AVX; Intel AVX2; Intel AVX512; Intel Turbo; Intel AMX",,"eu-west-3",,"Amazon Elastic Compute Cloud",,,,"true"
"V5DRQD4UGBJJ4FYE","NQ3QZPMQV9","V5DRQD4UGBJJ4FYE.NQ3QZPMQV9.6YS6EN2CT7","Reserved","USD 0.0 per Linux with SQL Server Enterprise (Amazon VPC), c7i.12xlarge reserved instance applied","2026-10-08","0","Inf","Hrs","0.0000000000","USD",,"3yr","All Upfront","standard","Compute Instance","AmazonEC2","EU (Paris)","AWS Region","c7i.12xlarge","Yes","Compute optimized","48","Intel Xeon Scalable (Sapphire Rapids)","3.2 GHz","96 GiB","EBS only","18750 Megabit","64-bit",,,,,,,,"Shared","Linux","No License required",,,,"EUW3-BoxUsage:c7i.12xlarge","RunInstances:0100","NA","Used","false","15000 Mbps","15000 Mbps","NA","Yes",,"NA",,,,,,,,,,,,,,"Compute Optimized",,"Yes","Yes","Yes","OnDemand","96",,"SQL Ent","Intel AVX; Intel AVX2; Intel AVX512; Intel Turbo; Intel AMX",,"eu-west-3",,"Amazon Elastic Compute Cloud",,,,"true"
"V5DRQD4UGBJJ4FYE","NQ3QZPMQV9","V5DRQD4UGBJJ4FYE.NQ3QZPMQV9.2TG2D8R56U","Reserved","Upfront Fee","2026-10-08",,,"Quantity","499497","USD",,"3yr","All Upfront","standard","Compute Instance","AmazonEC2","EU (Paris)","AWS Region","c7i.12xlarge","Yes","Compute optimized","48","Intel Xeon Scalable (Sapphire Rapids)","3.2 GHz","96 GiB","EBS only","18750 Megabit","64-bit",,,,,,,,"Shared","Linux","No License required",,,,"EUW3-BoxUsage:c7i.12xlarge","RunInstances:0100","NA","Used","false","15000 Mbps","15000 Mbps","NA","Yes",,"NA",,,,,,,,,,,,,,"Compute Optimized",,"Yes","Yes","Yes","OnDemand","96",,"SQL Ent","Intel AVX; Intel AVX2; Intel AVX512; Intel Turbo; Intel AMX",,"eu-west-3",,"Amazon Elastic Compute Cloud",,,,"true"
"V5DRQD4UGBJJ4FYE","R5XV2EPZQZ","V5DRQD4UGBJJ4FYE.R5XV2EPZQZ.6YS6EN2CT7","Reserved","Linux with SQL Server Enterprise (Amazon VPC), c7i.12xlarge reserved instance applied","2026-10-08","0","Inf","Hrs","9.6148800000","USD",,"3yr","Partial Upfront","convertible","Compute Instance","AmazonEC2","EU (Paris)","AWS Region","c7i.12xlarge","Yes","Compute optimized","48","Intel Xeon Scalable (Sapphire Rapids)","3.2 GHz","96 GiB","EBS only","18750 Megabit","64-bit",,,,,,,,"Shared","Linux","No License required",,,,"EUW3-BoxUsage:c7i.12xlarge","RunInstances:0100","NA","Used","false","15000 Mbps","15000 Mbps","NA","Yes",,"NA",,,,,,,,,,,,,,"Compute Optimized",,"Yes","Yes","Yes","OnDemand","96",,"SQL Ent","Intel AVX; Intel AVX2; Intel AVX512; Intel Turbo; Intel AMX",,"eu-west-3",,"Amazon Elastic Compute Cloud",,,,"true"
"V5DRQD4UGBJJ4FYE","R5XV2EPZQZ","V5DRQD4UGBJJ4FYE.R5XV2EPZQZ.2TG2D8R56U","Reserved","Upfront Fee","2026-10-08",,,"Quantity","252679","USD",,"3yr","Partial Upfront","convertible","Compute Instance","AmazonEC2","EU (Paris)","AWS Region","c7i.12xlarge","Yes","Compute optimized","48","Intel Xeon Scalable (Sapphire Rapids)","3.2 GHz","96 GiB","EBS only","18750 Megabit","64-bit",,,,,,,,"Shared","Linux","No License required",,,,"EUW3-BoxUsage:c7i.12xlarge","RunInstances:0100","NA","Used","false","15000 Mbps","15000 Mbps","NA","Yes",,"NA",,,,,,,,,,,,,,"Compute Optimized",,"Yes","Yes","Yes","OnDemand","96",,"SQL Ent","Intel AVX; Intel AVX2; Intel AVX512; Intel Turbo; Intel AMX",,"eu-west-3",,"Amazon Elastic Compute Cloud",,,,"true"
"V5DRQD4UGBJJ4FYE","VJWZNREJX2","V5DRQD4UGBJJ4FYE.VJWZNREJX2.6YS6EN2CT7","Reserved","USD 0.0 per Linux with SQL Server Enterprise (Amazon VPC), c7i.12xlarge reserved instance applied","2026-10-08","0","Inf","Hrs","0.0000000000","USD",,"1yr","All Upfront","convertible","Compute Instance","AmazonEC2","EU (Paris)","AWS Region","c7i.12xlarge","Yes","Compute optimized","48","Intel Xeon Scalable (Sapphire Rapids)","3.2 GHz","96 GiB","EBS only","18750 Megabit","64-bit",,,,,,,,"Shared","Linux","No License required",,,,"EUW3-BoxUsage:c7i.12xlarge","RunInstances:0100","NA","Used","false","15000 Mbps","15000 Mbps","NA","Yes",,"NA",,,,,,,,,,,,,,"Compute Optimized",,"Yes","Yes","Yes","OnDemand","96",,"SQL Ent","Intel AVX; Intel AVX2; Intel AVX512; Intel Turbo; Intel AMX",,"eu-west-3",,"Amazon Elastic Compute Cloud",,,,"true"
"V5DRQD4UGBJJ4FYE","VJWZNREJX2","V5DRQD4UGBJJ4FYE.VJWZNREJX2.2TG2D8R56U","Reserved","Upfront Fee","2026-10-08",,,"Quantity","173537","USD",,"1yr","All Upfront","convertible","Compute Instance","AmazonEC2","EU (Paris)","AWS Region","c7i.12xlarge","Yes","Compute optimized","48","Intel Xeon Scalable (Sapphire Rapids)","3.2 GHz","96 GiB","EBS only","18750 Megabit","64-bit",,,,,,,,"Shared","Linux","No License required",,,,"EUW3-BoxUsage:c7i.12xlarge","RunInstances:0100","NA","Used","false","15000 Mbps","15000 Mbps","NA","Yes",,"NA",,,,,,,,,,,,,,"Compute Optimized",,"Yes","Yes","Yes","OnDemand","96",,"SQL Ent","Intel AVX; Intel AVX2; Intel AVX512; Intel Turbo; Intel AMX",,"eu-west-3",,"Amazon Elastic Compute Cloud",,,,"true"
"V5DRQD4UGBJJ4FYE","Z2E3P23VKM","V5DRQD4UGBJJ4FYE.Z2E3P23VKM.6YS6EN2CT7","Reserved","Linux with SQL Server Enterprise (Amazon VPC), c7i.12xlarge reserved instance applied","2026-10-08","0","Inf","Hrs","19.3281500000","USD",,"3yr","No Upfront","convertible","Compute Instance","AmazonEC2","EU (Paris)","AWS Region","c7i.12xlarge","Yes","Compute optimized","48","Intel Xeon Scalable (Sapphire Rapids)","3.2 GHz","96 GiB","EBS only","18750 Megabit","64-bit",,,,,,,,"Shared","Linux","No License required",,,,"EUW3-BoxUsage:c7i.12xlarge","RunInstances:0100","NA","Used","false","15000 Mbps","15000 Mbps","NA","Yes",,"NA",,,,,,,,,,,,,,"Compute Optimized",,"Yes","Yes","Yes","OnDemand","96",,"SQL Ent","Intel AVX; Intel AVX2; Intel AVX512; Intel Turbo; Intel AMX",,"eu-west-3",,"Amazon Elastic Compute Cloud",,,,"true"
"V7CVDBF6DHARY3Y6","JRTCKXETXF","V7CVDBF6DHARY3Y6.JRTCKXETXF.6YS6EN2CT7","OnDemand","$1.6968 per On Demand Windows BYOL c7i.8xlarge Instance Hour","2026-10-01","0","Inf","Hrs","1.6968000000","USD",,,,,"Compute Instance","AmazonEC2","EU (Paris)","AWS Region","c7i.8xlarge","Yes","Compute optimized","32","Intel Xeon Scalable (Sapphire Rapids)","3.2 GHz","64 GiB","EBS only","12500 Megabit","64-bit",,,,,,,,"Shared","Windows","Bring your own license",,,,"EUW3-BoxUsage:c7i.8xlarge","RunInstances:0800","NA","Used","false","10000 Mbps","10000 Mbps","NA","Yes",,"NA",,,,,,,,,,,,,,"Compute Optimized",,"Yes","Yes","Yes","OnDemand","64",,"NA","Intel AVX; Intel AVX2; Intel AVX512; Intel Turbo; Intel AMX",,"eu-west-3",,"Amazon Elastic Compute Cloud",,,,"true"
"V7EWGQY864A5PUFD","JRTCKXETXF","V7EWGQY864A5PUFD.JRTCKXETXF.6YS6EN2CT7","OnDemand","$0.00 per Reservation RHEL with SQL Standard c8i.12xlarge Instance Hour","2026-10-01","0","Inf","Hrs","0.0000000000","USD",,,,,"Compute Instance","AmazonEC2","EU (Paris)","AWS Region","c8i.12xlarge","Yes","Compute optimized","48","Intel Xeon Scalable (Granite Rapids)","3.9 GHz","96 GiB","EBS only","22500 Megabit","64-bit",,,,,,,,"Shared","RHEL","No License required",,,,"EUW3-Reservation:c8i.12xlarge","RunInstances:0014","NA","AllocatedCapacityReservation","false","15000 Mbps","15000 Mbps","NA","Yes",,"NA",,,,,,,,,,,,,,"Compute Optimized","MAMGXW4NGBT6DSKM","Yes","Yes","Yes","OnDemand","96",,"SQL Std","Intel AVX; Intel AVX2; Intel AVX512; Intel Turbo; Intel AMX",,"eu-west-3",,"Amazon Elastic Compute Cloud",,,,"true"
"V8QX4FA74RUE6WN8","JRTCKXETXF","V8QX4FA74RUE6WN8.JRTCKXETXF.6YS6EN2CT7","OnDemand","$7.0088 per Unused Reservation Windows with SQL Std c7i.8xlarge Instance Hour","2026-10-01","0","Inf","Hrs","7.0088000000","USD",,,,,"Compute Instance","AmazonEC2","EU (Paris)","AWS Region","c7i.8xlarge","Yes","Compute optimized","32","Intel Xeon Scalable (Sapphire Rapids)","3.2 GHz","64 GiB","EBS only","12500 Megabit","64-bit",,,,,,,,"Shared","Windows","No License required",,,,"EUW3-UnusedBox:c7i.8xlarge","RunInstances:0006","NA","UnusedCapacityReservation","false","10000 Mbps","10000 Mbps","NA","Yes",,"NA",,,,,,,,,,,,,,"Compute Optimized","3MPSG8YTG829UA99","Yes","Yes","Yes","OnDemand","64",,"SQL Std","Intel AVX; Intel AVX2; Intel AVX512; Intel Turbo; Intel AMX",,"eu-west-3",,"Amazon Elastic Compute Cloud",,,,"true"
"V9YTWXKH7F9EBWX6","JRTCKXETXF","V9YTWXKH7F9EBWX6.JRTCKXETXF.6YS6EN2CT7","OnDemand","$0.00 per Linux c8i.12xlarge Dedicated Host Instance hour","2026-10-01","0","Inf","Hrs","0.0000000000","USD",,,,,"Compute Instance","AmazonEC2","EU (Paris)","AWS Region","c8i.12xlarge","Yes","Compute optimized","48","Intel Xeon Scalable (Granite Rapids)","3.9 GHz","96 GiB","EBS only","22500 Megabit","64-bit",,,,,,,,"Host","Linux","No License required",,,,"EUW3-HostBoxUsage:c8i.12xlarge","RunInstances","NA","Used","false","15000 Mbps","15000 Mbps","NA","Yes",,"NA",,,,,,,,,,,,,,"Compute Optimized",,"Yes","Yes","Yes","OnDemand","96",,"NA","Intel AVX; Intel AVX2; Intel AVX512; Intel Turbo; Intel AMX",,"eu-west-3",,"Amazon Elastic Compute Cloud",,,,"true"
"VARQPEWR6UZ62KJV","38NPMPTW36","VARQPEWR6UZ62KJV.38NPMPTW36.6YS6EN2CT7","Reserved","Linux with SQL Server Web (Amazon VPC), c7i.8xlarge reserved instance applied","2026-10-08","0","Inf","Hrs","0.6274000000","USD",,"3yr","Partial Upfront","standard","Compute Instance","AmazonEC2","EU (Paris)","AWS Region","c7i.8xlarge","Yes","Compute optimized","32","Intel Xeon Scalable (Sapphire Rapids)","3.2 GHz","64 GiB","EBS only","12500 Megabit","64-bit",,,,,,,,"Shared","Linux","No License required",,,,"EUW3-BoxUsage:c7i.8xlarge","RunInstances:0200","NA","Used","false","10000 Mbps","10000 Mbps","NA","Yes",,"NA",,,,,,,,,,,,,,"Compute Optimized",,"Yes","Yes","Yes","OnDemand","64",,"SQL Web","Intel AVX; Intel AVX2; Intel AVX512; Intel Turbo; Intel AMX",,"eu-west-3",,"Amazon Elastic Compute Cloud",,,,"true"
"VARQPEWR6UZ62KJV","38NPMPTW36","VARQPEWR6UZ62KJV.38NPMPTW36.2TG2D8R56U","Reserved","Upfront Fee","2026-10-08",,,"Quantity","16488","USD",,"3yr","Partial Upfront","standard","Compute Instance","AmazonEC2","EU (Paris)","AWS Region","c7i.8xlarge","Yes","Compute optimized","32","Intel Xeon Scalable (Sapphire Rapids)","3.2 GHz","64 GiB","EBS only","12500 Megabit","64-bit",,,,,,,,"Shared","Linux","No License required",,,,"EUW3-BoxUsage:c7i.8xlarge","RunInstances:0200","NA","Used","false","10000 Mbps","10000 Mbps","NA","Yes",,"NA",,,,,,,,,,,,,,"Compute Optimized",,"Yes","Yes","Yes","OnDemand","64",,"SQL Web","Intel AVX; Intel AVX2; Intel AVX512; Intel Turbo; Intel AMX",,"eu-west-3",,"Amazon Elastic Compute Cloud",,,,"true"
"VARQPEWR6UZ62KJV","4NA7Y494T4","VARQPEWR6UZ62KJV.4NA7Y494T4.6YS6EN2CT7","Reserved","Linux with SQL Server Web (Amazon VPC), c7i.8xlarge reserved instance applied","2026-10-08","0","Inf","Hrs","1.6609300000","USD",,"1yr","No Upfront","standard","Compute Instance","AmazonEC2","EU (Paris)","AWS Region","c7i.8xlarge","Yes","Compute optimized","32","Intel Xeon Scalable (Sapphire Rapids)","3.2 GHz","64 GiB","EBS only","12500 Megabit","64-bit",,,,,,,,"Shared","Linux","No License required",,,,"EUW3-BoxUsage:c7i.8xlarge","RunInstances:0200","NA","Used","false","10000 Mbps","10000 Mbps","NA","Yes",,"NA",,,,,,,,,,,,,,"Compute Optimized",,"Yes","Yes","Yes","OnDemand","64",,"SQL Web","Intel AVX; Intel AVX2; Intel AVX512; Intel Turbo; Intel AMX",,"eu-west-3",,"Amazon Elastic Compute Cloud",,,,"true"
"VARQPEWR6UZ62KJV","6QCMYABX3D","VARQPEWR6UZ62KJV.6QCMYABX3D.6YS6EN2CT7","Reserved","USD 0.0 per Linux with SQL Server Web (Amazon VPC), c7i.8xlarge reserved instance applied","2026-10-08","0","Inf","Hrs","0.0000000000","USD",,"1yr","All Upfront","standard","Compute Instance","AmazonEC2","EU (Paris)","AWS Region","c7i.8xlarge","Yes","Compute optimized","32","Intel Xeon Scalable (Sapphire Rapids)","3.2 GHz","64 GiB","EBS only","12500 Megabit","64-bit",,,,,,,,"Shared","Linux","No License required",,,,"EUW3-BoxUsage:c7i.8xlarge","RunInstances:0200","NA","Used","false","10000 Mbps","10000 Mbps","NA","Yes",,"NA",,,,,,,,,,,,,,"Compute Optimized",,"Yes","Yes","Yes","OnDemand","64",,"SQL Web","Intel AVX; Intel AVX2; Intel AVX512; Intel Turbo; Intel AMX",,"eu-west-3",,"Amazon Elastic Compute Cloud",,,,"true"
"VARQPEWR6UZ62KJV","6QCMYABX3D","VARQPEWR6UZ62KJV.6QCMYABX3D.2TG2D8R56U","Reserved","Upfront Fee","2026-10-08",,,"Quantity","13896","USD",,"1yr","All Upfront","standard","Compute Instance","AmazonEC2","EU (Paris)","AWS Region","c7i.8xlarge","Yes","Compute optimized","32","Intel Xeon Scalable (Sapphire Rapids)","3.2 GHz","64 GiB","EBS only","12500 Megabit","64-bit",,,,,,,,"Shared","Linux","No License required",,,,"EUW3-BoxUsage:c7i.8xlarge","RunInstances:0200","NA","Used","false","10000 Mbps","10000 Mbps","NA","Yes",,"NA",,,,,,,,,,,,,,"Compute Optimized",,"Yes","Yes","Yes","OnDemand","64",,"SQL Web","Intel AVX; Intel AVX2; Intel AVX512; Intel Turbo; Intel AMX",,"eu-west-3",,"Amazon Elastic Compute Cloud",,,,"true"
"VARQPEWR6UZ62KJV","7NE97W5U4E","VARQPEWR6UZ62KJV.7NE97W5U4E.6YS6EN2CT7","Reserved","Linux with SQL Server Web (Amazon VPC), c7i.8xlarge reserved instance applied","2026-10-08","0","Inf","Hrs","1.8338100000","USD",,"1yr","No Upfront","convertible","Compute Instance","AmazonEC2","EU (Paris)","AWS Region","c7i.8xlarge","Yes","Compute optimized","32","Intel Xeon Scalable (Sapphire Rapids)","3.2 GHz","64 GiB","EBS only","12500 Megabit","64-bit",,,,,,,,"Shared","Linux","No License required",,,,"EUW3-BoxUsage:c7i.8xlarge","RunInstances:0200","NA","Used","false","10000 Mbps","10000 Mbps","NA","Yes",,"NA",,,,,,,,,,,,,,"Compute Optimized",,"Yes","Yes","Yes","OnDemand","64",,"SQL Web","Intel AVX; Intel AVX2; Intel AVX512; Intel Turbo; Intel AMX",,"eu-west-3",,"Amazon Elastic Compute Cloud",,,,"true"
"VARQPEWR6UZ62KJV","BPH4J8HBKS","VARQPEWR6UZ62KJV.BPH4J8HBKS.6YS6EN2CT7","Reserved","Linux with SQL Server Web (Amazon VPC), c7i.8xlarge reserved instance applied","2026-10-08","0","Inf","Hrs","1.3119200000","USD",,"3yr","No Upfront","standard","Compute Instance","AmazonEC2","EU (Paris)","AWS Region","c7i.8xlarge","Yes","Compute optimized","32","Intel Xeon Scalable (Sapphire Rapids)","3.2 GHz","64 GiB","EBS only","12500 Megabit","64-bit",,,,,,,,"Shared","Linux","No License required",,,,"EUW3-BoxUsage:c7i.8xlarge","RunInstances:0200","NA","Used","false","10000 Mbps","10000 Mbps","NA","Yes",,"NA",,,,,,,,,,,,,,"Compute Optimized",,"Yes","Yes","Yes","OnDemand","64",,"SQL Web","Intel AVX; Intel AVX2; Intel AVX512; Intel Turbo; Intel AMX",,"eu-west-3",,"Amazon Elastic Compute Cloud",,,,"true"
"VARQPEWR6UZ62KJV","CUZHX8X6JH","VARQPEWR6UZ62KJV.CUZHX8X6JH.6YS6EN2CT7","Reserved","Linux with SQL Server Web (Amazon VPC), c7i.8xlarge reserved instance applied","2026-10-08","0","Inf","Hrs","0.8861200000","USD",,"1yr","Partial Upfront","convertible","Compute Instance","AmazonEC2","EU (Paris)","AWS Region","c7i.8xlarge","Yes","Compute optimized","32","Intel Xeon Scalable (Sapphire Rapids)","3.2 GHz","64 GiB","EBS only","12500 Megabit","64-bit",,,,,,,,"Shared","Linux","No License required",,,,"EUW3-BoxUsage:c7i.8xlarge","RunInstances:0200","NA","Used","false","10000 Mbps","10000 Mbps","NA","Yes",,"NA",,,,,,,,,,,,,,"Compute Optimized",,"Yes","Yes","Yes","OnDemand","64",,"SQL Web","Intel AVX; Intel AVX2; Intel AVX512; Intel Turbo; Intel AMX",,"eu-west-3",,"Amazon Elastic Compute Cloud",,,,"true"
"VARQPEWR6UZ62KJV","CUZHX8X6JH","VARQPEWR6UZ62KJV.CUZHX8X6JH.2TG2D8R56U","Reserved","Upfront Fee","2026-10-08",,,"Quantity","7762","USD",,"1yr","Partial Upfront","convertible","Compute Instance","AmazonEC2","EU (Paris)","AWS Region","c7i.8xlarge","Yes","Compute optimized","32","Intel Xeon Scalable (Sapphire Rapids)","3.2 GHz","64 GiB","EBS only","12500 Megabit","64-bit",,,,,,,,"Shared","Linux","No License required",,,,"EUW3-BoxUsage:c7i.8xlarge","RunInstances:0200","NA","Used","false","10000 Mbps","10000 Mbps","NA","Yes",,"NA",,,,,,,,,,,,,,"Compute Optimized",,"Yes","Yes","Yes","OnDemand","64",,"SQL Web","Intel AVX; Intel AVX2; Intel AVX512; Intel Turbo; Intel AMX",,"eu-west-3",,"Amazon Elastic Compute Cloud",,,,"true"
"VARQPEWR6UZ62KJV","HU7G6KETJZ","VARQPEWR6UZ62KJV.HU7G6KETJZ.6YS6EN2CT7","Reserved","Linux with SQL Server Web (Amazon VPC), c7i.8xlarge reserved instance applied","2026-10-08","0","Inf","Hrs","0.8038000000","USD",,"1yr","Partial Upfront","standard","Compute Instance","AmazonEC2","EU (Paris)","AWS Region","c7i.8xlarge","Yes","Compute optimized","32","Intel Xeon Scalable (Sapphire Rapids)","3.2 GHz","64 GiB","EBS only","12500 Megabit","64-bit",,,,,,,,"Shared","Linux","No License required",,,,"EUW3-BoxUsage:c7i.8xlarge","RunInstances:0200","NA","Used","false","10000 Mbps","10000 Mbps","NA","Yes",,"NA",,,,,,,,,,,,,,"Compute Optimized",,"Yes","Yes","Yes","OnDemand","64",,"SQL Web","Intel AVX; Intel AVX2; Intel AVX512; Intel Turbo; Intel AMX",,"eu-west-3",,"Amazon Elastic Compute Cloud",,,,"true"
"VARQPEWR6UZ62KJV","HU7G6KETJZ","VARQPEWR6UZ62KJV.HU7G6KETJZ.2TG2D8R56U","Reserved","Upfront Fee","2026-10-08",,,"Quantity","7041","USD",,"1yr","Partial Upfront","standard","Compute Instance","AmazonEC2","EU (Paris)","AWS Region","c7i.8xlarge","Yes","Compute optimized","32","Intel Xeon Scalable (Sapphire Rapids)","3.2 GHz","64 GiB","EBS only","12500 Megabit","64-bit",,,,,,,,"Shared","Linux","No License required",,,,"EUW3-BoxUsage:c7i.8xlarge","RunInstances:0200","NA","Used","false","10000 Mbps","10000 Mbps","NA","Yes",,"NA",,,,,,,,,,,,,,"Compute Optimized",,"Yes","Yes","Yes","OnDemand","64",,"SQL Web","Intel AVX; Intel AVX2; Intel AVX512; Intel Turbo; Intel AMX",,"eu-west-3",,"Amazon Elastic Compute Cloud",,,,"true"
"VARQPEWR6UZ62KJV","JRTCKXETXF","VARQPEWR6UZ62KJV.JRTCKXETXF.6YS6EN2CT7","OnDemand","$2.2376 per On Demand Linux with SQL Web c7i.8xlarge Instance Hour","2026-10-01","0","Inf","Hrs","2.2376000000","USD",,,,,"Compute Instance","AmazonEC2","EU (Paris)","AWS Region","c7i.8xlarge","Yes","Compute optimized","32","Intel Xeon Scalable (Sapphire Rapids)","3.2 GHz","64 GiB","EBS only","12500 Megabit","64-bit",,,,,,,,"Shared","Linux","No License required",,,,"EUW3-BoxUsage:c7i.8xlarge","RunInstances:0200","NA","Used","false","10000 Mbps","10000 Mbps","NA","Yes",,"NA",,,,,,,,,,,,,,"Compute Optimized",,"Yes","Yes","Yes","OnDemand","64",,"SQL Web","Intel AVX; Intel AVX2; Intel AVX512; Intel Turbo; Intel AMX",,"eu-west-3",,"Amazon Elastic Compute Cloud",,,,"true"
"VARQPEWR6UZ62KJV","MZU6U2429S","VARQPEWR6UZ62KJV.MZU6U2429S.6YS6EN2CT7","Reserved","USD 0.0 per Linux with SQL Server Web (Amazon VPC), c7i.8xlarge reserved instance applied","2026-10-08","0","Inf","Hrs","0.0000000000","USD",,"3yr","All Upfront","convertible","Compute Instance","AmazonEC2","EU (Paris)","AWS Region","c7i.8xlarge","Yes","Compute optimized","32","Intel Xeon Scalable (Sapphire Rapids)","3.2 GHz","64 GiB","EBS only","12500 Megabit","64-bit",,,,,,,,"Shared","Linux","No License required",,,,"EUW3-BoxUsage:c7i.8xlarge","RunInstances:0200","NA","Used","false","10000 Mbps","10000 Mbps","NA","Yes",,"NA",,,,,,,,,,,,,,"Compute Optimized",,"Yes","Yes","Yes","OnDemand","64",,"SQL Web","Intel AVX; Intel AVX2; Intel AVX512; Intel Turbo; Intel AMX",,"eu-west-3",,"Amazon Elastic Compute Cloud",,,,"true"
"VARQPEWR6UZ62KJV","MZU6U2429S","VARQPEWR6UZ62KJV.MZU6U2429S.2TG2D8R56U","Reserved","Upfront Fee","2026-10-08",,,"Quantity","35327","USD",,"3yr","All Upfront","convertible","Compute Instance","AmazonEC2","EU (Paris)","AWS Region","c7i.8xlarge","Yes","Compute optimized","32","Intel Xeon Scalable (Sapphire Rapids)","3.2 GHz","64 GiB","EBS only","12500 Megabit","64-bit",,,,,,,,"Shared","Linux","No License required",,,,"EUW3-BoxUsage:c7i.8xlarge","RunInstances:0200","NA","Used","false","10000 Mbps","10000 Mbps","NA","Yes",,"NA",,,,,,,,,,,,,,"Compute Optimized",,"Yes","Yes","Yes","OnDemand","64",,"SQL Web","Intel AVX; Intel AVX2; Intel AVX512; Intel Turbo; Intel AMX",,"eu-west-3",,"Amazon Elastic Compute Cloud",,,,"true"
"VARQPEWR6UZ62KJV","NQ3QZPMQV9","VARQPEWR6UZ62KJV.NQ3QZPMQV9.6YS6EN2CT7","Reserved","USD 0.0 per Linux with SQL Server Web (Amazon VPC), c7i.8xlarge reserved instance applied","2026-10-08","0","Inf","Hrs","0.0000000000","USD",,"3yr","All Upfront","standard","Compute Instance","AmazonEC2","EU (Paris)","AWS Region","c7i.8xlarge","Yes","Compute optimized","32","Intel Xeon Scalable (Sapphire Rapids)","3.2 GHz","64 GiB","EBS only","12500 Megabit","64-bit",,,,,,,,"Shared","Linux","No License required",,,,"EUW3-BoxUsage:c7i.8xlarge","RunInstances:0200","NA","Used","false","10000 Mbps","10000 Mbps","NA","Yes",,"NA",,,,,,,,,,,,,,"Compute Optimized",,"Yes","Yes","Yes","OnDemand","64",,"SQL Web","Intel AVX; Intel AVX2; Intel AVX512; Intel Turbo; Intel AMX",,"eu-west-3",,"Amazon Elastic Compute Cloud",,,,"true"
"VARQPEWR6UZ62KJV","NQ3QZPMQV9","VARQPEWR6UZ62KJV.NQ3QZPMQV9.2TG2D8R56U","Reserved","Upfront Fee","2026-10-08",,,"Quantity","31850","USD",,"3yr","All Upfront","standard","Compute Instance","AmazonEC2","EU (Paris)","AWS Region","c7i.8xlarge","Yes","Compute optimized","32","Intel Xeon Scalable (Sapphire Rapids)","3.2 GHz","64 GiB","EBS only","12500 Megabit","64-bit",,,,,,,,"Shared","Linux","No License required",,,,"EUW3-BoxUsage:c7i.8xlarge","RunInstances:0200","NA","Used","false","10000 Mbps","10000 Mbps","NA","Yes",,"NA",,,,,,,,,,,,,,"Compute Optimized",,"Yes","Yes","Yes","OnDemand","64",,"SQL Web","Intel AVX; Intel AVX2; Intel AVX512; Intel Turbo; Intel AMX",,"eu-west-3",,"Amazon Elastic Compute Cloud",,,,"true"
"VARQPEWR6UZ62KJV","R5XV2EPZQZ","VARQPEWR6UZ62KJV.R5XV2EPZQZ.6YS6EN2CT7","Reserved","Linux with SQL Server Web (Amazon VPC), c7i.8xlarge reserved instance applied","2026-10-08","0","Inf","Hrs","0.6803200000","USD",,"3yr","Partial Upfront","convertible","Compute Instance","AmazonEC2","EU (Paris)","AWS Region","c7i.8xlarge","Yes","Compute optimized","32","Intel Xeon Scalable (Sapphire Rapids)","3.2 GHz","64 GiB","EBS only","12500 Megabit","64-bit",,,,,,,,"Shared","Linux","No License required",,,,"EUW3-BoxUsage:c7i.8xlarge","RunInstances:0200","NA","Used","false","10000 Mbps","10000 Mbps","NA","Yes",,"NA",,,,,,,,,,,,,,"Compute Optimized",,"Yes","Yes","Yes","OnDemand","64",,"SQL Web","Intel AVX; Intel AVX2; Intel AVX512; Intel Turbo; Intel AMX",,"eu-west-3",,"Amazon Elastic Compute Cloud",,,,"true"
"VARQPEWR6UZ62KJV","R5XV2EPZQZ","VARQPEWR6UZ62KJV.R5XV2EPZQZ.2TG2D8R56U","Reserved","Upfront Fee","2026-10-08",,,"Quantity","17879","USD",,"3yr","Partial Upfront","convertible","Compute Instance","AmazonEC2","EU (Paris)","AWS Region","c7i.8xlarge","Yes","Compute optimized","32","Intel Xeon Scalable (Sapphire Rapids)","3.2 GHz","64 GiB","EBS only","12500 Megabit","64-bit",,,,,,,,"Shared","Linux","No License required",,,,"EUW3-BoxUsage:c7i.8xlarge","RunInstances:0200","NA","Used","false","10000 Mbps","10000 Mbps","NA","Yes",,"NA",,,,,,,,,,,,,,"Compute Optimized",,"Yes","Yes","Yes","OnDemand","64",,"SQL Web","Intel AVX; Intel AVX2; Intel AVX512; Intel Turbo; Intel AMX",,"eu-west-3",,"Amazon Elastic Compute Cloud",,,,"true"
"VARQPEWR6UZ62KJV","VJWZNREJX2","VARQPEWR6UZ62KJV.VJWZNREJX2.6YS6EN2CT7","Reserved","USD 0.0 per Linux with SQL Server Web (Amazon VPC), c7i.8xlarge reserved instance applied","2026-10-08","0","Inf","Hrs","0.0000000000","USD",,"1yr","All Upfront","convertible","Compute Instance","AmazonEC2","EU (Paris)","AWS Region","c7i.8xlarge","Yes","Compute optimized","32","Intel Xeon Scalable (Sapphire Rapids)","3.2 GHz","64 GiB","EBS only","12500 Megabit","64-bit",,,,,,,,"Shared","Linux","No License required",,,,"EUW3-BoxUsage:c7i.8xlarge","RunInstances:0200","NA","Used","false","10000 Mbps","10000 Mbps","NA","Yes",,"NA",,,,,,,,,,,,,,"Compute Optimized",,"Yes","Yes","Yes","OnDemand","64",,"SQL Web","Intel AVX; Intel AVX2; Intel AVX512; Intel Turbo; Intel AMX",,"eu-west-3",,"Amazon Elastic Compute Cloud",,,,"true"
"VARQPEWR6UZ62KJV","VJWZNREJX2","VARQPEWR6UZ62KJV.VJWZNREJX2.2TG2D8R56U","Reserved","Upfront Fee","2026-10-08",,,"Quantity","15309","USD",,"1yr","All Upfront","convertible","Compute Instance","AmazonEC2","EU (Paris)","AWS Region","c7i.8xlarge","Yes","Compute optimized","32","Intel Xeon Scalable (Sapphire Rapids)","3.2 GHz","64 GiB","EBS only","12500 Megabit","64-bit",,,,,,,,"Shared","Linux","No License required",,,,"EUW3-BoxUsage:c7i.8xlarge","RunInstances:0200","NA","Used","false","10000 Mbps","10000 Mbps","NA","Yes",,"NA",,,,,,,,,,,,,,"Compute Optimized",,"Yes","Yes","Yes","OnDemand","64",,"SQL Web","Intel AVX; Intel AVX2; Intel AVX512; Intel Turbo; Intel AMX",,"eu-west-3",,"Amazon Elastic Compute Cloud",,,,"true"
"VARQPEWR6UZ62KJV","Z2E3P23VKM","VARQPEWR6UZ62KJV.Z2E3P23VKM.6YS6EN2CT7","Reserved","Linux with SQL Server Web (Amazon VPC), c7i.8xlarge reserved instance applied","2026-10-08","0","Inf","Hrs","1.4262300000","USD",,"3yr","No Upfront","convertible","Compute Instance","AmazonEC2","EU (Paris)","AWS Region","c7i.8xlarge","Yes","Compute optimized","32","Intel Xeon Scalable (Sapphire Rapids)","3.2 GHz","64 GiB","EBS only","12500 Megabit","64-bit",,,,,,,,"Shared","Linux","No License required",,,,"EUW3-BoxUsage:c7i.8xlarge","RunInstances:0200","NA","Used","false","10000 Mbps","10000 Mbps","NA","Yes",,"NA",,,,,,,,,,,,,,"Compute Optimized",,"Yes","Yes","Yes","OnDemand","64",,"SQL Web","Intel AVX; Intel AVX2; Intel AVX512; Intel Turbo; Intel AMX",,"eu-west-3",,"Amazon Elastic Compute Cloud",,,,"true"
"VD4GYUSG6HP2UY23","JRTCKXETXF","VD4GYUSG6HP2UY23.JRTCKXETXF.6YS6EN2CT7","OnDemand","$2.0424 per Unused Reservation RHEL c7i.8xlarge Instance Hour","2026-10-01","0","Inf","Hrs","2.0424000000","USD",,,,,"Compute Instance","AmazonEC2","EU (Paris)","AWS Region","c7i.8xlarge","Yes","Compute optimized","32","Intel Xeon Scalable (Sapphire Rapids)","3.2 GHz","64 GiB","EBS only","12500 Megabit","64-bit",,,,,,,,"Shared","RHEL","No License required",,,,"EUW3-UnusedBox:c7i.8xlarge","RunInstances:0010","NA","UnusedCapacityReservation","false","10000 Mbps","10000 Mbps","NA","Yes",,"NA",,,,,,,,,,,,,,"Compute Optimized","GMAEHG2AE6JVG7MD","Yes","Yes","Yes","OnDemand","64",,"NA","Intel AVX; Intel AVX2; Intel AVX512; Intel Turbo; Intel AMX",,"eu-west-3",,"Amazon Elastic Compute Cloud",,,,"true"
"VDHMAJFNNRQCV2MA","JRTCKXETXF","VDHMAJFNNRQCV2MA.JRTCKXETXF.6YS6EN2CT7","OnDemand","$0.00 per RHEL c7i.8xlarge Dedicated Host Instance hour","2026-10-01","0","Inf","Hrs","0.0000000000","USD",,,,,"Compute Instance","AmazonEC2","EU (Paris)","AWS Region","c7i.8xlarge","Yes","Compute optimized","32","Intel Xeon Scalable (Sapphire Rapids)","3.2 GHz","64 GiB","EBS only","12500 Megabit","64-bit",,,,,,,,"Host","RHEL","No License required",,,,"EUW3-HostBoxUsage:c7i.8xlarge","RunInstances:0010","NA","Used","false","10000 Mbps","10000 Mbps","NA","Yes",,"NA",,,,,,,,,,,,,,"Compute Optimized",,"Yes","Yes","Yes","OnDemand","64",,"NA","Intel AVX; Intel AVX2; Intel AVX512; Intel Turbo; Intel AMX",,"eu-west-3",,"Amazon Elastic Compute Cloud",,,,"true"
"VEQE9WZQ5NGRGMEM","JRTCKXETXF","VEQE9WZQ5NGRGMEM.JRTCKXETXF.6YS6EN2CT7","OnDemand","$5.8824 per Unused Reservation RHEL with SQL Standard c7i.8xlarge Instance Hour","2026-10-01","0","Inf","Hrs","5.8824000000","USD",,,,,"Compute Instance","AmazonEC2","EU (Paris)","AWS Region","c7i.8xlarge","Yes","Compute optimized","32","Intel Xeon Scalable (Sapphire Rapids)","3.2 GHz","64 GiB","EBS only","12500 Megabit","64-bit",,,,,,,,"Shared","RHEL","No License required",,,,"EUW3-UnusedBox:c7i.8xlarge","RunInstances:0014","NA","UnusedCapacityReservation","false","10000 Mbps","10000 Mbps","NA","Yes",,"NA",,,,,,,,,,,,,,"Compute Optimized","PVMFD4CZ3EE3VABS","Yes","Yes","Yes","OnDemand","64",,"SQL Std","Intel AVX; Intel AVX2; Intel AVX512; Intel Turbo; Intel AMX",,"eu-west-3",,"Amazon Elastic Compute Cloud",,,,"true"
"VEZ5XUDKUB7XNDMS","JRTCKXETXF","VEZ5XUDKUB7XNDMS.JRTCKXETXF.6YS6EN2CT7","OnDemand","$1.92248 per Dedicated Ubuntu Pro c7i.8xlarge Instance Hour","2026-10-01","0","Inf","Hrs","1.9224800000","USD",,,,,"Compute Instance","AmazonEC2","EU (Paris)","AWS Region","c7i.8xlarge","Yes","Compute optimized","32","Intel Xeon Scalable (Sapphire Rapids)","3.2 GHz","64 GiB","EBS only","12500 Megabit","64-bit",,,,,,,,"Dedicated","Ubuntu Pro","No License required",,,,"EUW3-DedicatedUsage:c7i.8xlarge","RunInstances:0g00","NA","Used","false","10000 Mbps","10000 Mbps","NA","Yes",,"NA",,,,,,,,,,,,,,"Compute Optimized",,"Yes","Yes","Yes","OnDemand","64",,"NA","Intel AVX; Intel AVX2; Intel AVX512; Intel Turbo; Intel AMX",,"eu-west-3",,"Amazon Elastic Compute Cloud",,,,"true"
"VSQNUARV85JFHK8K","38NPMPTW36","VSQNUARV85JFHK8K.38NPMPTW36.6YS6EN2CT7","Reserved","Linux with SQL Server Standard (Amazon VPC), c7i.8xlarge reserved instance applied","2026-10-08","0","Inf","Hrs","2.3127000000","USD",,"3yr","Partial Upfront","standard","Compute Instance","AmazonEC2","EU (Paris)","AWS Region","c7i.8xlarge","Yes","Compute optimized","32","Intel Xeon Scalable (Sapphire Rapids)","3.2 GHz","64 GiB","EBS only","12500 Megabit","64-bit",,,,,,,,"Dedicated","Linux","No License required",,,,"EUW3-DedicatedUsage:c7i.8xlarge","RunInstances:0004","NA","Used","false","10000 Mbps","10000 Mbps","NA","Yes",,"NA",,,,,,,,,,,,,,"Compute Optimized",,"Yes","Yes","Yes","OnDemand","64",,"SQL Std","Intel AVX; Intel AVX2; Intel AVX512; Intel Turbo; Intel AMX",,"eu-west-3",,"Amazon Elastic Compute Cloud",,,,"true"
"VSQNUARV85JFHK8K","38NPMPTW36","VSQNUARV85JFHK8K.38NPMPTW36.2TG2D8R56U","Reserved","Upfront Fee","2026-10-08",,,"Quantity","60778","USD",,"3yr","Partial Upfront","standard","Compute Instance","AmazonEC2","EU (Paris)","AWS Region","c7i.8xlarge","Yes","Compute optimized","32","Intel Xeon Scalable (Sapphire Rapids)","3.2 GHz","64 GiB","EBS only","12500 Megabit","64-bit",,,,,,,,"Dedicated","Linux","No License required",,,,"EUW3-DedicatedUsage:c7i.8xlarge","RunInstances:0004","NA","Used","false","10000 Mbps","10000 Mbps","NA","Yes",,"NA",,,,,,,,,,,,,,"Compute Optimized",,"Yes","Yes","Yes","OnDemand","64",,"SQL Std","Intel AVX; Intel AVX2; Intel AVX512; Intel Turbo; Intel AMX",,"eu-west-3",,"Amazon Elastic Compute Cloud",,,,"true"
"VSQNUARV85JFHK8K","4NA7Y494T4","VSQNUARV85JFHK8K.4NA7Y494T4.6YS6EN2CT7","Reserved","Linux with SQL Server Standard (Amazon VPC), c7i.8xlarge reserved instance applied","2026-10-08","0","Inf","Hrs","5.0721500000","USD",,"1yr","No Upfront","standard","Compute Instance","AmazonEC2","EU (Paris)","AWS Region","c7i.8xlarge","Yes","Compute optimized","32","Intel Xeon Scalable (Sapphire Rapids)","3.2 GHz","64 GiB","EBS only","12500 Megabit","64-bit",,,,,,,,"Dedicated","Linux","No License required",,,,"EUW3-DedicatedUsage:c7i.8xlarge","RunInstances:0004","NA","Used","false","10000 Mbps","10000 Mbps","NA","Yes",,"NA",,,,,,,,,,,,,,"Compute Optimized",,"Yes","Yes","Yes","OnDemand","64",,"SQL Std","Intel AVX; Intel AVX2; Intel AVX512; Intel Turbo; Intel AMX",,"eu-west-3",,"Amazon Elastic Compute Cloud",,,,"true"
"VSQNUARV85JFHK8K","6QCMYABX3D","VSQNUARV85JFHK8K.6QCMYABX3D.6YS6EN2CT7","Reserved","USD 0.0 per Linux with SQL Server Standard (Amazon VPC), c7i.8xlarge reserved instance applied","2026-10-08","0","Inf","Hrs","0.0000000000","USD",,"1yr","All Upfront","standard","Compute Instance","AmazonEC2","EU (Paris)","AWS Region","c7i.8xlarge","Yes","Compute optimized","32","Intel Xeon Scalable (Sapphire Rapids)","3.2 GHz","64 GiB","EBS only","12500 Megabit","64-bit",,,,,,,,"Dedicated","Linux","No License required",,,,"EUW3-DedicatedUsage:c7i.8xlarge","RunInstances:0004","NA","Used","false","10000 Mbps","10000 Mbps","NA","Yes",,"NA",,,,,,,,,,,,,,"Compute Optimized",,"Yes","Yes","Yes","OnDemand","64",,"SQL Std","Intel AVX; Intel AVX2; Intel AVX512; Intel Turbo; Intel AMX",,"eu-west-3",,"Amazon Elastic Compute Cloud",,,,"true"
"VSQNUARV85JFHK8K","6QCMYABX3D","VSQNUARV85JFHK8K.6QCMYABX3D.2TG2D8R56U","Reserved","Upfront Fee","2026-10-08",,,"Quantity","43712","USD",,"1yr","All Upfront","standard","Compute Instance","AmazonEC2","EU (Paris)","AWS Region","c7i.8xlarge","Yes","Compute optimized","32","Intel Xeon Scalable (Sapphire Rapids)","3.2 GHz","64 GiB","EBS only","12500 Megabit","64-bit",,,,,,,,"Dedicated","Linux","No License required",,,,"EUW3-DedicatedUsage:c7i.8xlarge","RunInstances:0004","NA","Used","false","10000 Mbps","10000 Mbps","NA","Yes",,"NA",,,,,,,,,,,,,,"Compute Optimized",,"Yes","Yes","Yes","OnDemand","64",,"SQL Std","Intel AVX; Intel AVX2; Intel AVX512; Intel Turbo; Intel AMX",,"eu-west-3",,"Amazon Elastic Compute Cloud",,,,"true"
"VSQNUARV85JFHK8K","7NE97W5U4E","VSQNUARV85JFHK8K.7NE97W5U4E.6YS6EN2CT7","Reserved","Linux with SQL Server Standard (Amazon VPC), c7i.8xlarge reserved instance applied","2026-10-08","0","Inf","Hrs","5.2623100000","USD",,"1yr","No Upfront","convertible","Compute Instance","AmazonEC2","EU (Paris)","AWS Region","c7i.8xlarge","Yes","Compute optimized","32","Intel Xeon Scalable (Sapphire Rapids)","3.2 GHz","64 GiB","EBS only","12500 Megabit","64-bit",,,,,,,,"Dedicated","Linux","No License required",,,,"EUW3-DedicatedUsage:c7i.8xlarge","RunInstances:0004","NA","Used","false","10000 Mbps","10000 Mbps","NA","Yes",,"NA",,,,,,,,,,,,,,"Compute Optimized",,"Yes","Yes","Yes","OnDemand","64",,"SQL Std","Intel AVX; Intel AVX2; Intel AVX512; Intel Turbo; Intel AMX",,"eu-west-3",,"Amazon Elastic Compute Cloud",,,,"true"
"VSQNUARV85JFHK8K","BPH4J8HBKS","VSQNUARV85JFHK8K.BPH4J8HBKS.6YS6EN2CT7","Reserved","Linux with SQL Server Standard (Amazon VPC), c7i.8xlarge reserved instance applied","2026-10-08","0","Inf","Hrs","4.6882300000","USD",,"3yr","No Upfront","standard","Compute Instance","AmazonEC2","EU (Paris)","AWS Region","c7i.8xlarge","Yes","Compute optimized","32","Intel Xeon Scalable (Sapphire Rapids)","3.2 GHz","64 GiB","EBS only","12500 Megabit","64-bit",,,,,,,,"Dedicated","Linux","No License required",,,,"EUW3-DedicatedUsage:c7i.8xlarge","RunInstances:0004","NA","Used","false","10000 Mbps","10000 Mbps","NA","Yes",,"NA",,,,,,,,,,,,,,"Compute Optimized",,"Yes","Yes","Yes","OnDemand","64",,"SQL Std","Intel AVX; Intel AVX2; Intel AVX512; Intel Turbo; Intel AMX",,"eu-west-3",,"Amazon Elastic Compute Cloud",,,,"true"
"VSQNUARV85JFHK8K","CUZHX8X6JH","VSQNUARV85JFHK8K.CUZHX8X6JH.6YS6EN2CT7","Reserved","Linux with SQL Server Standard (Amazon VPC), c7i.8xlarge reserved instance applied","2026-10-08","0","Inf","Hrs","2.5972900000","USD",,"1yr","Partial Upfront","convertible","Compute Instance","AmazonEC2","EU (Paris)","AWS Region","c7i.8xlarge","Yes","Compute optimized","32","Intel Xeon Scalable (Sapphire Rapids)","3.2 GHz","64 GiB","EBS only","12500 Megabit","64-bit",,,,,,,,"Dedicated","Linux","No License required",,,,"EUW3-DedicatedUsage:c7i.8xlarge","RunInstances:0004","NA","Used","false","10000 Mbps","10000 Mbps","NA","Yes",,"NA",,,,,,,,,,,,,,"Compute Optimized",,"Yes","Yes","Yes","OnDemand","64",,"SQL Std","Intel AVX; Intel AVX2; Intel AVX512; Intel Turbo; Intel AMX",,"eu-west-3",,"Amazon Elastic Compute Cloud",,,,"true"
"VSQNUARV85JFHK8K","CUZHX8X6JH","VSQNUARV85JFHK8K.CUZHX8X6JH.2TG2D8R56U","Reserved","Upfront Fee","2026-10-08",,,"Quantity","22752","USD",,"1yr","Partial Upfront","convertible","Compute Instance","AmazonEC2","EU (Paris)","AWS Region","c7i.8xlarge","Yes","Compute optimized","32","Intel Xeon Scalable (Sapphire Rapids)","3.2 GHz","64 GiB","EBS only","12500 Megabit","64-bit",,,,,,,,"Dedicated","Linux","No License required",,,,"EUW3-DedicatedUsage:c7i.8xlarge","RunInstances:0004","NA","Used","false","10000 Mbps","10000 Mbps","NA","Yes",,"NA",,,,,,,,,,,,,,"Compute Optimized",,"Yes","Yes","Yes","OnDemand","64",,"SQL Std","Intel AVX; Intel AVX2; Intel AVX512; Intel Turbo; Intel AMX",,"eu-west-3",,"Amazon Elastic Compute Cloud",,,,"true"
"VSQNUARV85JFHK8K","HU7G6KETJZ","VSQNUARV85JFHK8K.HU7G6KETJZ.6YS6EN2CT7","Reserved","Linux with SQL Server Standard (Amazon VPC), c7i.8xlarge reserved instance applied","2026-10-08","0","Inf","Hrs","2.5067400000","USD",,"1yr","Partial Upfront","standard","Compute Instance","AmazonEC2","EU (Paris)","AWS Region","c7i.8xlarge","Yes","Compute optimized","32","Intel Xeon Scalable (Sapphire Rapids)","3.2 GHz","64 GiB","EBS only","12500 Megabit","64-bit",,,,,,,,"Dedicated","Linux","No License required",,,,"EUW3-DedicatedUsage:c7i.8xlarge","RunInstances:0004","NA","Used","false","10000 Mbps","10000 Mbps","NA","Yes",,"NA",,,,,,,,,,,,,,"Compute Optimized",,"Yes","Yes","Yes","OnDemand","64",,"SQL Std","Intel AVX; Intel AVX2; Intel AVX512; Intel Turbo; Intel AMX",,"eu-west-3",,"Amazon Elastic Compute Cloud",,,,"true"
"VSQNUARV85JFHK8K","HU7G6KETJZ","VSQNUARV85JFHK8K.HU7G6KETJZ.2TG2D8R56U","Reserved","Upfront Fee","2026-10-08",,,"Quantity","21959","USD",,"1yr","Partial Upfront","standard","Compute Instance","AmazonEC2","EU (Paris)","AWS Region","c7i.8xlarge","Yes","Compute optimized","32","Intel Xeon Scalable (Sapphire Rapids)","3.2 GHz","64 GiB","EBS only","12500 Megabit","64-bit",,,,,,,,"Dedicated","Linux","No License required",,,,"EUW3-DedicatedUsage:c7i.8xlarge","RunInstances:0004","NA","Used","false","10000 Mbps","10000 Mbps","NA","Yes",,"NA",,,,,,,,,,,,,,"Compute Optimized",,"Yes","Yes","Yes","OnDemand","64",,"SQL Std","Intel AVX; Intel AVX2; Intel AVX512; Intel Turbo; Intel AMX",,"eu-west-3",,"Amazon Elastic Compute Cloud",,,,"true"
"VSQNUARV85JFHK8K","JRTCKXETXF","VSQNUARV85JFHK8K.JRTCKXETXF.6YS6EN2CT7","OnDemand","$5.70648 per Dedicated Linux with SQL Std c7i.8xlarge Instance Hour","2026-10-01","0","Inf","Hrs","5.7064800000","USD",,,,,"Compute Instance","AmazonEC2","EU (Paris)","AWS Region","c7i.8xlarge","Yes","Compute optimized","32","Intel Xeon Scalable (Sapphire Rapids)","3.2 GHz","64 GiB","EBS only","12500 Megabit","64-bit",,,,,,,,"Dedicated","Linux","No License required",,,,"EUW3-DedicatedUsage:c7i.8xlarge","RunInstances:0004","NA","Used","false","10000 Mbps","10000 Mbps","NA","Yes",,"NA",,,,,,,,,,,,,,"Compute Optimized",,"Yes","Yes","Yes","OnDemand","64",,"SQL Std","Intel AVX; Intel AVX2; Intel AVX512; Intel Turbo; Intel AMX",,"eu-west-3",,"Amazon Elastic Compute Cloud",,,,"true"
"VSQNUARV85JFHK8K","MZU6U2429S","VSQNUARV85JFHK8K.MZU6U2429S.6YS6EN2CT7","Reserved","USD 0.0 per Linux with SQL Server Standard (Amazon VPC), c7i.8xlarge reserved instance applied","2026-10-08","0","Inf","Hrs","0.0000000000","USD",,"3yr","All Upfront","convertible","Compute Instance","AmazonEC2","EU (Paris)","AWS Region","c7i.8xlarge","Yes","Compute optimized","32","Intel Xeon Scalable (Sapphire Rapids)","3.2 GHz","64 GiB","EBS only","12500 Megabit","64-bit",,,,,,,,"Dedicated","Linux","No License required",,,,"EUW3-DedicatedUsage:c7i.8xlarge","RunInstances:0004","NA","Used","false","10000 Mbps","10000 Mbps","NA","Yes",,"NA",,,,,,,,,,,,,,"Compute Optimized",,"Yes","Yes","Yes","OnDemand","64",,"SQL Std","Intel AVX; Intel AVX2; Intel AVX512; Intel Turbo; Intel AMX",,"eu-west-3",,"Amazon Elastic Compute Cloud",,,,"true"
"VSQNUARV85JFHK8K","MZU6U2429S","VSQNUARV85JFHK8K.MZU6U2429S.2TG2D8R56U","Reserved","Upfront Fee","2026-10-08",,,"Quantity","124141","USD",,"3yr","All Upfront","convertible","Compute Instance","AmazonEC2","EU (Paris)","AWS Region","c7i.8xlarge","Yes","Compute optimized","32","Intel Xeon Scalable (Sapphire Rapids)","3.2 GHz","64 GiB","EBS only","12500 Megabit","64-bit",,,,,,,,"Dedicated","Linux","No License required",,,,"EUW3-DedicatedUsage:c7i.8xlarge","RunInstances:0004","NA","Used","false","10000 Mbps","10000 Mbps","NA","Yes",,"NA",,,,,,,,,,,,,,"Compute Optimized",,"Yes","Yes","Yes","OnDemand","64",,"SQL Std","Intel AVX; Intel AVX2; Intel AVX512; Intel Turbo; Intel AMX",,"eu-west-3",,"Amazon Elastic Compute Cloud",,,,"true"
"VSQNUARV85JFHK8K","NQ3QZPMQV9","VSQNUARV85JFHK8K.NQ3QZPMQV9.6YS6EN2CT7","Reserved","USD 0.0 per Linux with SQL Server Standard (Amazon VPC), c7i.8xlarge reserved instance applied","2026-10-08","0","Inf","Hrs","0.0000000000","USD",,"3yr","All Upfront","standard","Compute Instance","AmazonEC2","EU (Paris)","AWS Region","c7i.8xlarge","Yes","Compute optimized","32","Intel Xeon Scalable (Sapphire Rapids)","3.2 GHz","64 GiB","EBS only","12500 Megabit","64-bit",,,,,,,,"Dedicated","Linux","No License required",,,,"EUW3-DedicatedUsage:c7i.8xlarge","RunInstances:0004","NA","Used","false","10000 Mbps","10000 Mbps","NA","Yes",,"NA",,,,,,,,,,,,,,"Compute Optimized",,"Yes","Yes","Yes","OnDemand","64",,"SQL Std","Intel AVX; Intel AVX2; Intel AVX512; Intel Turbo; Intel AMX",,"eu-west-3",,"Amazon Elastic Compute Cloud",,,,"true"
"VSQNUARV85JFHK8K","NQ3QZPMQV9","VSQNUARV85JFHK8K.NQ3QZPMQV9.2TG2D8R56U","Reserved","Upfront Fee","2026-10-08",,,"Quantity","120317","USD",,"3yr","All Upfront","standard","Compute Instance","AmazonEC2","EU (Paris)","AWS Region","c7i.8xlarge","Yes","Compute optimized","32","Intel Xeon Scalable (Sapphire Rapids)","3.2 GHz","64 GiB","EBS only","12500 Megabit","64-bit",,,,,,,,"Dedicated","Linux","No License required",,,,"EUW3-DedicatedUsage:c7i.8xlarge","RunInstances:0004","NA","Used","false","10000 Mbps","10000 Mbps","NA","Yes",,"NA",,,,,,,,,,,,,,"Compute Optimized",,"Yes","Yes","Yes","OnDemand","64",,"SQL Std","Intel AVX; Intel AVX2; Intel AVX512; Intel Turbo; Intel AMX",,"eu-west-3",,"Amazon Elastic Compute Cloud",,,,"true"
"VSQNUARV85JFHK8K","R5XV2EPZQZ","VSQNUARV85JFHK8K.R5XV2EPZQZ.6YS6EN2CT7","Reserved","Linux with SQL Server Standard (Amazon VPC), c7i.8xlarge reserved instance applied","2026-10-08","0","Inf","Hrs","2.3709100000","USD",,"3yr","Partial Upfront","convertible","Compute Instance","AmazonEC2","EU (Paris)","AWS Region","c7i.8xlarge","Yes","Compute optimized","32","Intel Xeon Scalable (Sapphire Rapids)","3.2 GHz","64 GiB","EBS only","12500 Megabit","64-bit",,,,,,,,"Dedicated","Linux","No License required",,,,"EUW3-DedicatedUsage:c7i.8xlarge","RunInstances:0004","NA","Used","false","10000 Mbps","10000 Mbps","NA","Yes",,"NA",,,,,,,,,,,,,,"Compute Optimized",,"Yes","Yes","Yes","OnDemand","64",,"SQL Std","Intel AVX; Intel AVX2; Intel AVX512; Intel Turbo; Intel AMX",,"eu-west-3",,"Amazon Elastic Compute Cloud",,,,"true"
"VSQNUARV85JFHK8K","R5XV2EPZQZ","VSQNUARV85JFHK8K.R5XV2EPZQZ.2TG2D8R56U","Reserved","Upfront Fee","2026-10-08",,,"Quantity","62308","USD",,"3yr","Partial Upfront","convertible","Compute Instance","AmazonEC2","EU (Paris)","AWS Region","c7i.8xlarge","Yes","Compute optimized","32","Intel Xeon Scalable (Sapphire Rapids)","3.2 GHz","64 GiB","EBS only","12500 Megabit","64-bit",,,,,,,,"Dedicated","Linux","No License required",,,,"EUW3-DedicatedUsage:c7i.8xlarge","RunInstances:0004","NA","Used","false","10000 Mbps","10000 Mbps","NA","Yes",,"NA",,,,,,,,,,,,,,"Compute Optimized",,"Yes","Yes","Yes","OnDemand","64",,"SQL Std","Intel AVX; Intel AVX2; Intel AVX512; Intel Turbo; Intel AMX",,"eu-west-3",,"Amazon Elastic Compute Cloud",,,,"true"
"VSQNUARV85JFHK8K","VJWZNREJX2","VSQNUARV85JFHK8K.VJWZNREJX2.6YS6EN2CT7","Reserved","USD 0.0 per Linux with SQL Server Standard (Amazon VPC), c7i.8xlarge reserved instance applied","2026-10-08","0","Inf","Hrs","0.0000000000","USD",,"1yr","All Upfront","convertible","Compute Instance","AmazonEC2","EU (Paris)","AWS Region","c7i.8xlarge","Yes","Compute optimized","32","Intel Xeon Scalable (Sapphire Rapids)","3.2 GHz","64 GiB","EBS only","12500 Megabit","64-bit",,,,,,,,"Dedicated","Linux","No License required",,,,"EUW3-DedicatedUsage:c7i.8xlarge","RunInstances:0004","NA","Used","false","10000 Mbps","10000 Mbps","NA","Yes",,"NA",,,,,,,,,,,,,,"Compute Optimized",,"Yes","Yes","Yes","OnDemand","64",,"SQL Std","Intel AVX; Intel AVX2; Intel AVX512; Intel Turbo; Intel AMX",,"eu-west-3",,"Amazon Elastic Compute Cloud",,,,"true"
"VSQNUARV85JFHK8K","VJWZNREJX2","VSQNUARV85JFHK8K.VJWZNREJX2.2TG2D8R56U","Reserved","Upfront Fee","2026-10-08",,,"Quantity","45267","USD",,"1yr","All Upfront","convertible","Compute Instance","AmazonEC2","EU (Paris)","AWS Region","c7i.8xlarge","Yes","Compute optimized","32","Intel Xeon Scalable (Sapphire Rapids)","3.2 GHz","64 GiB","EBS only","12500 Megabit","64-bit",,,,,,,,"Dedicated","Linux","No License required",,,,"EUW3-DedicatedUsage:c7i.8xlarge","RunInstances:0004","NA","Used","false","10000 Mbps","10000 Mbps","NA","Yes",,"NA",,,,,,,,,,,,,,"Compute Optimized",,"Yes","Yes","Yes","OnDemand","64",,"SQL Std","Intel AVX; Intel AVX2; Intel AVX512; Intel Turbo; Intel AMX",,"eu-west-3",,"Amazon Elastic Compute Cloud",,,,"true"
"VSQNUARV85JFHK8K","Z2E3P23VKM","VSQNUARV85JFHK8K.Z2E3P23VKM.6YS6EN2CT7","Reserved","Linux with SQL Server Standard (Amazon VPC), c7i.8xlarge reserved instance applied","2026-10-08","0","Inf","Hrs","4.8139700000","USD",,"3yr","No Upfront","convertible","Compute Instance","AmazonEC2","EU (Paris)","AWS Region","c7i.8xlarge","Yes","Compute optimized","32","Intel Xeon Scalable (Sapphire Rapids)","3.2 GHz","64 GiB","EBS only","12500 Megabit","64-bit",,,,,,,,"Dedicated","Linux","No License required",,,,"EUW3-DedicatedUsage:c7i.8xlarge","RunInstances:0004","NA","Used","false","10000 Mbps","10000 Mbps","NA","Yes",,"NA",,,,,,,,,,,,,,"Compute Optimized",,"Yes","Yes","Yes","OnDemand","64",,"SQL Std","Intel AVX; Intel AVX2; Intel AVX512; Intel Turbo; Intel AMX",,"eu-west-3",,"Amazon Elastic Compute Cloud",,,,"true"
"VT7TGYB2ADC6Q33V","38NPMPTW36","VT7TGYB2ADC6Q33V.38NPMPTW36.6YS6EN2CT7","Reserved","Windows (Amazon VPC), c7i.8xlarge reserved instance applied","2026-10-08","0","Inf","Hrs","1.1287000000","USD",,"3yr","Partial Upfront","standard","Compute Instance","AmazonEC2","EU (Paris)","AWS Region","c7i.8xlarge","Yes","Compute optimized","32","Intel Xeon Scalable (Sapphire Rapids)","3.2 GHz","64 GiB","EBS only","12500 Megabit","64-bit",,,,,,,,"Dedicated","Windows","No License required",,,,"EUW3-DedicatedUsage:c7i.8xlarge","RunInstances:0002","NA","Used","false","10000 Mbps","10000 Mbps","NA","Yes",,"NA",,,,,,,,,,,,,,"Compute Optimized",,"Yes","Yes","Yes","OnDemand","64",,"NA","Intel AVX; Intel AVX2; Intel AVX512; Intel Turbo; Intel AMX",,"eu-west-3",,"Amazon Elastic Compute Cloud",,,,"true"
"VT7TGYB2ADC6Q33V","38NPMPTW36","VT7TGYB2ADC6Q33V.38NPMPTW36.2TG2D8R56U","Reserved","Upfront Fee","2026-10-08",,,"Quantity","29662","USD",,"3yr","Partial Upfront","standard","Compute Instance","AmazonEC2","EU (Paris)","AWS Region","c7i.8xlarge","Yes","Compute optimized","32","Intel Xeon Scalable (Sapphire Rapids)","3.2 GHz","64 GiB","EBS only","12500 Megabit","64-bit",,,,,,,,"Dedicated","Windows","No License required",,,,"EUW3-DedicatedUsage:c7i.8xlarge","RunInstances:0002","NA","Used","false","10000 Mbps","10000 Mbps","NA","Yes",,"NA",,,,,,,,,,,,,,"Compute Optimized",,"Yes","Yes","Yes","OnDemand","64",,"NA","Intel AVX; Intel AVX2; Intel AVX512; Intel Turbo; Intel AMX",,"eu-west-3",,"Amazon Elastic Compute Cloud",,,,"true"
"VT7TGYB2ADC6Q33V","4NA7Y494T4","VT7TGYB2ADC6Q33V.4NA7Y494T4.6YS6EN2CT7","Reserved","Windows (Amazon VPC), c7i.8xlarge reserved instance applied","2026-10-08","0","Inf","Hrs","2.7041500000","USD",,"1yr","No Upfront","standard","Compute Instance","AmazonEC2","EU (Paris)","AWS Region","c7i.8xlarge","Yes","Compute optimized","32","Intel Xeon Scalable (Sapphire Rapids)","3.2 GHz","64 GiB","EBS only","12500 Megabit","64-bit",,,,,,,,"Dedicated","Windows","No License required",,,,"EUW3-DedicatedUsage:c7i.8xlarge","RunInstances:0002","NA","Used","false","10000 Mbps","10000 Mbps","NA","Yes",,"NA",,,,,,,,,,,,,,"Compute Optimized",,"Yes","Yes","Yes","OnDemand","64",,"NA","Intel AVX; Intel AVX2; Intel AVX512; Intel Turbo; Intel AMX",,"eu-west-3",,"Amazon Elastic Compute Cloud",,,,"true"
"VT7TGYB2ADC6Q33V","6QCMYABX3D","VT7TGYB2ADC6Q33V.6QCMYABX3D.6YS6EN2CT7","Reserved","USD 0.0 per Windows (Amazon VPC), c7i.8xlarge reserved instance applied","2026-10-08","0","Inf","Hrs","0.0000000000","USD",,"1yr","All Upfront","standard","Compute Instance","AmazonEC2","EU (Paris)","AWS Region","c7i.8xlarge","Yes","Compute optimized","32","Intel Xeon Scalable (Sapphire Rapids)","3.2 GHz","64 GiB","EBS only","12500 Megabit","64-bit",,,,,,,,"Dedicated","Windows","No License required",,,,"EUW3-DedicatedUsage:c7i.8xlarge","RunInstances:0002","NA","Used","false","10000 Mbps","10000 Mbps","NA","Yes",,"NA",,,,,,,,,,,,,,"Compute Optimized",,"Yes","Yes","Yes","OnDemand","64",,"NA","Intel AVX; Intel AVX2; Intel AVX512; Intel Turbo; Intel AMX",,"eu-west-3",,"Amazon Elastic Compute Cloud",,,,"true"
"VT7TGYB2ADC6Q33V","6QCMYABX3D","VT7TGYB2ADC6Q33V.6QCMYABX3D.2TG2D8R56U","Reserved","Upfront Fee","2026-10-08",,,"Quantity","22969","USD",,"1yr","All Upfront","standard","Compute Instance","AmazonEC2","EU (Paris)","AWS Region","c7i.8xlarge","Yes","Compute optimized","32","Intel Xeon Scalable (Sapphire Rapids)","3.2 GHz","64 GiB","EBS only","12500 Megabit","64-bit",,,,,,,,"Dedicated","Windows","No License required",,,,"EUW3-DedicatedUsage:c7i.8xlarge","RunInstances:0002","NA","Used","false","10000 Mbps","10000 Mbps","NA","Yes",,"NA",,,,,,,,,,,,,,"Compute Optimized",,"Yes","Yes","Yes","OnDemand","64",,"NA","Intel AVX; Intel AVX2; Intel AVX512; Intel Turbo; Intel AMX",,"eu-west-3",,"Amazon Elastic Compute Cloud",,,,"true"
"VT7TGYB2ADC6Q33V","7NE97W5U4E","VT7TGYB2ADC6Q33V.7NE97W5U4E.6YS6EN2CT7","Reserved","Windows (Amazon VPC), c7i.8xlarge reserved instance applied","2026-10-08","0","Inf","Hrs","2.8943100000","USD",,"1yr","No Upfront","convertible","Compute Instance","AmazonEC2","EU (Paris)","AWS Region","c7i.8xlarge","Yes","Compute optimized","32","Intel Xeon Scalable (Sapphire Rapids)","3.2 GHz","64 GiB","EBS only","12500 Megabit","64-bit",,,,,,,,"Dedicated","Windows","No License required",,,,"EUW3-DedicatedUsage:c7i.8xlarge","RunInstances:0002","NA","Used","false","10000 Mbps","10000 Mbps","NA","Yes",,"NA",,,,,,,,,,,,,,"Compute Optimized",,"Yes","Yes","Yes","OnDemand","64",,"NA","Intel AVX; Intel AVX2; Intel AVX512; Intel Turbo; Intel AMX",,"eu-west-3",,"Amazon Elastic Compute Cloud",,,,"true"
"VT7TGYB2ADC6Q33V","BPH4J8HBKS","VT7TGYB2ADC6Q33V.BPH4J8HBKS.6YS6EN2CT7","Reserved","Windows (Amazon VPC), c7i.8xlarge reserved instance applied","2026-10-08","0","Inf","Hrs","2.3202300000","USD",,"3yr","No Upfront","standard","Compute Instance","AmazonEC2","EU (Paris)","AWS Region","c7i.8xlarge","Yes","Compute optimized","32","Intel Xeon Scalable (Sapphire Rapids)","3.2 GHz","64 GiB","EBS only","12500 Megabit","64-bit",,,,,,,,"Dedicated","Windows","No License required",,,,"EUW3-DedicatedUsage:c7i.8xlarge","RunInstances:0002","NA","Used","false","10000 Mbps","10000 Mbps","NA","Yes",,"NA",,,,,,,,,,,,,,"Compute Optimized",,"Yes","Yes","Yes","OnDemand","64",,"NA","Intel AVX; Intel AVX2; Intel AVX512; Intel Turbo; Intel AMX",,"eu-west-3",,"Amazon Elastic Compute Cloud",,,,"true"
"VT7TGYB2ADC6Q33V","CUZHX8X6JH","VT7TGYB2ADC6Q33V.CUZHX8X6JH.6YS6EN2CT7","Reserved","Windows (Amazon VPC), c7i.8xlarge reserved instance applied","2026-10-08","0","Inf","Hrs","1.4132900000","USD",,"1yr","Partial Upfront","convertible","Compute Instance","AmazonEC2","EU (Paris)","AWS Region","c7i.8xlarge","Yes","Compute optimized","32","Intel Xeon Scalable (Sapphire Rapids)","3.2 GHz","64 GiB","EBS only","12500 Megabit","64-bit",,,,,,,,"Dedicated","Windows","No License required",,,,"EUW3-DedicatedUsage:c7i.8xlarge","RunInstances:0002","NA","Used","false","10000 Mbps","10000 Mbps","NA","Yes",,"NA",,,,,,,,,,,,,,"Compute Optimized",,"Yes","Yes","Yes","OnDemand","64",,"NA","Intel AVX; Intel AVX2; Intel AVX512; Intel Turbo; Intel AMX",,"eu-west-3",,"Amazon Elastic Compute Cloud",,,,"true"
"VT7TGYB2ADC6Q33V","CUZHX8X6JH","VT7TGYB2ADC6Q33V.CUZHX8X6JH.2TG2D8R56U","Reserved","Upfront Fee","2026-10-08",,,"Quantity","12380","USD",,"1yr","Partial Upfront","convertible","Compute Instance","AmazonEC2","EU (Paris)","AWS Region","c7i.8xlarge","Yes","Compute optimized","32","Intel Xeon Scalable (Sapphire Rapids)","3.2 GHz","64 GiB","EBS only","12500 Megabit","64-bit",,,,,,,,"Dedicated","Windows","No License required",,,,"EUW3-DedicatedUsage:c7i.8xlarge","RunInstances:0002","NA","Used","false","10000 Mbps","10000 Mbps","NA","Yes",,"NA",,,,,,,,,,,,,,"Compute Optimized",,"Yes","Yes","Yes","OnDemand","64",,"NA","Intel AVX; Intel AVX2; Intel AVX512; Intel Turbo; Intel AMX",,"eu-west-3",,"Amazon Elastic Compute Cloud",,,,"true"
"VT7TGYB2ADC6Q33V","HU7G6KETJZ","VT7TGYB2ADC6Q33V.HU7G6KETJZ.6YS6EN2CT7","Reserved","Windows (Amazon VPC), c7i.8xlarge reserved instance applied","2026-10-08","0","Inf","Hrs","1.3227400000","USD",,"1yr","Partial Upfront","standard","Compute Instance","AmazonEC2","EU (Paris)","AWS Region","c7i.8xlarge","Yes","Compute optimized","32","Intel Xeon Scalable (Sapphire Rapids)","3.2 GHz","64 GiB","EBS only","12500 Megabit","64-bit",,,,,,,,"Dedicated","Windows","No License required",,,,"EUW3-DedicatedUsage:c7i.8xlarge","RunInstances:0002","NA","Used","false","10000 Mbps","10000 Mbps","NA","Yes",,"NA",,,,,,,,,,,,,,"Compute Optimized",,"Yes","Yes","Yes","OnDemand","64",,"NA","Intel AVX; Intel AVX2; Intel AVX512; Intel Turbo; Intel AMX",,"eu-west-3",,"Amazon Elastic Compute Cloud",,,,"true"
"VT7TGYB2ADC6Q33V","HU7G6KETJZ","VT7TGYB2ADC6Q33V.HU7G6KETJZ.2TG2D8R56U","Reserved","Upfront Fee","2026-10-08",,,"Quantity","11587","USD",,"1yr","Partial Upfront","standard","Compute Instance","AmazonEC2","EU (Paris)","AWS Region","c7i.8xlarge","Yes","Compute optimized","32","Intel Xeon Scalable (Sapphire Rapids)","3.2 GHz","64 GiB","EBS only","12500 Megabit","64-bit",,,,,,,,"Dedicated","Windows","No License required",,,,"EUW3-DedicatedUsage:c7i.8xlarge","RunInstances:0002","NA","Used","false","10000 Mbps","10000 Mbps","NA","Yes",,"NA",,,,,,,,,,,,,,"Compute Optimized",,"Yes","Yes","Yes","OnDemand","64",,"NA","Intel AVX; Intel AVX2; Intel AVX512; Intel Turbo; Intel AMX",,"eu-west-3",,"Amazon Elastic Compute Cloud",,,,"true"
"VT7TGYB2ADC6Q33V","JRTCKXETXF","VT7TGYB2ADC6Q33V.JRTCKXETXF.6YS6EN2CT7","OnDemand","$3.33848 per Dedicated Windows c7i.8xlarge Instance Hour","2026-10-01","0","Inf","Hrs","3.3384800000","USD",,,,,"Compute Instance","AmazonEC2","EU (Paris)","AWS Region","c7i.8xlarge","Yes","Compute optimized","32","Intel Xeon Scalable (Sapphire Rapids)","3.2 GHz","64 GiB","EBS only","12500 Megabit","64-bit",,,,,,,,"Dedicated","Windows","No License required",,,,"EUW3-DedicatedUsage:c7i.8xlarge","RunInstances:0002","NA","Used","false","10000 Mbps","10000 Mbps","NA","Yes",,"NA",,,,,,,,,,,,,,"Compute Optimized",,"Yes","Yes","Yes","OnDemand","64",,"NA","Intel AVX; Intel AVX2; Intel AVX512; Intel Turbo; Intel AMX",,"eu-west-3",,"Amazon Elastic Compute Cloud",,,,"true"
"VT7TGYB2ADC6Q33V","MZU6U2429S","VT7TGYB2ADC6Q33V.MZU6U2429S.6YS6EN2CT7","Reserved","USD 0.0 per Windows (Amazon VPC), c7i.8xlarge reserved instance applied","2026-10-08","0","Inf","Hrs","0.0000000000","USD",,"3yr","All Upfront","convertible","Compute Instance","AmazonEC2","EU (Paris)","AWS Region","c7i.8xlarge","Yes","Compute optimized","32","Intel Xeon Scalable (Sapphire Rapids)","3.2 GHz","64 GiB","EBS only","12500 Megabit","64-bit",,,,,,,,"Dedicated","Windows","No License required",,,,"EUW3-DedicatedUsage:c7i.8xlarge","RunInstances:0002","NA","Used","false","10000 Mbps","10000 Mbps","NA","Yes",,"NA",,,,,,,,,,,,,,"Compute Optimized",,"Yes","Yes","Yes","OnDemand","64",,"NA","Intel AVX; Intel AVX2; Intel AVX512; Intel Turbo; Intel AMX",,"eu-west-3",,"Amazon Elastic Compute Cloud",,,,"true"
"VT7TGYB2ADC6Q33V","MZU6U2429S","VT7TGYB2ADC6Q33V.MZU6U2429S.2TG2D8R56U","Reserved","Upfront Fee","2026-10-08",,,"Quantity","61910","USD",,"3yr","All Upfront","convertible","Compute Instance","AmazonEC2","EU (Paris)","AWS Region","c7i.8xlarge","Yes","Compute optimized","32","Intel Xeon Scalable (Sapphire Rapids)","3.2 GHz","64 GiB","EBS only","12500 Megabit","64-bit",,,,,,,,"Dedicated","Windows","No License required",,,,"EUW3-DedicatedUsage:c7i.8xlarge","RunInstances:0002","NA","Used","false","10000 Mbps","10000 Mbps","NA","Yes",,"NA",,,,,,,,,,,,,,"Compute Optimized",,"Yes","Yes","Yes","OnDemand","64",,"NA","Intel AVX; Intel AVX2; Intel AVX512; Intel Turbo; Intel AMX",,"eu-west-3",,"Amazon Elastic Compute Cloud",,,,"true"
"VT7TGYB2ADC6Q33V","NQ3QZPMQV9","VT7TGYB2ADC6Q33V.NQ3QZPMQV9.6YS6EN2CT7","Reserved","USD 0.0 per Windows (Amazon VPC), c7i.8xlarge reserved instance applied","2026-10-08","0","Inf","Hrs","0.0000000000","USD",,"3yr","All Upfront","standard","Compute Instance","AmazonEC2","EU (Paris)","AWS Region","c7i.8xlarge","Yes","Compute optimized","32","Intel Xeon Scalable (Sapphire Rapids)","3.2 GHz","64 GiB","EBS only","12500 Megabit","64-bit",,,,,,,,"Dedicated","Windows","No License required",,,,"EUW3-DedicatedUsage:c7i.8xlarge","RunInstances:0002","NA","Used","false","10000 Mbps","10000 Mbps","NA","Yes",,"NA",,,,,,,,,,,,,,"Compute Optimized",,"Yes","Yes","Yes","OnDemand","64",,"NA","Intel AVX; Intel AVX2; Intel AVX512; Intel Turbo; Intel AMX",,"eu-west-3",,"Amazon Elastic Compute Cloud",,,,"true"
"VT7TGYB2ADC6Q33V","NQ3QZPMQV9","VT7TGYB2ADC6Q33V.NQ3QZPMQV9.2TG2D8R56U","Reserved","Upfront Fee","2026-10-08",,,"Quantity","58086","USD",,"3yr","All Upfront","standard","Compute Instance","AmazonEC2","EU (Paris)","AWS Region","c7i.8xlarge","Yes","Compute optimized","32","Intel Xeon Scalable (Sapphire Rapids)","3.2 GHz","64 GiB","EBS only","12500 Megabit","64-bit",,,,,,,,"Dedicated","Windows","No License required",,,,"EUW3-DedicatedUsage:c7i.8xlarge","RunInstances:0002","NA","Used","false","10000 Mbps","10000 Mbps","NA","Yes",,"NA",,,,,,,,,,,,,,"Compute Optimized",,"Yes","Yes","Yes","OnDemand","64",,"NA","Intel AVX; Intel AVX2; Intel AVX512; Intel Turbo; Intel AMX",,"eu-west-3",,"Amazon Elastic Compute Cloud",,,,"true"
"VT7TGYB2ADC6Q33V","R5XV2EPZQZ","VT7TGYB2ADC6Q33V.R5XV2EPZQZ.6YS6EN2CT7","Reserved","Windows (Amazon VPC), c7i.8xlarge reserved instance applied","2026-10-08","0","Inf","Hrs","1.1869100000","USD",,"3yr","Partial Upfront","convertible","Compute Instance","AmazonEC2","EU (Paris)","AWS Region","c7i.8xlarge","Yes","Compute optimized","32","Intel Xeon Scalable (Sapphire Rapids)","3.2 GHz","64 GiB","EBS only","12500 Megabit","64-bit",,,,,,,,"Dedicated","Windows","No License required",,,,"EUW3-DedicatedUsage:c7i.8xlarge","RunInstances:0002","NA","Used","false","10000 Mbps","10000 Mbps","NA","Yes",,"NA",,,,,,,,,,,,,,"Compute Optimized",,"Yes","Yes","Yes","OnDemand","64",,"NA","Intel AVX; Intel AVX2; Intel AVX512; Intel Turbo; Intel AMX",,"eu-west-3",,"Amazon Elastic Compute Cloud",,,,"true"
"VT7TGYB2ADC6Q33V","R5XV2EPZQZ","VT7TGYB2ADC6Q33V.R5XV2EPZQZ.2TG2D8R56U","Reserved","Upfront Fee","2026-10-08",,,"Quantity","31192","USD",,"3yr","Partial Upfront","convertible","Compute Instance","AmazonEC2","EU (Paris)","AWS Region","c7i.8xlarge","Yes","Compute optimized","32","Intel Xeon Scalable (Sapphire Rapids)","3.2 GHz","64 GiB","EBS only","12500 Megabit","64-bit",,,,,,,,"Dedicated","Windows","No License required",,,,"EUW3-DedicatedUsage:c7i.8xlarge","RunInstances:0002","NA","Used","false","10000 Mbps","10000 Mbps","NA","Yes",,"NA",,,,,,,,,,,,,,"Compute Optimized",,"Yes","Yes","Yes","OnDemand","64",,"NA","Intel AVX; Intel AVX2; Intel AVX512; Intel Turbo; Intel AMX",,"eu-west-3",,"Amazon Elastic Compute Cloud",,,,"true"
"VT7TGYB2ADC6Q33V","VJWZNREJX2","VT7TGYB2ADC6Q33V.VJWZNREJX2.6YS6EN2CT7","Reserved","USD 0.0 per Windows (Amazon VPC), c7i.8xlarge reserved instance applied","2026-10-08","0","Inf","Hrs","0.0000000000","USD",,"1yr","All Upfront","convertible","Compute Instance","AmazonEC2","EU (Paris)","AWS Region","c7i.8xlarge","Yes","Compute optimized","32","Intel Xeon Scalable (Sapphire Rapids)","3.2 GHz","64 GiB","EBS only","12500 Megabit","64-bit",,,,,,,,"Dedicated","Windows","No License required",,,,"EUW3-DedicatedUsage:c7i.8xlarge","RunInstances:0002","NA","Used","false","10000 Mbps","10000 Mbps","NA","Yes",,"NA",,,,,,,,,,,,,,"Compute Optimized",,"Yes","Yes","Yes","OnDemand","64",,"NA","Intel AVX; Intel AVX2; Intel AVX512; Intel Turbo; Intel AMX",,"eu-west-3",,"Amazon Elastic Compute Cloud",,,,"true"
"VT7TGYB2ADC6Q33V","VJWZNREJX2","VT7TGYB2ADC6Q33V.VJWZNREJX2.2TG2D8R56U","Reserved","Upfront Fee","2026-10-08",,,"Quantity","24524","USD",,"1yr","All Upfront","convertible","Compute Instance","AmazonEC2","EU (Paris)","AWS Region","c7i.8xlarge","Yes","Compute optimized","32","Intel Xeon Scalable (Sapphire Rapids)","3.2 GHz","64 GiB","EBS only","12500 Megabit","64-bit",,,,,,,,"Dedicated","Windows","No License required",,,,"EUW3-DedicatedUsage:c7i.8xlarge","RunInstances:0002","NA","Used","false","10000 Mbps","10000 Mbps","NA","Yes",,"NA",,,,,,,,,,,,,,"Compute Optimized",,"Yes","Yes","Yes","OnDemand","64",,"NA","Intel AVX; Intel AVX2; Intel AVX512; Intel Turbo; Intel AMX",,"eu-west-3",,"Amazon Elastic Compute Cloud",,,,"true"
"VT7TGYB2ADC6Q33V","Z2E3P23VKM","VT7TGYB2ADC6Q33V.Z2E3P23VKM.6YS6EN2CT7","Reserved","Windows (Amazon VPC), c7i.8xlarge reserved instance applied","2026-10-08","0","Inf","Hrs","2.4459700000","USD",,"3yr","No Upfront","convertible","Compute Instance","AmazonEC2","EU (Paris)","AWS Region","c7i.8xlarge","Yes","Compute optimized","32","Intel Xeon Scalable (Sapphire Rapids)","3.2 GHz","64 GiB","EBS only","12500 Megabit","64-bit",,,,,,,,"Dedicated","Windows","No License required",,,,"EUW3-DedicatedUsage:c7i.8xlarge","RunInstances:0002","NA","Used","false","10000 Mbps","10000 Mbps","NA","Yes",,"NA",,,,,,,,,,,,,,"Compute Optimized",,"Yes","Yes","Yes","OnDemand","64",,"NA","Intel AVX; Intel AVX2; Intel AVX512; Intel Turbo; Intel AMX",,"eu-west-3",,"Amazon Elastic Compute Cloud",,,,"true"
"VX5TFAB3U7NSHNGV","JRTCKXETXF","VX5TFAB3U7NSHNGV.JRTCKXETXF.6YS6EN2CT7","OnDemand","$0.00 per Linux c7i.8xlarge Dedicated Host Instance hour","2026-10-01","0","Inf","Hrs","0.0000000000","USD",,,,,"Compute Instance","AmazonEC2","EU (Paris)","AWS Region","c7i.8xlarge","Yes","Compute optimized","32","Intel Xeon Scalable (Sapphire Rapids)","3.2 GHz","64 GiB","EBS only","12500 Megabit","64-bit",,,,,,,,"Host","Linux","No License required",,,,"EUW3-HostBoxUsage:c7i.8xlarge","RunInstances","NA","Used","false","10000 Mbps","10000 Mbps","NA","Yes",,"NA",,,,,,,,,,,,,,"Compute Optimized",,"Yes","Yes","Yes","OnDemand","64",,"NA","Intel AVX; Intel AVX2; Intel AVX512; Intel Turbo; Intel AMX",,"eu-west-3",,"Amazon Elastic Compute Cloud",,,,"true"
"VZPAV3TRA2EZJUT4","JRTCKXETXF","VZPAV3TRA2EZJUT4.JRTCKXETXF.6YS6EN2CT7","OnDemand","$2.79972 per Dedicated Unused Reservation Linux c7i.12xlarge Instance Hour","2026-10-01","0","Inf","Hrs","2.7997200000","USD",,,,,"Compute Instance","AmazonEC2","EU (Paris)","AWS Region","c7i.12xlarge","Yes","Compute optimized","48","Intel Xeon Scalable (Sapphire Rapids)","3.2 GHz","96 GiB","EBS only","18750 Megabit","64-bit",,,,,,,,"Dedicated","Linux","No License required",,,,"EUW3-UnusedDed:c7i.12xlarge","RunInstances","NA","UnusedCapacityReservation","false","15000 Mbps","15000 Mbps","NA","Yes",,"NA",,,,,,,,,,,,,,"Compute Optimized","FAB7K7RP2B9CUR5J","Yes","Yes","Yes","OnDemand","96",,"NA","Intel AVX; Intel AVX2; Intel AVX512; Intel Turbo; Intel AMX",,"eu-west-3",,"Amazon Elastic Compute Cloud",,,,"true"
"W46XQPYQQTV5KBDV","JRTCKXETXF","W46XQPYQQTV5KBDV.JRTCKXETXF.6YS6EN2CT7","OnDemand","$0.00 per Reservation Windows c8i.12xlarge Instance Hour","2026-10-01","0","Inf","Hrs","0.0000000000","USD",,,,,"Compute Instance","AmazonEC2","EU (Paris)","AWS Region","c8i.12xlarge","Yes","Compute optimized","48","Intel Xeon Scalable (Granite Rapids)","3.9 GHz","96 GiB","EBS only","22500 Megabit","64-bit",,,,,,,,"Shared","Windows","No License required",,,,"EUW3-Reservation:c8i.12xlarge","RunInstances:0002","NA","AllocatedCapacityReservation","false","15000 Mbps","15000 Mbps","NA","Yes",,"NA",,,,,,,,,,,,,,"Compute Optimized","324Q9UGT6WKN57Q5","Yes","Yes","Yes","OnDemand","96",,"NA","Intel AVX; Intel AVX2; Intel AVX512; Intel Turbo; Intel AMX",,"eu-west-3",,"Amazon Elastic Compute Cloud",,,,"true"
"W63SQNGTRMWVMWT7","JRTCKXETXF","W63SQNGTRMWVMWT7.JRTCKXETXF.6YS6EN2CT7","OnDemand","$10.6404 per On Demand Windows with SQL Std c8i.12xlarge Instance Hour","2026-10-01","0","Inf","Hrs","10.6404000000","USD",,,,,"Compute Instance","AmazonEC2","EU (Paris)","AWS Region","c8i.12xlarge","Yes","Compute optimized","48","Intel Xeon Scalable (Granite Rapids)","3.9 GHz","96 GiB","EBS only","22500 Megabit","64-bit",,,,,,,,"Shared","Windows","No License required",,,,"EUW3-BoxUsage:c8i.12xlarge","RunInstances:0006","NA","Used","false","15000 Mbps","15000 Mbps","NA","Yes",,"NA",,,,,,,,,,,,,,"Compute Optimized",,"Yes","Yes","Yes","OnDemand","96",,"SQL Std","Intel AVX; Intel AVX2; Intel AVX512; Intel Turbo; Intel AMX",,"eu-west-3",,"Amazon Elastic Compute Cloud",,,,"true"
"WA79DQ973MJZBQ27","JRTCKXETXF","WA79DQ973MJZBQ27.JRTCKXETXF.6YS6EN2CT7","OnDemand","$1.99148 per Dedicated Unused Reservation SUSE c7i.8xlarge Instance Hour","2026-10-01","0","Inf","Hrs","1.9914800000","USD",,,,,"Compute Instance","AmazonEC2","EU (Paris)","AWS Region","c7i.8xlarge","Yes","Compute optimized","32","Intel Xeon Scalable (Sapphire Rapids)","3.2 GHz","64 GiB","EBS only","12500 Megabit","64-bit",,,,,,,,"Dedicated","SUSE","No License required",,,,"EUW3-UnusedDed:c7i.8xlarge","RunInstances:000g","NA","UnusedCapacityReservation","false","10000 Mbps","10000 Mbps","NA","Yes",,"NA",,,,,,,,,,,,,,"Compute Optimized","SG3KBM6JYXJ7HKU7","Yes","Yes","Yes","OnDemand","64",,"NA","Intel AVX; Intel AVX2; Intel AVX512; Intel Turbo; Intel AMX",,"eu-west-3",,"Amazon Elastic Compute Cloud",,,,"true"
"WAYP3QCX8KQZKJRZ","38NPMPTW36","WAYP3QCX8KQZKJRZ.38NPMPTW36.6YS6EN2CT7","Reserved","Windows with SQL Server Web (Amazon VPC), c7i.12xlarge reserved instance applied","2026-10-08","0","Inf","Hrs","2.0451000000","USD",,"3yr","Partial Upfront","standard","Compute Instance","AmazonEC2","EU (Paris)","AWS Region","c7i.12xlarge","Yes","Compute optimized","48","Intel Xeon Scalable (Sapphire Rapids)","3.2 GHz","96 GiB","EBS only","18750 Megabit","64-bit",,,,,,,,"Shared","Windows","No License required",,,,"EUW3-BoxUsage:c7i.12xlarge","RunInstances:0202","NA","Used","false","15000 Mbps","15000 Mbps","NA","Yes",,"NA",,,,,,,,,,,,,,"Compute Optimized",,"Yes","Yes","Yes","OnDemand","96",,"SQL Web","Intel AVX; Intel AVX2; Intel AVX512; Intel Turbo; Intel AMX",,"eu-west-3",,"Amazon Elastic Compute Cloud",,,,"true"
"WAYP3QCX8KQZKJRZ","38NPMPTW36","WAYP3QCX8KQZKJRZ.38NPMPTW36.2TG2D8R56U","Reserved","Upfront Fee","2026-10-08",,,"Quantity","53745","USD",,"3yr","Partial Upfront","standard","Compute Instance","AmazonEC2","EU (Paris)","AWS Region","c7i.12xlarge","Yes","Compute optimized","48","Intel Xeon Scalable (Sapphire Rapids)","3.2 GHz","96 GiB","EBS only","18750 Megabit","64-bit",,,,,,,,"Shared","Windows","No License required",,,,"EUW3-BoxUsage:c7i.12xlarge","RunInstances:0202","NA","Used","false","15000 Mbps","15000 Mbps","NA","Yes",,"NA",,,,,,,,,,,,,,"Compute Optimized",,"Yes","Yes","Yes","OnDemand","96",,"SQL Web","Intel AVX; Intel AVX2; Intel AVX512; Intel Turbo; Intel AMX",,"eu-west-3",,"Amazon Elastic Compute Cloud",,,,"true"
"WAYP3QCX8KQZKJRZ","4NA7Y494T4","WAYP3QCX8KQZKJRZ.4NA7Y494T4.6YS6EN2CT7","Reserved","Windows with SQL Server Web (Amazon VPC), c7i.12xlarge reserved instance applied","2026-10-08","0","Inf","Hrs","4.6994000000","USD",,"1yr","No Upfront","standard","Compute Instance","AmazonEC2","EU (Paris)","AWS Region","c7i.12xlarge","Yes","Compute optimized","48","Intel Xeon Scalable (Sapphire Rapids)","3.2 GHz","96 GiB","EBS only","18750 Megabit","64-bit",,,,,,,,"Shared","Windows","No License required",,,,"EUW3-BoxUsage:c7i.12xlarge","RunInstances:0202","NA","Used","false","15000 Mbps","15000 Mbps","NA","Yes",,"NA",,,,,,,,,,,,,,"Compute Optimized",,"Yes","Yes","Yes","OnDemand","96",,"SQL Web","Intel AVX; Intel AVX2; Intel AVX512; Intel Turbo; Intel AMX",,"eu-west-3",,"Amazon Elastic Compute Cloud",,,,"true"
"WAYP3QCX8KQZKJRZ","6QCMYABX3D","WAYP3QCX8KQZKJRZ.6QCMYABX3D.6YS6EN2CT7","Reserved","USD 0.0 per Windows with SQL Server Web (Amazon VPC), c7i.12xlarge reserved instance applied","2026-10-08","0","Inf","Hrs","0.0000000000","USD",,"1yr","All Upfront","standard","Compute Instance","AmazonEC2","EU (Paris)","AWS Region","c7i.12xlarge","Yes","Compute optimized","48","Intel Xeon Scalable (Sapphire Rapids)","3.2 GHz","96 GiB","EBS only","18750 Megabit","64-bit",,,,,,,,"Shared","Windows","No License required",,,,"EUW3-BoxUsage:c7i.12xlarge","RunInstances:0202","NA","Used","false","15000 Mbps","15000 Mbps","NA","Yes",,"NA",,,,,,,,,,,,,,"Compute Optimized",,"Yes","Yes","Yes","OnDemand","96",,"SQL Web","Intel AVX; Intel AVX2; Intel AVX512; Intel Turbo; Intel AMX",,"eu-west-3",,"Amazon Elastic Compute Cloud",,,,"true"
"WAYP3QCX8KQZKJRZ","6QCMYABX3D","WAYP3QCX8KQZKJRZ.6QCMYABX3D.2TG2D8R56U","Reserved","Upfront Fee","2026-10-08",,,"Quantity","40186","USD",,"1yr","All Upfront","standard","Compute Instance","AmazonEC2","EU (Paris)","AWS Region","c7i.12xlarge","Yes","Compute optimized","48","Intel Xeon Scalable (Sapphire Rapids)","3.2 GHz","96 GiB","EBS only","18750 Megabit","64-bit",,,,,,,,"Shared","Windows","No License required",,,,"EUW3-BoxUsage:c7i.12xlarge","RunInstances:0202","NA","Used","false","15000 Mbps","15000 Mbps","NA","Yes",,"NA",,,,,,,,,,,,,,"Compute Optimized",,"Yes","Yes","Yes","OnDemand","96",,"SQL Web","Intel AVX; Intel AVX2; Intel AVX512; Intel Turbo; Intel AMX",,"eu-west-3",,"Amazon Elastic Compute Cloud",,,,"true"
"WAYP3QCX8KQZKJRZ","7NE97W5U4E","WAYP3QCX8KQZKJRZ.7NE97W5U4E.6YS6EN2CT7","Reserved","Windows with SQL Server Web (Amazon VPC), c7i.12xlarge reserved instance applied","2026-10-08","0","Inf","Hrs","4.9587100000","USD",,"1yr","No Upfront","convertible","Compute Instance","AmazonEC2","EU (Paris)","AWS Region","c7i.12xlarge","Yes","Compute optimized","48","Intel Xeon Scalable (Sapphire Rapids)","3.2 GHz","96 GiB","EBS only","18750 Megabit","64-bit",,,,,,,,"Shared","Windows","No License required",,,,"EUW3-BoxUsage:c7i.12xlarge","RunInstances:0202","NA","Used","false","15000 Mbps","15000 Mbps","NA","Yes",,"NA",,,,,,,,,,,,,,"Compute Optimized",,"Yes","Yes","Yes","OnDemand","96",,"SQL Web","Intel AVX; Intel AVX2; Intel AVX512; Intel Turbo; Intel AMX",,"eu-west-3",,"Amazon Elastic Compute Cloud",,,,"true"
"WAYP3QCX8KQZKJRZ","BPH4J8HBKS","WAYP3QCX8KQZKJRZ.BPH4J8HBKS.6YS6EN2CT7","Reserved","Windows with SQL Server Web (Amazon VPC), c7i.12xlarge reserved instance applied","2026-10-08","0","Inf","Hrs","4.1758700000","USD",,"3yr","No Upfront","standard","Compute Instance","AmazonEC2","EU (Paris)","AWS Region","c7i.12xlarge","Yes","Compute optimized","48","Intel Xeon Scalable (Sapphire Rapids)","3.2 GHz","96 GiB","EBS only","18750 Megabit","64-bit",,,,,,,,"Shared","Windows","No License required",,,,"EUW3-BoxUsage:c7i.12xlarge","RunInstances:0202","NA","Used","false","15000 Mbps","15000 Mbps","NA","Yes",,"NA",,,,,,,,,,,,,,"Compute Optimized",,"Yes","Yes","Yes","OnDemand","96",,"SQL Web","Intel AVX; Intel AVX2; Intel AVX512; Intel Turbo; Intel AMX",,"eu-west-3",,"Amazon Elastic Compute Cloud",,,,"true"
"WAYP3QCX8KQZKJRZ","CUZHX8X6JH","WAYP3QCX8KQZKJRZ.CUZHX8X6JH.6YS6EN2CT7","Reserved","Windows with SQL Server Web (Amazon VPC), c7i.12xlarge reserved instance applied","2026-10-08","0","Inf","Hrs","2.4331800000","USD",,"1yr","Partial Upfront","convertible","Compute Instance","AmazonEC2","EU (Paris)","AWS Region","c7i.12xlarge","Yes","Compute optimized","48","Intel Xeon Scalable (Sapphire Rapids)","3.2 GHz","96 GiB","EBS only","18750 Megabit","64-bit",,,,,,,,"Shared","Windows","No License required",,,,"EUW3-BoxUsage:c7i.12xlarge","RunInstances:0202","NA","Used","false","15000 Mbps","15000 Mbps","NA","Yes",,"NA",,,,,,,,,,,,,,"Compute Optimized",,"Yes","Yes","Yes","OnDemand","96",,"SQL Web","Intel AVX; Intel AVX2; Intel AVX512; Intel Turbo; Intel AMX",,"eu-west-3",,"Amazon Elastic Compute Cloud",,,,"true"
"WAYP3QCX8KQZKJRZ","CUZHX8X6JH","WAYP3QCX8KQZKJRZ.CUZHX8X6JH.2TG2D8R56U","Reserved","Upfront Fee","2026-10-08",,,"Quantity","21315","USD",,"1yr","Partial Upfront","convertible","Compute Instance","AmazonEC2","EU (Paris)","AWS Region","c7i.12xlarge","Yes","Compute optimized","48","Intel Xeon Scalable (Sapphire Rapids)","3.2 GHz","96 GiB","EBS only","18750 Megabit","64-bit",,,,,,,,"Shared","Windows","No License required",,,,"EUW3-BoxUsage:c7i.12xlarge","RunInstances:0202","NA","Used","false","15000 Mbps","15000 Mbps","NA","Yes",,"NA",,,,,,,,,,,,,,"Compute Optimized",,"Yes","Yes","Yes","OnDemand","96",,"SQL Web","Intel AVX; Intel AVX2; Intel AVX512; Intel Turbo; Intel AMX",,"eu-west-3",,"Amazon Elastic Compute Cloud",,,,"true"
"WAYP3QCX8KQZKJRZ","HU7G6KETJZ","WAYP3QCX8KQZKJRZ.HU7G6KETJZ.6YS6EN2CT7","Reserved","Windows with SQL Server Web (Amazon VPC), c7i.12xlarge reserved instance applied","2026-10-08","0","Inf","Hrs","2.3097000000","USD",,"1yr","Partial Upfront","standard","Compute Instance","AmazonEC2","EU (Paris)","AWS Region","c7i.12xlarge","Yes","Compute optimized","48","Intel Xeon Scalable (Sapphire Rapids)","3.2 GHz","96 GiB","EBS only","18750 Megabit","64-bit",,,,,,,,"Shared","Windows","No License required",,,,"EUW3-BoxUsage:c7i.12xlarge","RunInstances:0202","NA","Used","false","15000 Mbps","15000 Mbps","NA","Yes",,"NA",,,,,,,,,,,,,,"Compute Optimized",,"Yes","Yes","Yes","OnDemand","96",,"SQL Web","Intel AVX; Intel AVX2; Intel AVX512; Intel Turbo; Intel AMX",,"eu-west-3",,"Amazon Elastic Compute Cloud",,,,"true"
"WAYP3QCX8KQZKJRZ","HU7G6KETJZ","WAYP3QCX8KQZKJRZ.HU7G6KETJZ.2TG2D8R56U","Reserved","Upfront Fee","2026-10-08",,,"Quantity","20233","USD",,"1yr","Partial Upfront","standard","Compute Instance","AmazonEC2","EU (Paris)","AWS Region","c7i.12xlarge","Yes","Compute optimized","48","Intel Xeon Scalable (Sapphire Rapids)","3.2 GHz","96 GiB","EBS only","18750 Megabit","64-bit",,,,,,,,"Shared","Windows","No License required",,,,"EUW3-BoxUsage:c7i.12xlarge","RunInstances:0202","NA","Used","false","15000 Mbps","15000 Mbps","NA","Yes",,"NA",,,,,,,,,,,,,,"Compute Optimized",,"Yes","Yes","Yes","OnDemand","96",,"SQL Web","Intel AVX; Intel AVX2; Intel AVX512; Intel Turbo; Intel AMX",,"eu-west-3",,"Amazon Elastic Compute Cloud",,,,"true"
"WAYP3QCX8KQZKJRZ","JRTCKXETXF","WAYP3QCX8KQZKJRZ.JRTCKXETXF.6YS6EN2CT7","OnDemand","$5.5644 per On Demand Windows with SQL Web c7i.12xlarge Instance Hour","2026-10-01","0","Inf","Hrs","5.5644000000","USD",,,,,"Compute Instance","AmazonEC2","EU (Paris)","AWS Region","c7i.12xlarge","Yes","Compute optimized","48","Intel Xeon Scalable (Sapphire Rapids)","3.2 GHz","96 GiB","EBS only","18750 Megabit","64-bit",,,,,,,,"Shared","Windows","No License required",,,,"EUW3-BoxUsage:c7i.12xlarge","RunInstances:0202","NA","Used","false","15000 Mbps","15000 Mbps","NA","Yes",,"NA",,,,,,,,,,,,,,"Compute Optimized",,"Yes","Yes","Yes","OnDemand","96",,"SQL Web","Intel AVX; Intel AVX2; Intel AVX512; Intel Turbo; Intel AMX",,"eu-west-3",,"Amazon Elastic Compute Cloud",,,,"true"
"WAYP3QCX8KQZKJRZ","MZU6U2429S","WAYP3QCX8KQZKJRZ.MZU6U2429S.6YS6EN2CT7","Reserved","USD 0.0 per Windows with SQL Server Web (Amazon VPC), c7i.12xlarge reserved instance applied","2026-10-08","0","Inf","Hrs","0.0000000000","USD",,"3yr","All Upfront","convertible","Compute Instance","AmazonEC2","EU (Paris)","AWS Region","c7i.12xlarge","Yes","Compute optimized","48","Intel Xeon Scalable (Sapphire Rapids)","3.2 GHz","96 GiB","EBS only","18750 Megabit","64-bit",,,,,,,,"Shared","Windows","No License required",,,,"EUW3-BoxUsage:c7i.12xlarge","RunInstances:0202","NA","Used","false","15000 Mbps","15000 Mbps","NA","Yes",,"NA",,,,,,,,,,,,,,"Compute Optimized",,"Yes","Yes","Yes","OnDemand","96",,"SQL Web","Intel AVX; Intel AVX2; Intel AVX512; Intel Turbo; Intel AMX",,"eu-west-3",,"Amazon Elastic Compute Cloud",,,,"true"
"WAYP3QCX8KQZKJRZ","MZU6U2429S","WAYP3QCX8KQZKJRZ.MZU6U2429S.2TG2D8R56U","Reserved","Upfront Fee","2026-10-08",,,"Quantity","111016","USD",,"3yr","All Upfront","convertible","Compute Instance","AmazonEC2","EU (Paris)","AWS Region","c7i.12xlarge","Yes","Compute optimized","48","Intel Xeon Scalable (Sapphire Rapids)","3.2 GHz","96 GiB","EBS only","18750 Megabit","64-bit",,,,,,,,"Shared","Windows","No License required",,,,"EUW3-BoxUsage:c7i.12xlarge","RunInstances:0202","NA","Used","false","15000 Mbps","15000 Mbps","NA","Yes",,"NA",,,,,,,,,,,,,,"Compute Optimized",,"Yes","Yes","Yes","OnDemand","96",,"SQL Web","Intel AVX; Intel AVX2; Intel AVX512; Intel Turbo; Intel AMX",,"eu-west-3",,"Amazon Elastic Compute Cloud",,,,"true"
"WAYP3QCX8KQZKJRZ","NQ3QZPMQV9","WAYP3QCX8KQZKJRZ.NQ3QZPMQV9.6YS6EN2CT7","Reserved","USD 0.0 per Windows with SQL Server Web (Amazon VPC), c7i.12xlarge reserved instance applied","2026-10-08","0","Inf","Hrs","0.0000000000","USD",,"3yr","All Upfront","standard","Compute Instance","AmazonEC2","EU (Paris)","AWS Region","c7i.12xlarge","Yes","Compute optimized","48","Intel Xeon Scalable (Sapphire Rapids)","3.2 GHz","96 GiB","EBS only","18750 Megabit","64-bit",,,,,,,,"Shared","Windows","No License required",,,,"EUW3-BoxUsage:c7i.12xlarge","RunInstances:0202","NA","Used","false","15000 Mbps","15000 Mbps","NA","Yes",,"NA",,,,,,,,,,,,,,"Compute Optimized",,"Yes","Yes","Yes","OnDemand","96",,"SQL Web","Intel AVX; Intel AVX2; Intel AVX512; Intel Turbo; Intel AMX",,"eu-west-3",,"Amazon Elastic Compute Cloud",,,,"true"
"WAYP3QCX8KQZKJRZ","NQ3QZPMQV9","WAYP3QCX8KQZKJRZ.NQ3QZPMQV9.2TG2D8R56U","Reserved","Upfront Fee","2026-10-08",,,"Quantity","105802","USD",,"3yr","All Upfront","standard","Compute Instance","AmazonEC2","EU (Paris)","AWS Region","c7i.12xlarge","Yes","Compute optimized","48","Intel Xeon Scalable (Sapphire Rapids)","3.2 GHz","96 GiB","EBS only","18750 Megabit","64-bit",,,,,,,,"Shared","Windows","No License required",,,,"EUW3-BoxUsage:c7i.12xlarge","RunInstances:0202","NA","Used","false","15000 Mbps","15000 Mbps","NA","Yes",,"NA",,,,,,,,,,,,,,"Compute Optimized",,"Yes","Yes","Yes","OnDemand","96",,"SQL Web","Intel AVX; Intel AVX2; Intel AVX512; Intel Turbo; Intel AMX",,"eu-west-3",,"Amazon Elastic Compute Cloud",,,,"true"
"WAYP3QCX8KQZKJRZ","R5XV2EPZQZ","WAYP3QCX8KQZKJRZ.R5XV2EPZQZ.6YS6EN2CT7","Reserved","Windows with SQL Server Web (Amazon VPC), c7i.12xlarge reserved instance applied","2026-10-08","0","Inf","Hrs","2.1244800000","USD",,"3yr","Partial Upfront","convertible","Compute Instance","AmazonEC2","EU (Paris)","AWS Region","c7i.12xlarge","Yes","Compute optimized","48","Intel Xeon Scalable (Sapphire Rapids)","3.2 GHz","96 GiB","EBS only","18750 Megabit","64-bit",,,,,,,,"Shared","Windows","No License required",,,,"EUW3-BoxUsage:c7i.12xlarge","RunInstances:0202","NA","Used","false","15000 Mbps","15000 Mbps","NA","Yes",,"NA",,,,,,,,,,,,,,"Compute Optimized",,"Yes","Yes","Yes","OnDemand","96",,"SQL Web","Intel AVX; Intel AVX2; Intel AVX512; Intel Turbo; Intel AMX",,"eu-west-3",,"Amazon Elastic Compute Cloud",,,,"true"
"WAYP3QCX8KQZKJRZ","R5XV2EPZQZ","WAYP3QCX8KQZKJRZ.R5XV2EPZQZ.2TG2D8R56U","Reserved","Upfront Fee","2026-10-08",,,"Quantity","55831","USD",,"3yr","Partial Upfront","convertible","Compute Instance","AmazonEC2","EU (Paris)","AWS Region","c7i.12xlarge","Yes","Compute optimized","48","Intel Xeon Scalable (Sapphire Rapids)","3.2 GHz","96 GiB","EBS only","18750 Megabit","64-bit",,,,,,,,"Shared","Windows","No License required",,,,"EUW3-BoxUsage:c7i.12xlarge","RunInstances:0202","NA","Used","false","15000 Mbps","15000 Mbps","NA","Yes",,"NA",,,,,,,,,,,,,,"Compute Optimized",,"Yes","Yes","Yes","OnDemand","96",,"SQL Web","Intel AVX; Intel AVX2; Intel AVX512; Intel Turbo; Intel AMX",,"eu-west-3",,"Amazon Elastic Compute Cloud",,,,"true"
"WAYP3QCX8KQZKJRZ","VJWZNREJX2","WAYP3QCX8KQZKJRZ.VJWZNREJX2.6YS6EN2CT7","Reserved","USD 0.0 per Windows with SQL Server Web (Amazon VPC), c7i.12xlarge reserved instance applied","2026-10-08","0","Inf","Hrs","0.0000000000","USD",,"1yr","All Upfront","convertible","Compute Instance","AmazonEC2","EU (Paris)","AWS Region","c7i.12xlarge","Yes","Compute optimized","48","Intel Xeon Scalable (Sapphire Rapids)","3.2 GHz","96 GiB","EBS only","18750 Megabit","64-bit",,,,,,,,"Shared","Windows","No License required",,,,"EUW3-BoxUsage:c7i.12xlarge","RunInstances:0202","NA","Used","false","15000 Mbps","15000 Mbps","NA","Yes",,"NA",,,,,,,,,,,,,,"Compute Optimized",,"Yes","Yes","Yes","OnDemand","96",,"SQL Web","Intel AVX; Intel AVX2; Intel AVX512; Intel Turbo; Intel AMX",,"eu-west-3",,"Amazon Elastic Compute Cloud",,,,"true"
"WAYP3QCX8KQZKJRZ","VJWZNREJX2","WAYP3QCX8KQZKJRZ.VJWZNREJX2.2TG2D8R56U","Reserved","Upfront Fee","2026-10-08",,,"Quantity","42306","USD",,"1yr","All Upfront","convertible","Compute Instance","AmazonEC2","EU (Paris)","AWS Region","c7i.12xlarge","Yes","Compute optimized","48","Intel Xeon Scalable (Sapphire Rapids)","3.2 GHz","96 GiB","EBS only","18750 Megabit","64-bit",,,,,,,,"Shared","Windows","No License required",,,,"EUW3-BoxUsage:c7i.12xlarge","RunInstances:0202","NA","Used","false","15000 Mbps","15000 Mbps","NA","Yes",,"NA",,,,,,,,,,,,,,"Compute Optimized",,"Yes","Yes","Yes","OnDemand","96",,"SQL Web","Intel AVX; Intel AVX2; Intel AVX512; Intel Turbo; Intel AMX",,"eu-west-3",,"Amazon Elastic Compute Cloud",,,,"true"
"WAYP3QCX8KQZKJRZ","Z2E3P23VKM","WAYP3QCX8KQZKJRZ.Z2E3P23VKM.6YS6EN2CT7","Reserved","Windows with SQL Server Web (Amazon VPC), c7i.12xlarge reserved instance applied","2026-10-08","0","Inf","Hrs","4.3473500000","USD",,"3yr","No Upfront","convertible","Compute Instance","AmazonEC2","EU (Paris)","AWS Region","c7i.12xlarge","Yes","Compute optimized","48","Intel Xeon Scalable (Sapphire Rapids)","3.2 GHz","96 GiB","EBS only","18750 Megabit","64-bit",,,,,,,,"Shared","Windows","No License required",,,,"EUW3-BoxUsage:c7i.12xlarge","RunInstances:0202","NA","Used","false","15000 Mbps","15000 Mbps","NA","Yes",,"NA",,,,,,,,,,,,,,"Compute Optimized",,"Yes","Yes","Yes","OnDemand","96",,"SQL Web","Intel AVX; Intel AVX2; Intel AVX512; Intel Turbo; Intel AMX",,"eu-west-3",,"Amazon Elastic Compute Cloud",,,,"true"
"WDEB399C3CMZGW3H","JRTCKXETXF","WDEB399C3CMZGW3H.JRTCKXETXF.6YS6EN2CT7","OnDemand","$2.5452 per On Demand Windows without licenses c7i.12xlarge Instance Hour","2026-10-01","0","Inf","Hrs","2.5452000000","USD",,,,,"Compute Instance","AmazonEC2","EU (Paris)","AWS Region","c7i.12xlarge","Yes","Compute optimized","48","Intel Xeon Scalable (Sapphire Rapids)","3.2 GHz","96 GiB","EBS only","18750 Megabit","64-bit",,,,,,,,"Shared","Windows","License Included - Infrastructure",,,,"EUW3-BoxUsage:c7i.12xlarge","RunInstances:0002:box","NA","Used","false","15000 Mbps","15000 Mbps","NA","Yes",,"NA",,,,,,,,,,,,,,"Compute Optimized",,"Yes","Yes","Yes","OnDemand","96",,"NA","Intel AVX; Intel AVX2; Intel AVX512; Intel Turbo; Intel AMX",,"eu-west-3",,"Amazon Elastic Compute Cloud",,,,"true"
"WH7BY4U7SSJX6F69","JRTCKXETXF","WH7BY4U7SSJX6F69.JRTCKXETXF.6YS6EN2CT7","OnDemand","$0.00 per Dedicated Reservation RHEL with SQL Standard c8i.12xlarge Instance Hour","2026-10-01","0","Inf","Hrs","0.0000000000","USD",,,,,"Compute Instance","AmazonEC2","EU (Paris)","AWS Region","c8i.12xlarge","Yes","Compute optimized","48","Intel Xeon Scalable (Granite Rapids)","3.9 GHz","96 GiB","EBS only","22500 Megabit","64-bit",,,,,,,,"Dedicated","RHEL","No License required",,,,"EUW3-DedicatedRes:c8i.12xlarge","RunInstances:0014","NA","AllocatedCapacityReservation","false","15000 Mbps","15000 Mbps","NA","Yes",,"NA",,,,,,,,,,,,,,"Compute Optimized","HPGDHQ6NWCHRQTAF","Yes","Yes","Yes","OnDemand","96",,"SQL Std","Intel AVX; Intel AVX2; Intel AVX512; Intel Turbo; Intel AMX",,"eu-west-3",,"Amazon Elastic Compute Cloud",,,,"true"
"WK6SEKNKF9N28XJ8","JRTCKXETXF","WK6SEKNKF9N28XJ8.JRTCKXETXF.6YS6EN2CT7","OnDemand","$4.002 per On Demand RHEL with SQL Web c8i.12xlarge Instance Hour","2026-10-01","0","Inf","Hrs","4.0020000000","USD",,,,,"Compute Instance","AmazonEC2","EU (Paris)","AWS Region","c8i.12xlarge","Yes","Compute optimized","48","Intel Xeon Scalable (Granite Rapids)","3.9 GHz","96 GiB","EBS only","22500 Megabit","64-bit",,,,,,,,"Shared","RHEL","No License required",,,,"EUW3-BoxUsage:c8i.12xlarge","RunInstances:0210","NA","Used","false","15000 Mbps","15000 Mbps","NA","Yes",,"NA",,,,,,,,,,,,,,"Compute Optimized",,"Yes","Yes","Yes","OnDemand","96",,"SQL Web","Intel AVX; Intel AVX2; Intel AVX512; Intel Turbo; Intel AMX",,"eu-west-3",,"Amazon Elastic Compute Cloud",,,,"true"
"WRUSNVMA782KK6G6","JRTCKXETXF","WRUSNVMA782KK6G6.JRTCKXETXF.6YS6EN2CT7","OnDemand","$5.81892 per Dedicated Unused Reservation Windows with SQL Web c7i.12xlarge Instance Hour","2026-10-01","0","Inf","Hrs","5.8189200000","USD",,,,,"Compute Instance","AmazonEC2","EU (Paris)","AWS Region","c7i.12xlarge","Yes","Compute optimized","48","Intel Xeon Scalable (Sapphire Rapids)","3.2 GHz","96 GiB","EBS only","18750 Megabit","64-bit",,,,,,,,"Dedicated","Windows","No License required",,,,"EUW3-UnusedDed:c7i.12xlarge","RunInstances:0202","NA","UnusedCapacityReservation","false","15000 Mbps","15000 Mbps","NA","Yes",,"NA",,,,,,,,,,,,,,"Compute Optimized","K7WGE833RQ5FYGXT","Yes","Yes","Yes","OnDemand","96",,"SQL Web","Intel AVX; Intel AVX2; Intel AVX512; Intel Turbo; Intel AMX",,"eu-west-3",,"Amazon Elastic Compute Cloud",,,,"true"
"WUWN3BQQ87698FRZ","JRTCKXETXF","WUWN3BQQ87698FRZ.JRTCKXETXF.6YS6EN2CT7","OnDemand","$0.00 per Reservation Linux with SQL Server Enterprise c7i.12xlarge Instance Hour","2026-10-01","0","Inf","Hrs","0.0000000000","USD",,,,,"Compute Instance","AmazonEC2","EU (Paris)","AWS Region","c7i.12xlarge","Yes","Compute optimized","48","Intel Xeon Scalable (Sapphire Rapids)","3.2 GHz","96 GiB","EBS only","18750 Megabit","64-bit",,,,,,,,"Shared","Linux","No License required",,,,"EUW3-Reservation:c7i.12xlarge","RunInstances:0100","NA","AllocatedCapacityReservation","false","15000 Mbps","15000 Mbps","NA","Yes",,"NA",,,,,,,,,,,,,,"Compute Optimized","V5DRQD4UGBJJ4FYE","Yes","Yes","Yes","OnDemand","96",,"SQL Ent","Intel AVX; Intel AVX2; Intel AVX512; Intel Turbo; Intel AMX",,"eu-west-3",,"Amazon Elastic Compute Cloud",,,,"true"
"WUXZS5MTQGGFQJR4","JRTCKXETXF","WUXZS5MTQGGFQJR4.JRTCKXETXF.6YS6EN2CT7","OnDemand","$8.8236 per On Demand RHEL with SQL Standard c7i.12xlarge Instance Hour","2026-10-01","0","Inf","Hrs","8.8236000000","USD",,,,,"Compute Instance","AmazonEC2","EU (Paris)","AWS Region","c7i.12xlarge","Yes","Compute optimized","48","Intel Xeon Scalable (Sapphire Rapids)","3.2 GHz","96 GiB","EBS only","18750 Megabit","64-bit",,,,,,,,"Shared","RHEL","No License required",,,,"EUW3-BoxUsage:c7i.12xlarge","RunInstances:0014","NA","Used","false","15000 Mbps","15000 Mbps","NA","Yes",,"NA",,,,,,,,,,,,,,"Compute Optimized",,"Yes","Yes","Yes","OnDemand","96",,"SQL Std","Intel AVX; Intel AVX2; Intel AVX512; Intel Turbo; Intel AMX",,"eu-west-3",,"Amazon Elastic Compute Cloud",,,,"true"
"WVBESWWX2VZDXT4S","JRTCKXETXF","WVBESWWX2VZDXT4S.JRTCKXETXF.6YS6EN2CT7","OnDemand","$0.00 per Linux c7i.12xlarge Dedicated Host Instance hour","2026-10-01","0","Inf","Hrs","0.0000000000","USD",,,,,"Compute Instance","AmazonEC2","EU (Paris)","AWS Region","c7i.12xlarge","Yes","Compute optimized","48","Intel Xeon Scalable (Sapphire Rapids)","3.2 GHz","96 GiB","EBS only","18750 Megabit","64-bit",,,,,,,,"Host","Linux","No License required",,,,"EUW3-HostBoxUsage:c7i.12xlarge","RunInstances","NA","Used","false","15000 Mbps","15000 Mbps","NA","Yes",,"NA",,,,,,,,,,,,,,"Compute Optimized",,"Yes","Yes","Yes","OnDemand","96",,"NA","Intel AVX; Intel AVX2; Intel AVX512; Intel Turbo; Intel AMX",,"eu-west-3",,"Amazon Elastic Compute Cloud",,,,"true"
"WXHSBA5SV9ZAQQM5","JRTCKXETXF","WXHSBA5SV9ZAQQM5.JRTCKXETXF.6YS6EN2CT7","OnDemand","$2.6724 per On Demand Windows without licenses c8i.12xlarge Instance Hour","2026-10-01","0","Inf","Hrs","2.6724000000","USD",,,,,"Compute Instance","AmazonEC2","EU (Paris)","AWS Region","c8i.12xlarge","Yes","Compute optimized","48","Intel Xeon Scalable (Granite Rapids)","3.9 GHz","96 GiB","EBS only","22500 Megabit","64-bit",,,,,,,,"Shared","Windows","License Included - Infrastructure",,,,"EUW3-BoxUsage:c8i.12xlarge","RunInstances:0002:box","NA","Used","false","15000 Mbps","15000 Mbps","NA","Yes",,"NA",,,,,,,,,,,,,,"Compute Optimized",,"Yes","Yes","Yes","OnDemand","96",,"NA","Intel AVX; Intel AVX2; Intel AVX512; Intel Turbo; Intel AMX",,"eu-west-3",,"Amazon Elastic Compute Cloud",,,,"true"
"WXKRUVX5XTKQY984","JRTCKXETXF","WXKRUVX5XTKQY984.JRTCKXETXF.6YS6EN2CT7","OnDemand","$5.14764 per Dedicated Unused Reservation Windows c8i.12xlarge Instance Hour","2026-10-01","0","Inf","Hrs","5.1476400000","USD",,,,,"Compute Instance","AmazonEC2","EU (Paris)","AWS Region","c8i.12xlarge","Yes","Compute optimized","48","Intel Xeon Scalable (Granite Rapids)","3.9 GHz","96 GiB","EBS only","22500 Megabit","64-bit",,,,,,,,"Dedicated","Windows","No License required",,,,"EUW3-UnusedDed:c8i.12xlarge","RunInstances:0002","NA","UnusedCapacityReservation","false","15000 Mbps","15000 Mbps","NA","Yes",,"NA",,,,,,,,,,,,,,"Compute Optimized","M76XTQ5JD3X8Y929","Yes","Yes","Yes","OnDemand","96",,"NA","Intel AVX; Intel AVX2; Intel AVX512; Intel Turbo; Intel AMX",,"eu-west-3",,"Amazon Elastic Compute Cloud",,,,"true"
"X4CPSGBHEKWC29UC","JRTCKXETXF","X4CPSGBHEKWC29UC.JRTCKXETXF.6YS6EN2CT7","OnDemand","$14.0424 per On Demand RHEL with SQL Server Enterprise c7i.8xlarge Instance Hour","2026-10-01","0","Inf","Hrs","14.0424000000","USD",,,,,"Compute Instance","AmazonEC2","EU (Paris)","AWS Region","c7i.8xlarge","Yes","Compute optimized","32","Intel Xeon Scalable (Sapphire Rapids)","3.2 GHz","64 GiB","EBS only","12500 Megabit","64-bit",,,,,,,,"Shared","RHEL","No License required",,,,"EUW3-BoxUsage:c7i.8xlarge","RunInstances:0110","NA","Used","false","10000 Mbps","10000 Mbps","NA","Yes",,"NA",,,,,,,,,,,,,,"Compute Optimized",,"Yes","Yes","Yes","OnDemand","64",,"SQL Ent","Intel AVX; Intel AVX2; Intel AVX512; Intel Turbo; Intel AMX",,"eu-west-3",,"Amazon Elastic Compute Cloud",,,,"true"
"X67X94V9EWDKFHAB","JRTCKXETXF","X67X94V9EWDKFHAB.JRTCKXETXF.6YS6EN2CT7","OnDemand","$0.00 per Reservation RHEL with HA and SQL Standard c7i.12xlarge Instance Hour","2026-10-01","0","Inf","Hrs","0.0000000000","USD",,,,,"Compute Instance","AmazonEC2","EU (Paris)","AWS Region","c7i.12xlarge","Yes","Compute optimized","48","Intel Xeon Scalable (Sapphire Rapids)","3.2 GHz","96 GiB","EBS only","18750 Megabit","64-bit",,,,,,,,"Shared","Red Hat Enterprise Linux with HA","No License required",,,,"EUW3-Reservation:c7i.12xlarge","RunInstances:1014","NA","AllocatedCapacityReservation","false","15000 Mbps","15000 Mbps","NA","Yes",,"NA",,,,,,,,,,,,,,"Compute Optimized","5VDTTEXPZA7H89D7","Yes","Yes","Yes","OnDemand","96",,"SQL Std","Intel AVX; Intel AVX2; Intel AVX512; Intel Turbo; Intel AMX",,"eu-west-3",,"Amazon Elastic Compute Cloud",,,,"true"
"XACAU2GZSDZRQEV3","JRTCKXETXF","XACAU2GZSDZRQEV3.JRTCKXETXF.6YS6EN2CT7","OnDemand","$0.00 per Dedicated Reservation Linux with SQL Server Enterprise c7i.8xlarge Instance Hour","2026-10-01","0","Inf","Hrs","0.0000000000","USD",,,,,"Compute Instance","AmazonEC2","EU (Paris)","AWS Region","c7i.8xlarge","Yes","Compute optimized","32","Intel Xeon Scalable (Sapphire Rapids)","3.2 GHz","64 GiB","EBS only","12500 Megabit","64-bit",,,,,,,,"Dedicated","Linux","No License required",,,,"EUW3-DedicatedRes:c7i.8xlarge","RunInstances:0100","NA","AllocatedCapacityReservation","false","10000 Mbps","10000 Mbps","NA","Yes",,"NA",,,,,,,,,,,,,,"Compute Optimized","EZB629WAWFM82UQH","Yes","Yes","Yes","OnDemand","64",,"SQL Ent","Intel AVX; Intel AVX2; Intel AVX512; Intel Turbo; Intel AMX",,"eu-west-3",,"Amazon Elastic Compute Cloud",,,,"true"
"XHYXFYFRJP32EJUQ","JRTCKXETXF","XHYXFYFRJP32EJUQ.JRTCKXETXF.6YS6EN2CT7","OnDemand","$0.00 per Reservation Linux with SQL Server Enterprise c8i.12xlarge Instance Hour","2026-10-01","0","Inf","Hrs","0.0000000000","USD",,,,,"Compute Instance","AmazonEC2","EU (Paris)","AWS Region","c8i.12xlarge","Yes","Compute optimized","48","Intel Xeon Scalable (Granite Rapids)","3.9 GHz","96 GiB","EBS only","22500 Megabit","64-bit",,,,,,,,"Shared","Linux","No License required",,,,"EUW3-Reservation:c8i.12xlarge","RunInstances:0100","NA","AllocatedCapacityReservation","false","15000 Mbps","15000 Mbps","NA","Yes",,"NA",,,,,,,,,,,,,,"Compute Optimized","UQMJU9KUW9EX77WQ","Yes","Yes","Yes","OnDemand","96",,"SQL Ent","Intel AVX; Intel AVX2; Intel AVX512; Intel Turbo; Intel AMX",,"eu-west-3",,"Amazon Elastic Compute Cloud",,,,"true"
"XKAVAJUZKY6P3RPB","JRTCKXETXF","XKAVAJUZKY6P3RPB.JRTCKXETXF.6YS6EN2CT7","OnDemand","$0.00 per Dedicated Reservation RHEL with SQL Standard c7i.8xlarge Instance Hour","2026-10-01","0","Inf","Hrs","0.0000000000","USD",,,,,"Compute Instance","AmazonEC2","EU (Paris)","AWS Region","c7i.8xlarge","Yes","Compute optimized","32","Intel Xeon Scalable (Sapphire Rapids)","3.2 GHz","64 GiB","EBS only","12500 Megabit","64-bit",,,,,,,,"Dedicated","RHEL","No License required",,,,"EUW3-DedicatedRes:c7i.8xlarge","RunInstances:0014","NA","AllocatedCapacityReservation","false","10000 Mbps","10000 Mbps","NA","Yes",,"NA",,,,,,,,,,,,,,"Compute Optimized","5YSQKRU8SSXJTCYT","Yes","Yes","Yes","OnDemand","64",,"SQL Std","Intel AVX; Intel AVX2; Intel AVX512; Intel Turbo; Intel AMX",,"eu-west-3",,"Amazon Elastic Compute Cloud",,,,"true"
"XMH8ZHTZZFRTXCHG","JRTCKXETXF","XMH8ZHTZZFRTXCHG.JRTCKXETXF.6YS6EN2CT7","OnDemand","$2.6724 per On Demand Windows BYOL c8i.12xlarge Instance Hour","2026-10-01","0","Inf","Hrs","2.6724000000","USD",,,,,"Compute Instance","AmazonEC2","EU (Paris)","AWS Region","c8i.12xlarge","Yes","Compute optimized","48","Intel Xeon Scalable (Granite Rapids)","3.9 GHz","96 GiB","EBS only","22500 Megabit","64-bit",,,,,,,,"Shared","Windows","Bring your own license",,,,"EUW3-BoxUsage:c8i.12xlarge","RunInstances:0800","NA","Used","false","15000 Mbps","15000 Mbps","NA","Yes",,"NA",,,,,,,,,,,,,,"Compute Optimized",,"Yes","Yes","Yes","OnDemand","96",,"NA","Intel AVX; Intel AVX2; Intel AVX512; Intel Turbo; Intel AMX",,"eu-west-3",,"Amazon Elastic Compute Cloud",,,,"true"
"XMU3KWRHUMUH6BES","JRTCKXETXF","XMU3KWRHUMUH6BES.JRTCKXETXF.6YS6EN2CT7","OnDemand","$21.1908 per On Demand RHEL with SQL Server Enterprise c8i.12xlarge Instance Hour","2026-10-01","0","Inf","Hrs","21.1908000000","USD",,,,,"Compute Instance","AmazonEC2","EU (Paris)","AWS Region","c8i.12xlarge","Yes","Compute optimized","48","Intel Xeon Scalable (Granite Rapids)","3.9 GHz","96 GiB","EBS only","22500 Megabit","64-bit",,,,,,,,"Shared","RHEL","No License required",,,,"EUW3-BoxUsage:c8i.12xlarge","RunInstances:0110","NA","Used","false","15000 Mbps","15000 Mbps","NA","Yes",,"NA",,,,,,,,,,,,,,"Compute Optimized",,"Yes","Yes","Yes","OnDemand","96",,"SQL Ent","Intel AVX; Intel AVX2; Intel AVX512; Intel Turbo; Intel AMX",,"eu-west-3",,"Amazon Elastic Compute Cloud",,,,"true"
"XQZDRA7AMHGRSCK2","JRTCKXETXF","XQZDRA7AMHGRSCK2.JRTCKXETXF.6YS6EN2CT7","OnDemand","$2.40728 per Dedicated Unused Reservation Linux with SQL Web c7i.8xlarge Instance Hour","2026-10-01","0","Inf","Hrs","2.4072800000","USD",,,,,"Compute Instance","AmazonEC2","EU (Paris)","AWS Region","c7i.8xlarge","Yes","Compute optimized","32","Intel Xeon Scalable (Sapphire Rapids)","3.2 GHz","64 GiB","EBS only","12500 Megabit","64-bit",,,,,,,,"Dedicated","Linux","No License required",,,,"EUW3-UnusedDed:c7i.8xlarge","RunInstances:0200","NA","UnusedCapacityReservation","false","10000 Mbps","10000 Mbps","NA","Yes",,"NA",,,,,,,,,,,,,,"Compute Optimized","MS3QHKT2PU5TT2CC","Yes","Yes","Yes","OnDemand","64",,"SQL Web","Intel AVX; Intel AVX2; Intel AVX512; Intel Turbo; Intel AMX",,"eu-west-3",,"Amazon Elastic Compute Cloud",,,,"true"
"XTRWR6PP5UF4N9C5","JRTCKXETXF","XTRWR6PP5UF4N9C5.JRTCKXETXF.6YS6EN2CT7","OnDemand","$0.00 per Dedicated Reservation Windows with SQL Std c7i.12xlarge Instance Hour","2026-10-01","0","Inf","Hrs","0.0000000000","USD",,,,,"Compute Instance","AmazonEC2","EU (Paris)","AWS Region","c7i.12xlarge","Yes","Compute optimized","48","Intel Xeon Scalable (Sapphire Rapids)","3.2 GHz","96 GiB","EBS only","18750 Megabit","64-bit",,,,,,,,"Dedicated","Windows","No License required",,,,"EUW3-DedicatedRes:c7i.12xlarge","RunInstances:0006","NA","AllocatedCapacityReservation","false","15000 Mbps","15000 Mbps","NA","Yes",,"NA",,,,,,,,,,,,,,"Compute Optimized","QYY2X7FFNA3YJ3VQ","Yes","Yes","Yes","OnDemand","96",,"SQL Std","Intel AVX; Intel AVX2; Intel AVX512; Intel Turbo; Intel AMX",,"eu-west-3",,"Amazon Elastic Compute Cloud",,,,"true"
"XUUZWPRQPB3M8F34","JRTCKXETXF","XUUZWPRQPB3M8F34.JRTCKXETXF.6YS6EN2CT7","OnDemand","$0.00 per Dedicated Reservation Red Hat Enterprise Linux with HA c7i.12xlarge Instance Hour","2026-10-01","0","Inf","Hrs","0.0000000000","USD",,,,,"Compute Instance","AmazonEC2","EU (Paris)","AWS Region","c7i.12xlarge","Yes","Compute optimized","48","Intel Xeon Scalable (Sapphire Rapids)","3.2 GHz","96 GiB","EBS only","18750 Megabit","64-bit",,,,,,,,"Dedicated","Red Hat Enterprise Linux with HA","No License required",,,,"EUW3-DedicatedRes:c7i.12xlarge","RunInstances:1010","NA","AllocatedCapacityReservation","false","15000 Mbps","15000 Mbps","NA","Yes",,"NA",,,,,,,,,,,,,,"Compute Optimized","EZ9RTJSNUU2ECB74","Yes","Yes","Yes","OnDemand","96",,"NA","Intel AVX; Intel AVX2; Intel AVX512; Intel Turbo; Intel AMX",,"eu-west-3",,"Amazon Elastic Compute Cloud",,,,"true"
"XXTAAKQS8P7FXPH3","JRTCKXETXF","XXTAAKQS8P7FXPH3.JRTCKXETXF.6YS6EN2CT7","OnDemand","$21.7356 per Unused Reservation RHEL with HA and SQL Enterprise c7i.12xlarge Instance Hour","2026-10-01","0","Inf","Hrs","21.7356000000","USD",,,,,"Compute Instance","AmazonEC2","EU (Paris)","AWS Region","c7i.12xlarge","Yes","Compute optimized","48","Intel Xeon Scalable (Sapphire Rapids)","3.2 GHz","96 GiB","EBS only","18750 Megabit","64-bit",,,,,,,,"Shared","Red Hat Enterprise Linux with HA","No License required",,,,"EUW3-UnusedBox:c7i.12xlarge","RunInstances:1110","NA","UnusedCapacityReservation","false","15000 Mbps","15000 Mbps","NA","Yes",,"NA",,,,,,,,,,,,,,"Compute Optimized","EMSXUME8GEHM69GF","Yes","Yes","Yes","OnDemand","96",,"SQL Ent","Intel AVX; Intel AVX2; Intel AVX512; Intel Turbo; Intel AMX",,"eu-west-3",,"Amazon Elastic Compute Cloud",,,,"true"
"YB3FXT7AGDDPUSC9","JRTCKXETXF","YB3FXT7AGDDPUSC9.JRTCKXETXF.6YS6EN2CT7","OnDemand","$0.00 per Reservation Windows with SQL Std c7i.8xlarge Instance Hour","2026-10-01","0","Inf","Hrs","0.0000000000","USD",,,,,"Compute Instance","AmazonEC2","EU (Paris)","AWS Region","c7i.8xlarge","Yes","Compute optimized","32","Intel Xeon Scalable (Sapphire Rapids)","3.2 GHz","64 GiB","EBS only","12500 Megabit","64-bit",,,,,,,,"Shared","Windows","No License required",,,,"EUW3-Reservation:c7i.8xlarge","RunInstances:0006","NA","AllocatedCapacityReservation","false","10000 Mbps","10000 Mbps","NA","Yes",,"NA",,,,,,,,,,,,,,"Compute Optimized","3MPSG8YTG829UA99","Yes","Yes","Yes","OnDemand","64",,"SQL Std","Intel AVX; Intel AVX2; Intel AVX512; Intel Turbo; Intel AMX",,"eu-west-3",,"Amazon Elastic Compute Cloud",,,,"true"
"YB7V9CZ234JWR5BK","JRTCKXETXF","YB7V9CZ234JWR5BK.JRTCKXETXF.6YS6EN2CT7","OnDemand","$23.00772 per Dedicated Unused Reservation Windows with SQL Server Enterprise c7i.12xlarge Instance Hour","2026-10-01","0","Inf","Hrs","23.0077200000","USD",,,,,"Compute Instance","AmazonEC2","EU (Paris)","AWS Region","c7i.12xlarge","Yes","Compute optimized","48","Intel Xeon Scalable (Sapphire Rapids)","3.2 GHz","96 GiB","EBS only","18750 Megabit","64-bit",,,,,,,,"Dedicated","Windows","No License required",,,,"EUW3-UnusedDed:c7i.12xlarge","RunInstances:0102","NA","UnusedCapacityReservation","false","15000 Mbps","15000 Mbps","NA","Yes",,"NA",,,,,,,,,,,,,,"Compute Optimized","THEZJ2M7SSN54JKM","Yes","Yes","Yes","OnDemand","96",,"SQL Ent","Intel AVX; Intel AVX2; Intel AVX512; Intel Turbo; Intel AMX",,"eu-west-3",,"Amazon Elastic Compute Cloud",,,,"true"
"YCDB2YCNXJW5RY2K","JRTCKXETXF","YCDB2YCNXJW5RY2K.JRTCKXETXF.6YS6EN2CT7","OnDemand","$0.00 per Dedicated Reservation Ubuntu Pro c7i.8xlarge Instance Hour","2026-10-01","0","Inf","Hrs","0.0000000000","USD",,,,,"Compute Instance","AmazonEC2","EU (Paris)","AWS Region","c7i.8xlarge","Yes","Compute optimized","32","Intel Xeon Scalable (Sapphire Rapids)","3.2 GHz","64 GiB","EBS only","12500 Megabit","64-bit",,,,,,,,"Dedicated","Ubuntu Pro","No License required",,,,"EUW3-DedicatedRes:c7i.8xlarge","RunInstances:0g00","NA","AllocatedCapacityReservation","false","10000 Mbps","10000 Mbps","NA","Yes",,"NA",,,,,,,,,,,,,,"Compute Optimized","VEZ5XUDKUB7XNDMS","Yes","Yes","Yes","OnDemand","64",,"NA","Intel AVX; Intel AVX2; Intel AVX512; Intel Turbo; Intel AMX",,"eu-west-3",,"Amazon Elastic Compute Cloud",,,,"true"
"YEC8U2G7B2YT89UX","JRTCKXETXF","YEC8U2G7B2YT89UX.JRTCKXETXF.6YS6EN2CT7","OnDemand","$0.00 per Windows BYOL c7i.12xlarge Dedicated Host Instance hour","2026-10-01","0","Inf","Hrs","0.0000000000","USD",,,,,"Compute Instance","AmazonEC2","EU (Paris)","AWS Region","c7i.12xlarge","Yes","Compute optimized","48","Intel Xeon Scalable (Sapphire Rapids)","3.2 GHz","96 GiB","EBS only","18750 Megabit","64-bit",,,,,,,,"Host","Windows","Bring your own license",,,,"EUW3-HostBoxUsage:c7i.12xlarge","RunInstances:0800","NA","Used","false","15000 Mbps","15000 Mbps","NA","Yes",,"NA",,,,,,,,,,,,,,"Compute Optimized",,"Yes","Yes","Yes","OnDemand","96",,"NA","Intel AVX; Intel AVX2; Intel AVX512; Intel Turbo; Intel AMX",,"eu-west-3",,"Amazon Elastic Compute Cloud",,,,"true"
"YGUP9D8JPJ26B26R","JRTCKXETXF","YGUP9D8JPJ26B26R.JRTCKXETXF.6YS6EN2CT7","OnDemand","$0.00 per SUSE c8i.12xlarge Dedicated Host Instance hour","2026-10-01","0","Inf","Hrs","0.0000000000","USD",,,,,"Compute Instance","AmazonEC2","EU (Paris)","AWS Region","c8i.12xlarge","Yes","Compute optimized","48","Intel Xeon Scalable (Granite Rapids)","3.9 GHz","96 GiB","EBS only","22500 Megabit","64-bit",,,,,,,,"Host","SUSE","No License required",,,,"EUW3-HostBoxUsage:c8i.12xlarge","RunInstances:000g","NA","Used","false","15000 Mbps","15000 Mbps","NA","Yes",,"NA",,,,,,,,,,,,,,"Compute Optimized",,"Yes","Yes","Yes","OnDemand","96",,"NA","Intel AVX; Intel AVX2; Intel AVX512; Intel Turbo; Intel AMX",,"eu-west-3",,"Amazon Elastic Compute Cloud",,,,"true"
"YQ9455AZ8V2NNAXH","JRTCKXETXF","YQ9455AZ8V2NNAXH.JRTCKXETXF.6YS6EN2CT7","OnDemand","$0.00 per Reservation Windows with SQL Std c7i.12xlarge Instance Hour","2026-10-01","0","Inf","Hrs","0.0000000000","USD",,,,,"Compute Instance","AmazonEC2","EU (Paris)","AWS Region","c7i.12xlarge","Yes","Compute optimized","48","Intel Xeon Scalable (Sapphire Rapids)","3.2 GHz","96 GiB","EBS only","18750 Megabit","64-bit",,,,,,,,"Shared","Windows","No License required",,,,"EUW3-Reservation:c7i.12xlarge","RunInstances:0006","NA","AllocatedCapacityReservation","false","15000 Mbps","15000 Mbps","NA","Yes",,"NA",,,,,,,,,,,,,,"Compute Optimized","2C5R9S4BDX7RW9WM","Yes","Yes","Yes","OnDemand","96",,"SQL Std","Intel AVX; Intel AVX2; Intel AVX512; Intel Turbo; Intel AMX",,"eu-west-3",,"Amazon Elastic Compute Cloud",,,,"true"
"YTHATRFNS5Y2HGJM","JRTCKXETXF","YTHATRFNS5Y2HGJM.JRTCKXETXF.6YS6EN2CT7","OnDemand","$0.00 per Dedicated Reservation Windows c8i.12xlarge Instance Hour","2026-10-01","0","Inf","Hrs","0.0000000000","USD",,,,,"Compute Instance","AmazonEC2","EU (Paris)","AWS Region","c8i.12xlarge","Yes","Compute optimized","48","Intel Xeon Scalable (Granite Rapids)","3.9 GHz","96 GiB","EBS only","22500 Megabit","64-bit",,,,,,,,"Dedicated","Windows","No License required",,,,"EUW3-DedicatedRes:c8i.12xlarge","RunInstances:0002","NA","AllocatedCapacityReservation","false","15000 Mbps","15000 Mbps","NA","Yes",,"NA",,,,,,,,,,,,,,"Compute Optimized","M76XTQ5JD3X8Y929","Yes","Yes","Yes","OnDemand","96",,"NA","Intel AVX; Intel AVX2; Intel AVX512; Intel Turbo; Intel AMX",,"eu-west-3",,"Amazon Elastic Compute Cloud",,,,"true"
"Z2NC4E8MDBPH7XCK","JRTCKXETXF","Z2NC4E8MDBPH7XCK.JRTCKXETXF.6YS6EN2CT7","OnDemand","$10.90764 per Dedicated Windows with SQL Std c8i.12xlarge Instance Hour","2026-10-01","0","Inf","Hrs","10.9076400000","USD",,,,,"Compute Instance","AmazonEC2","EU (Paris)","AWS Region","c8i.12xlarge","Yes","Compute optimized","48","Intel Xeon Scalable (Granite Rapids)","3.9 GHz","96 GiB","EBS only","22500 Megabit","64-bit",,,,,,,,"Dedicated","Windows","No License required",,,,"EUW3-DedicatedUsage:c8i.12xlarge","RunInstances:0006","NA","Used","false","15000 Mbps","15000 Mbps","NA","Yes",,"NA",,,,,,,,,,,,,,"Compute Optimized",,"Yes","Yes","Yes","OnDemand","96",,"SQL Std","Intel AVX; Intel AVX2; Intel AVX512; Intel Turbo; Intel AMX",,"eu-west-3",,"Amazon Elastic Compute Cloud",,,,"true"
"Z2NY3YEUQMYEXWR6","JRTCKXETXF","Z2NY3YEUQMYEXWR6.JRTCKXETXF.6YS6EN2CT7","OnDemand","$14.4904 per Unused Reservation RHEL with HA and SQL Enterprise c7i.8xlarge Instance Hour","2026-10-01","0","Inf","Hrs","14.4904000000","USD",,,,,"Compute Instance","AmazonEC2","EU (Paris)","AWS Region","c7i.8xlarge","Yes","Compute optimized","32","Intel Xeon Scalable (Sapphire Rapids)","3.2 GHz","64 GiB","EBS only","12500 Megabit","64-bit",,,,,,,,"Shared","Red Hat Enterprise Linux with HA","No License required",,,,"EUW3-UnusedBox:c7i.8xlarge","RunInstances:1110","NA","UnusedCapacityReservation","false","10000 Mbps","10000 Mbps","NA","Yes",,"NA",,,,,,,,,,,,,,"Compute Optimized","ZBK6GHJGTMNPBWJX","Yes","Yes","Yes","OnDemand","64",,"SQL Ent","Intel AVX; Intel AVX2; Intel AVX512; Intel Turbo; Intel AMX",,"eu-west-3",,"Amazon Elastic Compute Cloud",,,,"true"
"Z33DZ2M2Y72D58XT","JRTCKXETXF","Z33DZ2M2Y72D58XT.JRTCKXETXF.6YS6EN2CT7","OnDemand","$1.6968 per On Demand Windows with SQL Web without licenses c7i.8xlarge Instance Hour","2026-10-01","0","Inf","Hrs","1.6968000000","USD",,,,,"Compute Instance","AmazonEC2","EU (Paris)","AWS Region","c7i.8xlarge","Yes","Compute optimized","32","Intel Xeon Scalable (Sapphire Rapids)","3.2 GHz","64 GiB","EBS only","12500 Megabit","64-bit",,,,,,,,"Shared","Windows","License Included - Infrastructure",,,,"EUW3-BoxUsage:c7i.8xlarge","RunInstances:0202:box","NA","Used","false","10000 Mbps","10000 Mbps","NA","Yes",,"NA",,,,,,,,,,,,,,"Compute Optimized",,"Yes","Yes","Yes","OnDemand","64",,"SQL Web","Intel AVX; Intel AVX2; Intel AVX512; Intel Turbo; Intel AMX",,"eu-west-3",,"Amazon Elastic Compute Cloud",,,,"true"
"Z4AAG99K4USG6KME","JRTCKXETXF","Z4AAG99K4USG6KME.JRTCKXETXF.6YS6EN2CT7","OnDemand","$0.00 per Linux with SQL Std c7i.8xlarge Dedicated Host Instance hour","2026-10-01","0","Inf","Hrs","0.0000000000","USD",,,,,"Compute Instance","AmazonEC2","EU (Paris)","AWS Region","c7i.8xlarge","Yes","Compute optimized","32","Intel Xeon Scalable (Sapphire Rapids)","3.2 GHz","64 GiB","EBS only","12500 Megabit","64-bit",,,,,,,,"Host","Linux","No License required",,,,"EUW3-HostBoxUsage:c7i.8xlarge","RunInstances:0004","NA","Used","false","10000 Mbps","10000 Mbps","NA","Yes",,"NA",,,,,,,,,,,,,,"Compute Optimized",,"Yes","Yes","Yes","OnDemand","64",,"SQL Std","Intel AVX; Intel AVX2; Intel AVX512; Intel Turbo; Intel AMX",,"eu-west-3",,"Amazon Elastic Compute Cloud",,,,"true"
"Z7VAS387TJ9YABTR","JRTCKXETXF","Z7VAS387TJ9YABTR.JRTCKXETXF.6YS6EN2CT7","OnDemand","$10.90764 per Dedicated Unused Reservation Windows with SQL Std c8i.12xlarge Instance Hour","2026-10-01","0","Inf","Hrs","10.9076400000","USD",,,,,"Compute Instance","AmazonEC2","EU (Paris)","AWS Region","c8i.12xlarge","Yes","Compute optimized","48","Intel Xeon Scalable (Granite Rapids)","3.9 GHz","96 GiB","EBS only","22500 Megabit","64-bit",,,,,,,,"Dedicated","Windows","No License required",,,,"EUW3-UnusedDed:c8i.12xlarge","RunInstances:0006","NA","UnusedCapacityReservation","false","15000 Mbps","15000 Mbps","NA","Yes",,"NA",,,,,,,,,,,,,,"Compute Optimized","Z2NC4E8MDBPH7XCK","Yes","Yes","Yes","OnDemand","96",,"SQL Std","Intel AVX; Intel AVX2; Intel AVX512; Intel Turbo; Intel AMX",,"eu-west-3",,"Amazon Elastic Compute Cloud",,,,"true"
"ZBK6GHJGTMNPBWJX","JRTCKXETXF","ZBK6GHJGTMNPBWJX.JRTCKXETXF.6YS6EN2CT7","OnDemand","$14.4904 per On Demand RHEL with HA and SQL Enterprise c7i.8xlarge Instance Hour","2026-10-01","0","Inf","Hrs","14.4904000000","USD",,,,,"Compute Instance","AmazonEC2","EU (Paris)","AWS Region","c7i.8xlarge","Yes","Compute optimized","32","Intel Xeon Scalable (Sapphire Rapids)","3.2 GHz","64 GiB","EBS only","12500 Megabit","64-bit",,,,,,,,"Shared","Red Hat Enterprise Linux with HA","No License required",,,,"EUW3-BoxUsage:c7i.8xlarge","RunInstances:1110","NA","Used","false","10000 Mbps","10000 Mbps","NA","Yes",,"NA",,,,,,,,,,,,,,"Compute Optimized",,"Yes","Yes","Yes","OnDemand","64",,"SQL Ent","Intel AVX; Intel AVX2; Intel AVX512; Intel Turbo; Intel AMX",,"eu-west-3",,"Amazon Elastic Compute Cloud",,,,"true"
"ZENGA3RH4KQH9HS9","JRTCKXETXF","ZENGA3RH4KQH9HS9.JRTCKXETXF.6YS6EN2CT7","OnDemand","$3.7356 per Unused Reservation Red Hat Enterprise Linux with HA c7i.12xlarge Instance Hour","2026-10-01","0","Inf","Hrs","3.7356000000","USD",,,,,"Compute Instance","AmazonEC2","EU (Paris)","AWS Region","c7i.12xlarge","Yes","Compute optimized","48","Intel Xeon Scalable (Sapphire Rapids)","3.2 GHz","96 GiB","EBS only","18750 Megabit","64-bit",,,,,,,,"Shared","Red Hat Enterprise Linux with HA","No License required",,,,"EUW3-UnusedBox:c7i.12xlarge","RunInstances:1010","NA","UnusedCapacityReservation","false","15000 Mbps","15000 Mbps","NA","Yes",,"NA",,,,,,,,,,,,,,"Compute Optimized","7962XDKABNFTK2TZ","Yes","Yes","Yes","OnDemand","96",,"NA","Intel AVX; Intel AVX2; Intel AVX512; Intel Turbo; Intel AMX",,"eu-west-3",,"Amazon Elastic Compute Cloud",,,,"true"
"ZNKTF7FDG38AYTFG","JRTCKXETXF","ZNKTF7FDG38AYTFG.JRTCKXETXF.6YS6EN2CT7","OnDemand","$3.45804 per Dedicated RHEL c8i.12xlarge Instance Hour","2026-10-01","0","Inf","Hrs","3.4580400000","USD",,,,,"Compute Instance","AmazonEC2","EU (Paris)","AWS Region","c8i.12xlarge","Yes","Compute optimized","48","Intel Xeon Scalable (Granite Rapids)","3.9 GHz","96 GiB","EBS only","22500 Megabit","64-bit",,,,,,,,"Dedicated","RHEL","No License required",,,,"EUW3-DedicatedUsage:c8i.12xlarge","RunInstances:0010","NA","Used","false","15000 Mbps","15000 Mbps","NA","Yes",,"NA",,,,,,,,,,,,,,"Compute Optimized",,"Yes","Yes","Yes","OnDemand","96",,"NA","Intel AVX; Intel AVX2; Intel AVX512; Intel Turbo; Intel AMX",,"eu-west-3",,"Amazon Elastic Compute Cloud",,,,"true"
"ZRR7H88QCR7WMSKR","JRTCKXETXF","ZRR7H88QCR7WMSKR.JRTCKXETXF.6YS6EN2CT7","OnDemand","$9.6228 per On Demand RHEL with HA and SQL Standard c8i.12xlarge Instance Hour","2026-10-01","0","Inf","Hrs","9.6228000000","USD",,,,,"Compute Instance","AmazonEC2","EU (Paris)","AWS Region","c8i.12xlarge","Yes","Compute optimized","48","Intel Xeon Scalable (Granite Rapids)","3.9 GHz","96 GiB","EBS only","22500 Megabit","64-bit",,,,,,,,"Shared","Red Hat Enterprise Linux with HA","No License required",,,,"EUW3-BoxUsage:c8i.12xlarge","RunInstances:1014","NA","Used","false","15000 Mbps","15000 Mbps","NA","Yes",,"NA",,,,,,,,,,,,,,"Compute Optimized",,"Yes","Yes","Yes","OnDemand","96",,"SQL Std","Intel AVX; Intel AVX2; Intel AVX512; Intel Turbo; Intel AMX",,"eu-west-3",,"Amazon Elastic Compute Cloud",,,,"true"
